formula,MagpieData minimum Number,MagpieData maximum Number,MagpieData range Number,MagpieData mean Number,MagpieData avg_dev Number,MagpieData mode Number,MagpieData minimum MendeleevNumber,MagpieData maximum MendeleevNumber,MagpieData range MendeleevNumber,MagpieData mean MendeleevNumber,MagpieData avg_dev MendeleevNumber,MagpieData mode MendeleevNumber,MagpieData minimum AtomicWeight,MagpieData maximum AtomicWeight,MagpieData range AtomicWeight,MagpieData mean AtomicWeight,MagpieData avg_dev AtomicWeight,MagpieData mode AtomicWeight,MagpieData minimum MeltingT,MagpieData maximum MeltingT,MagpieData range MeltingT,MagpieData mean MeltingT,MagpieData avg_dev MeltingT,MagpieData mode MeltingT,MagpieData minimum Column,MagpieData maximum Column,MagpieData range Column,MagpieData mean Column,MagpieData avg_dev Column,MagpieData mode Column,MagpieData minimum Row,MagpieData maximum Row,MagpieData range Row,MagpieData mean Row,MagpieData avg_dev Row,MagpieData mode Row,MagpieData minimum CovalentRadius,MagpieData maximum CovalentRadius,MagpieData range CovalentRadius,MagpieData mean CovalentRadius,MagpieData avg_dev CovalentRadius,MagpieData mode CovalentRadius,MagpieData minimum Electronegativity,MagpieData maximum Electronegativity,MagpieData range Electronegativity,MagpieData mean Electronegativity,MagpieData avg_dev Electronegativity,MagpieData mode Electronegativity,MagpieData minimum NsValence,MagpieData maximum NsValence,MagpieData range NsValence,MagpieData mean NsValence,MagpieData avg_dev NsValence,MagpieData mode NsValence,MagpieData minimum NpValence,MagpieData maximum NpValence,MagpieData range NpValence,MagpieData mean NpValence,MagpieData avg_dev NpValence,MagpieData mode NpValence,MagpieData minimum NdValence,MagpieData maximum NdValence,MagpieData range NdValence,MagpieData mean NdValence,MagpieData avg_dev NdValence,MagpieData mode NdValence,MagpieData minimum NfValence,MagpieData maximum NfValence,MagpieData range NfValence,MagpieData mean NfValence,MagpieData avg_dev NfValence,MagpieData mode NfValence,MagpieData minimum NValence,MagpieData maximum NValence,MagpieData range NValence,MagpieData mean NValence,MagpieData avg_dev NValence,MagpieData mode NValence,MagpieData minimum NsUnfilled,MagpieData maximum NsUnfilled,MagpieData range NsUnfilled,MagpieData mean NsUnfilled,MagpieData avg_dev NsUnfilled,MagpieData mode NsUnfilled,MagpieData minimum NpUnfilled,MagpieData maximum NpUnfilled,MagpieData range NpUnfilled,MagpieData mean NpUnfilled,MagpieData avg_dev NpUnfilled,MagpieData mode NpUnfilled,MagpieData minimum NdUnfilled,MagpieData maximum NdUnfilled,MagpieData range NdUnfilled,MagpieData mean NdUnfilled,MagpieData avg_dev NdUnfilled,MagpieData mode NdUnfilled,MagpieData minimum NfUnfilled,MagpieData maximum NfUnfilled,MagpieData range NfUnfilled,MagpieData mean NfUnfilled,MagpieData avg_dev NfUnfilled,MagpieData mode NfUnfilled,MagpieData minimum NUnfilled,MagpieData maximum NUnfilled,MagpieData range NUnfilled,MagpieData mean NUnfilled,MagpieData avg_dev NUnfilled,MagpieData mode NUnfilled,MagpieData minimum GSvolume_pa,MagpieData maximum GSvolume_pa,MagpieData range GSvolume_pa,MagpieData mean GSvolume_pa,MagpieData avg_dev GSvolume_pa,MagpieData mode GSvolume_pa,MagpieData minimum GSbandgap,MagpieData maximum GSbandgap,MagpieData range GSbandgap,MagpieData mean GSbandgap,MagpieData avg_dev GSbandgap,MagpieData mode GSbandgap,MagpieData minimum GSmagmom,MagpieData maximum GSmagmom,MagpieData range GSmagmom,MagpieData mean GSmagmom,MagpieData avg_dev GSmagmom,MagpieData mode GSmagmom,MagpieData minimum SpaceGroupNumber,MagpieData maximum SpaceGroupNumber,MagpieData range SpaceGroupNumber,MagpieData mean SpaceGroupNumber,MagpieData avg_dev SpaceGroupNumber,MagpieData mode SpaceGroupNumber,PCA_X,PCA_Y,Predicted_Stability,Stability_Probability
Rb2MnNiH6,1.0,37.0,36.0,13.3,14.760000000000002,1.0,4.0,92.0,88.0,67.3,29.639999999999997,92.0,1.00794,85.4678,84.45985999999999,29.0614685,33.664234199999996,1.00794,14.01,1728.0,1713.99,395.598,491.1608,14.01,1.0,10.0,9.0,2.5,2.4,1.0,1.0,5.0,4.0,2.4,1.6799999999999997,1.0,31.0,220.0,189.0,88.9,69.47999999999999,31.0,0.82,2.2,1.3800000000000003,1.83,0.46000000000000013,2.2,1.0,2.0,1.0,1.2,0.31999999999999995,1.0,0.0,0.0,0.0,0.0,0.0,0.0,0.0,8.0,8.0,1.3,2.08,0.0,0.0,0.0,0.0,0.0,0.0,0.0,1.0,10.0,9.0,2.5,2.4,1.0,0.0,1.0,1.0,0.8,0.31999999999999995,1.0,0.0,0.0,0.0,0.0,0.0,0.0,0.0,5.0,5.0,0.7,1.1199999999999999,0.0,0.0,0.0,0.0,0.0,0.0,0.0,1.0,5.0,4.0,1.5,0.8,1.0,6.615,90.7225,84.1075,24.19425862069,26.611296551724003,6.615,0.0,7.853,7.853,4.711799999999999,3.7694400000000003,7.853,0.0,0.5953947,0.5953947,0.0595704820689655,0.1071648435862069,0.0,194.0,229.0,35.0,206.4,14.88,194.0,-10.779664234523699,2.008115892564815,1,0.9163087885985749
Rb2NiMnH6,1.0,37.0,36.0,13.3,14.760000000000002,1.0,4.0,92.0,88.0,67.3,29.639999999999997,92.0,1.00794,85.4678,84.45985999999999,29.0614685,33.664234199999996,1.00794,14.01,1728.0,1713.99,395.598,491.1608,14.01,1.0,10.0,9.0,2.5,2.4,1.0,1.0,5.0,4.0,2.4,1.6799999999999997,1.0,31.0,220.0,189.0,88.9,69.47999999999999,31.0,0.82,2.2,1.3800000000000003,1.83,0.46000000000000013,2.2,1.0,2.0,1.0,1.2,0.31999999999999995,1.0,0.0,0.0,0.0,0.0,0.0,0.0,0.0,8.0,8.0,1.3,2.08,0.0,0.0,0.0,0.0,0.0,0.0,0.0,1.0,10.0,9.0,2.5,2.4,1.0,0.0,1.0,1.0,0.8,0.31999999999999995,1.0,0.0,0.0,0.0,0.0,0.0,0.0,0.0,5.0,5.0,0.7,1.1199999999999999,0.0,0.0,0.0,0.0,0.0,0.0,0.0,1.0,5.0,4.0,1.5,0.8,1.0,6.615,90.7225,84.1075,24.19425862069,26.611296551724003,6.615,0.0,7.853,7.853,4.711799999999999,3.7694400000000003,7.853,0.0,0.5953947,0.5953947,0.0595704820689655,0.10716484358620688,0.0,194.0,229.0,35.0,206.4,14.88,194.0,-10.779664234523699,2.0081158925648146,1,0.9163087885985749
Rb2ZnNiH6,1.0,37.0,36.0,13.8,15.360000000000003,1.0,4.0,92.0,88.0,69.0,27.6,92.0,1.00794,85.4678,84.45985999999999,30.105664,34.9172688,1.00794,14.01,1728.0,1713.99,312.966,358.94960000000003,14.01,1.0,12.0,11.0,3.0,3.2,1.0,1.0,5.0,4.0,2.4,1.6799999999999997,1.0,31.0,220.0,189.0,87.2,67.44000000000001,31.0,0.82,2.2,1.3800000000000003,1.8400000000000003,0.446,2.2,1.0,2.0,1.0,1.2,0.31999999999999995,1.0,0.0,0.0,0.0,0.0,0.0,0.0,0.0,10.0,10.0,1.8,2.88,0.0,0.0,0.0,0.0,0.0,0.0,0.0,1.0,12.0,11.0,3.0,3.2,1.0,0.0,1.0,1.0,0.8,0.31999999999999995,1.0,0.0,0.0,0.0,0.0,0.0,0.0,0.0,2.0,2.0,0.2,0.36000000000000004,0.0,0.0,0.0,0.0,0.0,0.0,0.0,0.0,2.0,2.0,1.0,0.2,1.0,6.615,90.7225,84.1075,24.5415,26.4724,6.615,0.0,7.853,7.853,4.711799999999999,3.7694400000000003,7.853,0.0,0.5953947,0.5953947,0.059539470000000004,0.107171046,0.0,194.0,229.0,35.0,204.1,14.139999999999997,194.0,-10.109893173511109,1.7897649596328935,1,0.915210716387848
Rb2NiZnH6,1.0,37.0,36.0,13.8,15.360000000000003,1.0,4.0,92.0,88.0,69.0,27.6,92.0,1.00794,85.4678,84.45985999999999,30.105664,34.9172688,1.00794,14.01,1728.0,1713.99,312.966,358.94960000000003,14.01,1.0,12.0,11.0,3.0,3.2,1.0,1.0,5.0,4.0,2.4,1.6799999999999997,1.0,31.0,220.0,189.0,87.2,67.44000000000001,31.0,0.82,2.2,1.3800000000000003,1.8399999999999999,0.4460000000000003,2.2,1.0,2.0,1.0,1.2,0.31999999999999995,1.0,0.0,0.0,0.0,0.0,0.0,0.0,0.0,10.0,10.0,1.8,2.88,0.0,0.0,0.0,0.0,0.0,0.0,0.0,1.0,12.0,11.0,3.0,3.2,1.0,0.0,1.0,1.0,0.8,0.31999999999999995,1.0,0.0,0.0,0.0,0.0,0.0,0.0,0.0,2.0,2.0,0.2,0.36000000000000004,0.0,0.0,0.0,0.0,0.0,0.0,0.0,0.0,2.0,2.0,1.0,0.2,1.0,6.615,90.7225,84.1075,24.5415,26.4724,6.615,0.0,7.853,7.853,4.711799999999999,3.7694400000000003,7.853,0.0,0.5953947,0.5953947,0.059539470000000004,0.107171046,0.0,194.0,229.0,35.0,204.1,14.139999999999997,194.0,-10.109893173511109,1.7897649596328935,1,0.915210716387848
Cs2NiZnH6,1.0,55.0,54.0,17.4,19.68,1.0,5.0,92.0,87.0,69.2,27.360000000000003,92.0,1.00794,132.9054519,131.8975119,39.59319438,46.302305256,1.00794,14.01,1728.0,1713.99,310.792,359.8192,14.01,1.0,12.0,11.0,3.0,3.2,1.0,1.0,6.0,5.0,2.6,1.9200000000000004,1.0,31.0,244.0,213.0,92.0,73.2,31.0,0.79,2.2,1.4100000000000001,1.8340000000000003,0.4544,2.2,1.0,2.0,1.0,1.2,0.31999999999999995,1.0,0.0,0.0,0.0,0.0,0.0,0.0,0.0,10.0,10.0,1.8,2.88,0.0,0.0,0.0,0.0,0.0,0.0,0.0,1.0,12.0,11.0,3.0,3.2,1.0,0.0,1.0,1.0,0.8,0.31999999999999995,1.0,0.0,0.0,0.0,0.0,0.0,0.0,0.0,2.0,2.0,0.2,0.36000000000000004,0.0,0.0,0.0,0.0,0.0,0.0,0.0,0.0,2.0,2.0,1.0,0.2,1.0,6.615,115.765,109.15,29.55,34.486000000000004,6.615,0.0,7.853,7.853,4.711799999999999,3.7694400000000003,7.853,0.0,0.5953947,0.5953947,0.059539470000000004,0.107171046,0.0,194.0,229.0,35.0,204.1,14.139999999999997,194.0,-11.009891917298086,3.8643982165046427,1,0.911519504986423
Cs2ZnNiH6,1.0,55.0,54.0,17.4,19.68,1.0,5.0,92.0,87.0,69.2,27.360000000000003,92.0,1.00794,132.9054519,131.8975119,39.59319438,46.302305256,1.00794,14.01,1728.0,1713.99,310.792,359.8192,14.01,1.0,12.0,11.0,3.0,3.2,1.0,1.0,6.0,5.0,2.6,1.9200000000000004,1.0,31.0,244.0,213.0,92.0,73.2,31.0,0.79,2.2,1.4100000000000001,1.834,0.4544,2.2,1.0,2.0,1.0,1.2,0.31999999999999995,1.0,0.0,0.0,0.0,0.0,0.0,0.0,0.0,10.0,10.0,1.8,2.88,0.0,0.0,0.0,0.0,0.0,0.0,0.0,1.0,12.0,11.0,3.0,3.2,1.0,0.0,1.0,1.0,0.8,0.31999999999999995,1.0,0.0,0.0,0.0,0.0,0.0,0.0,0.0,2.0,2.0,0.2,0.36000000000000004,0.0,0.0,0.0,0.0,0.0,0.0,0.0,0.0,2.0,2.0,1.0,0.2,1.0,6.615,115.765,109.15,29.55,34.486000000000004,6.615,0.0,7.853,7.853,4.711799999999999,3.7694400000000003,7.853,0.0,0.5953947,0.5953947,0.059539470000000004,0.107171046,0.0,194.0,229.0,35.0,204.1,14.139999999999997,194.0,-11.009891917298086,3.8643982165046427,1,0.911519504986423
Rb2FeCoH6,1.0,37.0,36.0,13.3,14.760000000000002,1.0,4.0,92.0,88.0,67.3,29.639999999999997,92.0,1.00794,85.4678,84.45985999999999,29.176143500000002,33.80184419999999,1.00794,14.01,1811.0,1796.99,428.79800000000006,544.2808000000001,14.01,1.0,9.0,8.0,2.5,2.4,1.0,1.0,5.0,4.0,2.4,1.6799999999999997,1.0,31.0,220.0,189.0,88.4,68.88,31.0,0.82,2.2,1.3800000000000003,1.855,0.41900000000000015,2.2,1.0,2.0,1.0,1.2,0.31999999999999995,1.0,0.0,0.0,0.0,0.0,0.0,0.0,0.0,7.0,7.0,1.3,2.08,0.0,0.0,0.0,0.0,0.0,0.0,0.0,1.0,9.0,8.0,2.5,2.4,1.0,0.0,1.0,1.0,0.8,0.31999999999999995,1.0,0.0,0.0,0.0,0.0,0.0,0.0,0.0,4.0,4.0,0.7,1.1199999999999999,0.0,0.0,0.0,0.0,0.0,0.0,0.0,1.0,4.0,3.0,1.5,0.8,1.0,6.615,90.7225,84.1075,24.211,26.604599999999998,6.615,0.0,7.853,7.853,4.711799999999999,3.7694400000000003,7.853,0.0,2.1106628,2.1106628,0.3659134,0.5854614400000001,0.0,194.0,229.0,35.0,204.5,14.7,194.0,-11.187214772564026,2.1069346616671805,1,0.9009166997713715
Rb2CoFeH6,1.0,37.0,36.0,13.3,14.760000000000002,1.0,4.0,92.0,88.0,67.3,29.639999999999997,92.0,1.00794,85.4678,84.45985999999999,29.176143500000002,33.8018442,1.00794,14.01,1811.0,1796.99,428.79800000000006,544.2808000000001,14.01,1.0,9.0,8.0,2.5,2.4,1.0,1.0,5.0,4.0,2.4,1.6799999999999997,1.0,31.0,220.0,189.0,88.4,68.88,31.0,0.82,2.2,1.3800000000000003,1.855,0.41900000000000015,2.2,1.0,2.0,1.0,1.2,0.31999999999999995,1.0,0.0,0.0,0.0,0.0,0.0,0.0,0.0,7.0,7.0,1.3,2.08,0.0,0.0,0.0,0.0,0.0,0.0,0.0,1.0,9.0,8.0,2.5,2.4,1.0,0.0,1.0,1.0,0.8,0.31999999999999995,1.0,0.0,0.0,0.0,0.0,0.0,0.0,0.0,4.0,4.0,0.7,1.1199999999999999,0.0,0.0,0.0,0.0,0.0,0.0,0.0,1.0,4.0,3.0,1.5,0.8,1.0,6.615,90.7225,84.1075,24.211,26.604599999999998,6.615,0.0,7.853,7.853,4.711799999999999,3.7694400000000003,7.853,0.0,2.1106628,2.1106628,0.3659134,0.58546144,0.0,194.0,229.0,35.0,204.5,14.7,194.0,-11.187214772564026,2.1069346616671805,1,0.9009166997713715
Rb2MnZnH6,1.0,37.0,36.0,13.5,15.0,1.0,4.0,92.0,88.0,68.1,28.860000000000003,92.0,1.00794,85.4678,84.45985999999999,29.7301285,34.46662619999999,1.00794,14.01,1519.0,1504.99,292.066,333.6672,14.01,1.0,12.0,11.0,2.7,2.72,1.0,1.0,5.0,4.0,2.4,1.6799999999999997,1.0,31.0,220.0,189.0,88.7,69.24000000000001,31.0,0.82,2.2,1.3800000000000003,1.8039999999999998,0.4752000000000002,2.2,1.0,2.0,1.0,1.2,0.31999999999999995,1.0,0.0,0.0,0.0,0.0,0.0,0.0,0.0,10.0,10.0,1.5,2.4,0.0,0.0,0.0,0.0,0.0,0.0,0.0,1.0,12.0,11.0,2.7,2.72,1.0,0.0,1.0,1.0,0.8,0.31999999999999995,1.0,0.0,0.0,0.0,0.0,0.0,0.0,0.0,5.0,5.0,0.5,0.9,0.0,0.0,0.0,0.0,0.0,0.0,0.0,0.0,5.0,5.0,1.3,0.74,1.0,6.615,90.7225,84.1075,24.55825862069,26.465696551724,6.615,0.0,7.853,7.853,4.711799999999999,3.7694400000000003,7.853,0.0,0.000310120689655,0.000310120689655,3.10120689655e-05,5.58217241379e-05,0.0,194.0,229.0,35.0,203.3,13.020000000000005,194.0,-10.406044065101883,2.1038257061428065,1,0.896246984138937
Rb2ZnMnH6,1.0,37.0,36.0,13.5,15.0,1.0,4.0,92.0,88.0,68.1,28.860000000000003,92.0,1.00794,85.4678,84.45985999999999,29.7301285,34.46662619999999,1.00794,14.01,1519.0,1504.99,292.066,333.6672,14.01,1.0,12.0,11.0,2.7,2.72,1.0,1.0,5.0,4.0,2.4,1.6799999999999997,1.0,31.0,220.0,189.0,88.7,69.24000000000001,31.0,0.82,2.2,1.3800000000000003,1.8039999999999998,0.4752000000000002,2.2,1.0,2.0,1.0,1.2,0.31999999999999995,1.0,0.0,0.0,0.0,0.0,0.0,0.0,0.0,10.0,10.0,1.5,2.4,0.0,0.0,0.0,0.0,0.0,0.0,0.0,1.0,12.0,11.0,2.7,2.72,1.0,0.0,1.0,1.0,0.8,0.31999999999999995,1.0,0.0,0.0,0.0,0.0,0.0,0.0,0.0,5.0,5.0,0.5,0.9,0.0,0.0,0.0,0.0,0.0,0.0,0.0,0.0,5.0,5.0,1.3,0.74,1.0,6.615,90.7225,84.1075,24.55825862069,26.465696551724,6.615,0.0,7.853,7.853,4.711799999999999,3.7694400000000003,7.853,0.0,0.000310120689655,0.000310120689655,3.10120689655e-05,5.58217241379e-05,0.0,194.0,229.0,35.0,203.3,13.020000000000005,194.0,-10.406044065101883,2.1038257061428065,1,0.896246984138937
K2ScTiH6,1.0,22.0,21.0,8.7,9.24,1.0,3.0,92.0,89.0,61.2,36.96,92.0,1.00794,47.867,46.85906,17.706715199999998,20.038530239999996,1.00794,14.01,1941.0,1926.99,451.212,570.5152,14.01,1.0,4.0,3.0,1.5,0.8,1.0,1.0,4.0,3.0,2.2,1.44,1.0,31.0,203.0,172.0,92.2,73.44000000000001,31.0,0.82,2.2,1.3800000000000003,1.7740000000000002,0.5112,2.2,1.0,2.0,1.0,1.2,0.31999999999999995,1.0,0.0,0.0,0.0,0.0,0.0,0.0,0.0,2.0,2.0,0.3,0.48,0.0,0.0,0.0,0.0,0.0,0.0,0.0,1.0,4.0,3.0,1.5,0.8,1.0,0.0,1.0,1.0,0.8,0.31999999999999995,1.0,0.0,0.0,0.0,0.0,0.0,0.0,0.0,9.0,9.0,1.7,2.7199999999999998,0.0,0.0,0.0,0.0,0.0,0.0,0.0,1.0,9.0,8.0,2.5,2.4,1.0,6.615,73.1066666667,66.4916666667,22.48283333334,20.249533333343997,6.615,0.0,7.853,7.853,4.711799999999999,3.7694400000000003,7.853,0.0,2.25333333333e-05,2.25333333333e-05,2.8883333333300003e-06,4.621333333328001e-06,0.0,194.0,229.0,35.0,201.0,11.2,194.0,-11.657726599324826,0.647093827911302,1,0.8946372140713871
K2TiScH6,1.0,22.0,21.0,8.7,9.24,1.0,3.0,92.0,89.0,61.2,36.96,92.0,1.00794,47.867,46.85906,17.7067152,20.03853024,1.00794,14.01,1941.0,1926.99,451.212,570.5152,14.01,1.0,4.0,3.0,1.5,0.8,1.0,1.0,4.0,3.0,2.2,1.44,1.0,31.0,203.0,172.0,92.2,73.44000000000001,31.0,0.82,2.2,1.3800000000000003,1.7740000000000002,0.5112,2.2,1.0,2.0,1.0,1.2,0.31999999999999995,1.0,0.0,0.0,0.0,0.0,0.0,0.0,0.0,2.0,2.0,0.3,0.48,0.0,0.0,0.0,0.0,0.0,0.0,0.0,1.0,4.0,3.0,1.5,0.8,1.0,0.0,1.0,1.0,0.8,0.31999999999999995,1.0,0.0,0.0,0.0,0.0,0.0,0.0,0.0,9.0,9.0,1.7,2.7199999999999998,0.0,0.0,0.0,0.0,0.0,0.0,0.0,1.0,9.0,8.0,2.5,2.4,1.0,6.615,73.1066666667,66.4916666667,22.48283333334,20.249533333343997,6.615,0.0,7.853,7.853,4.711799999999999,3.7694400000000003,7.853,0.0,2.25333333333e-05,2.25333333333e-05,2.8883333333300003e-06,4.621333333328001e-06,0.0,194.0,229.0,35.0,201.0,11.2,194.0,-11.657726599324826,0.647093827911302,1,0.8946372140713871
K2NiFeH6,1.0,28.0,27.0,9.8,10.559999999999999,1.0,3.0,92.0,89.0,67.4,29.52,92.0,1.00794,58.6934,57.68546,19.878263999999998,22.644388799999998,1.00794,14.01,1811.0,1796.99,429.61199999999997,535.9552,14.01,1.0,10.0,9.0,2.6,2.56,1.0,1.0,4.0,3.0,2.2,1.44,1.0,31.0,203.0,172.0,84.8,64.55999999999999,31.0,0.82,2.2,1.3800000000000003,1.858,0.4208,2.2,1.0,2.0,1.0,1.2,0.31999999999999995,1.0,0.0,0.0,0.0,0.0,0.0,0.0,0.0,8.0,8.0,1.4,2.2399999999999998,0.0,0.0,0.0,0.0,0.0,0.0,0.0,1.0,10.0,9.0,2.6,2.56,1.0,0.0,1.0,1.0,0.8,0.31999999999999995,1.0,0.0,0.0,0.0,0.0,0.0,0.0,0.0,4.0,4.0,0.6,0.96,0.0,0.0,0.0,0.0,0.0,0.0,0.0,1.0,4.0,3.0,1.4,0.6399999999999999,1.0,6.615,73.1066666667,66.4916666667,20.695333333339995,20.964533333343997,6.615,0.0,7.853,7.853,4.711799999999999,3.7694400000000003,7.853,0.0,2.1106628,2.1106628,0.27060575,0.43296919999999994,0.0,194.0,229.0,35.0,207.6,16.32,194.0,-10.211564525655664,0.4288777477896558,1,0.8945461067131589
K2FeNiH6,1.0,28.0,27.0,9.8,10.559999999999999,1.0,3.0,92.0,89.0,67.4,29.52,92.0,1.00794,58.6934,57.68546,19.878264,22.6443888,1.00794,14.01,1811.0,1796.99,429.61199999999997,535.9552,14.01,1.0,10.0,9.0,2.6,2.56,1.0,1.0,4.0,3.0,2.2,1.44,1.0,31.0,203.0,172.0,84.8,64.55999999999999,31.0,0.82,2.2,1.3800000000000003,1.858,0.4208000000000001,2.2,1.0,2.0,1.0,1.2,0.31999999999999995,1.0,0.0,0.0,0.0,0.0,0.0,0.0,0.0,8.0,8.0,1.4,2.2399999999999998,0.0,0.0,0.0,0.0,0.0,0.0,0.0,1.0,10.0,9.0,2.6,2.56,1.0,0.0,1.0,1.0,0.8,0.31999999999999995,1.0,0.0,0.0,0.0,0.0,0.0,0.0,0.0,4.0,4.0,0.6,0.96,0.0,0.0,0.0,0.0,0.0,0.0,0.0,1.0,4.0,3.0,1.4,0.6399999999999999,1.0,6.615,73.1066666667,66.4916666667,20.695333333339995,20.964533333343997,6.615,0.0,7.853,7.853,4.711799999999999,3.7694400000000003,7.853,0.0,2.1106628,2.1106628,0.27060575,0.43296919999999994,0.0,194.0,229.0,35.0,207.6,16.32,194.0,-10.211564525655664,0.42887774778965604,1,0.8945461067131589
Cs2ZnCuH6,1.0,55.0,54.0,17.5,19.8,1.0,5.0,92.0,87.0,69.5,27.0,92.0,1.00794,132.9054519,131.8975119,40.07845438,46.884617256,1.00794,14.01,1357.77,1343.76,273.769,311.7108,14.01,1.0,12.0,11.0,3.1,3.3600000000000003,1.0,1.0,6.0,5.0,2.6,1.9200000000000004,1.0,31.0,244.0,213.0,92.8,74.16,31.0,0.79,2.2,1.4100000000000001,1.8330000000000002,0.45380000000000004,2.2,1.0,2.0,1.0,1.1,0.18000000000000008,1.0,0.0,0.0,0.0,0.0,0.0,0.0,0.0,10.0,10.0,2.0,3.2,0.0,0.0,0.0,0.0,0.0,0.0,0.0,1.0,12.0,11.0,3.1,3.3600000000000003,1.0,0.0,1.0,1.0,0.9,0.18,1.0,0.0,0.0,0.0,0.0,0.0,0.0,0.0,0.0,0.0,0.0,0.0,0.0,0.0,0.0,0.0,0.0,0.0,0.0,0.0,1.0,1.0,0.9,0.18,1.0,6.615,115.765,109.15,29.625,34.456,6.615,0.0,7.853,7.853,4.711799999999999,3.7694400000000003,7.853,0.0,0.0,0.0,0.0,0.0,0.0,194.0,229.0,35.0,204.1,14.139999999999997,194.0,-10.984858853463345,3.862486934895634,1,0.89
Cs2CuZnH6,1.0,55.0,54.0,17.5,19.8,1.0,5.0,92.0,87.0,69.5,27.0,92.0,1.00794,132.9054519,131.8975119,40.07845438,46.884617256,1.00794,14.01,1357.77,1343.76,273.76899999999995,311.71079999999995,14.01,1.0,12.0,11.0,3.1,3.3600000000000003,1.0,1.0,6.0,5.0,2.6,1.9200000000000004,1.0,31.0,244.0,213.0,92.8,74.16,31.0,0.79,2.2,1.4100000000000001,1.8330000000000002,0.45380000000000004,2.2,1.0,2.0,1.0,1.1,0.18000000000000008,1.0,0.0,0.0,0.0,0.0,0.0,0.0,0.0,10.0,10.0,2.0,3.2,0.0,0.0,0.0,0.0,0.0,0.0,0.0,1.0,12.0,11.0,3.1,3.3600000000000003,1.0,0.0,1.0,1.0,0.9,0.18,1.0,0.0,0.0,0.0,0.0,0.0,0.0,0.0,0.0,0.0,0.0,0.0,0.0,0.0,0.0,0.0,0.0,0.0,0.0,0.0,1.0,1.0,0.9,0.18,1.0,6.615,115.765,109.15,29.625,34.456,6.615,0.0,7.853,7.853,4.711799999999999,3.7694400000000003,7.853,0.0,0.0,0.0,0.0,0.0,0.0,194.0,229.0,35.0,204.1,14.139999999999997,194.0,-10.984858853463345,3.862486934895634,1,0.89
K2NiCoH6,1.0,28.0,27.0,9.9,10.680000000000001,1.0,3.0,92.0,89.0,67.7,29.160000000000004,92.0,1.00794,58.933195,57.925255,20.1870835,23.0149722,1.00794,14.01,1768.0,1753.99,425.312,529.0752,14.01,1.0,10.0,9.0,2.7,2.72,1.0,1.0,4.0,3.0,2.2,1.44,1.0,31.0,203.0,172.0,84.2,63.84000000000001,31.0,0.82,2.2,1.3800000000000003,1.8630000000000002,0.4171999999999999,2.2,1.0,2.0,1.0,1.2,0.31999999999999995,1.0,0.0,0.0,0.0,0.0,0.0,0.0,0.0,8.0,8.0,1.5,2.4,0.0,0.0,0.0,0.0,0.0,0.0,0.0,1.0,10.0,9.0,2.7,2.72,1.0,0.0,1.0,1.0,0.8,0.31999999999999995,1.0,0.0,0.0,0.0,0.0,0.0,0.0,0.0,3.0,3.0,0.5,0.8,0.0,0.0,0.0,0.0,0.0,0.0,0.0,1.0,3.0,2.0,1.3,0.4800000000000001,1.0,6.615,73.1066666667,66.4916666667,20.64683333334,20.983933333343998,6.615,0.0,7.853,7.853,4.711799999999999,3.7694400000000003,7.853,0.0,1.5484712,1.5484712,0.21438659000000002,0.34301854400000004,0.0,194.0,229.0,35.0,204.1,14.139999999999997,194.0,-9.993316787714086,0.26956928079490866,1,0.886623094949001
K2CoNiH6,1.0,28.0,27.0,9.9,10.680000000000001,1.0,3.0,92.0,89.0,67.7,29.160000000000004,92.0,1.00794,58.933195,57.925255,20.1870835,23.0149722,1.00794,14.01,1768.0,1753.99,425.312,529.0752,14.01,1.0,10.0,9.0,2.7,2.72,1.0,1.0,4.0,3.0,2.2,1.44,1.0,31.0,203.0,172.0,84.2,63.84000000000001,31.0,0.82,2.2,1.3800000000000003,1.8630000000000002,0.4171999999999999,2.2,1.0,2.0,1.0,1.2,0.31999999999999995,1.0,0.0,0.0,0.0,0.0,0.0,0.0,0.0,8.0,8.0,1.5,2.4,0.0,0.0,0.0,0.0,0.0,0.0,0.0,1.0,10.0,9.0,2.7,2.72,1.0,0.0,1.0,1.0,0.8,0.31999999999999995,1.0,0.0,0.0,0.0,0.0,0.0,0.0,0.0,3.0,3.0,0.5,0.8,0.0,0.0,0.0,0.0,0.0,0.0,0.0,1.0,3.0,2.0,1.3,0.4800000000000001,1.0,6.615,73.1066666667,66.4916666667,20.64683333334,20.983933333343998,6.615,0.0,7.853,7.853,4.711799999999999,3.7694400000000003,7.853,0.0,1.5484712,1.5484712,0.21438659000000002,0.34301854400000004,0.0,194.0,229.0,35.0,204.1,14.139999999999997,194.0,-9.993316787714086,0.26956928079490866,1,0.886623094949001
Cs2CoNiH6,1.0,55.0,54.0,17.1,19.32,1.0,5.0,92.0,87.0,68.1,28.68,92.0,1.00794,132.9054519,131.8975119,38.94851388,45.528688656,1.00794,14.01,1768.0,1753.99,418.32400000000007,531.8704,14.01,1.0,10.0,9.0,2.7,2.72,1.0,1.0,6.0,5.0,2.6,1.9200000000000004,1.0,31.0,244.0,213.0,92.4,73.67999999999999,31.0,0.79,2.2,1.4100000000000001,1.857,0.42680000000000007,2.2,1.0,2.0,1.0,1.2,0.31999999999999995,1.0,0.0,0.0,0.0,0.0,0.0,0.0,0.0,8.0,8.0,1.5,2.4,0.0,0.0,0.0,0.0,0.0,0.0,0.0,1.0,10.0,9.0,2.7,2.72,1.0,0.0,1.0,1.0,0.8,0.31999999999999995,1.0,0.0,0.0,0.0,0.0,0.0,0.0,0.0,3.0,3.0,0.5,0.8,0.0,0.0,0.0,0.0,0.0,0.0,0.0,1.0,3.0,2.0,1.3,0.4800000000000001,1.0,6.615,115.765,109.15,29.178499999999996,34.63459999999999,6.615,0.0,7.853,7.853,4.711799999999999,3.7694400000000003,7.853,0.0,1.5484712,1.5484712,0.21438659000000002,0.34301854400000004,0.0,194.0,229.0,35.0,204.1,14.139999999999997,194.0,-11.619931759580128,3.9706205207097165,1,0.8858464353224218
Cs2NiCoH6,1.0,55.0,54.0,17.1,19.32,1.0,5.0,92.0,87.0,68.1,28.68,92.0,1.00794,132.9054519,131.8975119,38.94851388,45.528688656,1.00794,14.01,1768.0,1753.99,418.32400000000007,531.8704,14.01,1.0,10.0,9.0,2.7,2.72,1.0,1.0,6.0,5.0,2.6,1.9200000000000004,1.0,31.0,244.0,213.0,92.4,73.67999999999999,31.0,0.79,2.2,1.4100000000000001,1.857,0.42680000000000007,2.2,1.0,2.0,1.0,1.2,0.31999999999999995,1.0,0.0,0.0,0.0,0.0,0.0,0.0,0.0,8.0,8.0,1.5,2.4,0.0,0.0,0.0,0.0,0.0,0.0,0.0,1.0,10.0,9.0,2.7,2.72,1.0,0.0,1.0,1.0,0.8,0.31999999999999995,1.0,0.0,0.0,0.0,0.0,0.0,0.0,0.0,3.0,3.0,0.5,0.8,0.0,0.0,0.0,0.0,0.0,0.0,0.0,1.0,3.0,2.0,1.3,0.4800000000000001,1.0,6.615,115.765,109.15,29.178499999999996,34.63459999999999,6.615,0.0,7.853,7.853,4.711799999999999,3.7694400000000003,7.853,0.0,1.5484712,1.5484712,0.21438659000000002,0.34301854400000004,0.0,194.0,229.0,35.0,204.1,14.139999999999997,194.0,-11.619931759580128,3.9706205207097165,1,0.8858464353224218
Rb2NiFeH6,1.0,37.0,36.0,13.4,14.88,1.0,4.0,92.0,88.0,67.6,29.28,92.0,1.00794,85.4678,84.45985999999999,29.152164,33.7730688,1.00794,14.01,1811.0,1796.99,424.79800000000006,537.8808000000001,14.01,1.0,10.0,9.0,2.6,2.56,1.0,1.0,5.0,4.0,2.4,1.6799999999999997,1.0,31.0,220.0,189.0,88.2,68.64000000000001,31.0,0.82,2.2,1.3800000000000003,1.858,0.4208,2.2,1.0,2.0,1.0,1.2,0.31999999999999995,1.0,0.0,0.0,0.0,0.0,0.0,0.0,0.0,8.0,8.0,1.4,2.2399999999999998,0.0,0.0,0.0,0.0,0.0,0.0,0.0,1.0,10.0,9.0,2.6,2.56,1.0,0.0,1.0,1.0,0.8,0.31999999999999995,1.0,0.0,0.0,0.0,0.0,0.0,0.0,0.0,4.0,4.0,0.6,0.96,0.0,0.0,0.0,0.0,0.0,0.0,0.0,1.0,4.0,3.0,1.4,0.6399999999999999,1.0,6.615,90.7225,84.1075,24.2185,26.601599999999998,6.615,0.0,7.853,7.853,4.711799999999999,3.7694400000000003,7.853,0.0,2.1106628,2.1106628,0.27060575,0.43296919999999994,0.0,194.0,229.0,35.0,207.6,16.32,194.0,-10.939135688617636,2.05614320109821,1,0.8845461067131589
Rb2FeNiH6,1.0,37.0,36.0,13.4,14.88,1.0,4.0,92.0,88.0,67.6,29.28,92.0,1.00794,85.4678,84.45985999999999,29.152164,33.7730688,1.00794,14.01,1811.0,1796.99,424.79800000000006,537.8808000000001,14.01,1.0,10.0,9.0,2.6,2.56,1.0,1.0,5.0,4.0,2.4,1.6799999999999997,1.0,31.0,220.0,189.0,88.2,68.64000000000001,31.0,0.82,2.2,1.3800000000000003,1.858,0.4208000000000001,2.2,1.0,2.0,1.0,1.2,0.31999999999999995,1.0,0.0,0.0,0.0,0.0,0.0,0.0,0.0,8.0,8.0,1.4,2.2399999999999998,0.0,0.0,0.0,0.0,0.0,0.0,0.0,1.0,10.0,9.0,2.6,2.56,1.0,0.0,1.0,1.0,0.8,0.31999999999999995,1.0,0.0,0.0,0.0,0.0,0.0,0.0,0.0,4.0,4.0,0.6,0.96,0.0,0.0,0.0,0.0,0.0,0.0,0.0,1.0,4.0,3.0,1.4,0.6399999999999999,1.0,6.615,90.7225,84.1075,24.2185,26.601599999999998,6.615,0.0,7.853,7.853,4.711799999999999,3.7694400000000003,7.853,0.0,2.1106628,2.1106628,0.27060575,0.43296919999999994,0.0,194.0,229.0,35.0,207.6,16.32,194.0,-10.939135688617636,2.05614320109821,1,0.8845461067131589
K2NiZnH6,1.0,30.0,29.0,10.2,11.040000000000001,1.0,3.0,92.0,89.0,68.8,27.879999999999995,92.0,1.00794,65.38,64.37205999999999,20.831764,23.7885888,1.00794,14.01,1728.0,1713.99,317.78,364.524,14.01,1.0,12.0,11.0,3.0,3.2,1.0,1.0,4.0,3.0,2.2,1.44,1.0,31.0,203.0,172.0,83.8,63.35999999999999,31.0,0.82,2.2,1.3800000000000003,1.8399999999999999,0.4460000000000003,2.2,1.0,2.0,1.0,1.2,0.31999999999999995,1.0,0.0,0.0,0.0,0.0,0.0,0.0,0.0,10.0,10.0,1.8,2.88,0.0,0.0,0.0,0.0,0.0,0.0,0.0,1.0,12.0,11.0,3.0,3.2,1.0,0.0,1.0,1.0,0.8,0.31999999999999995,1.0,0.0,0.0,0.0,0.0,0.0,0.0,0.0,2.0,2.0,0.2,0.36000000000000004,0.0,0.0,0.0,0.0,0.0,0.0,0.0,0.0,2.0,2.0,1.0,0.2,1.0,6.615,73.1066666667,66.4916666667,21.01833333334,20.835333333344,6.615,0.0,7.853,7.853,4.711799999999999,3.7694400000000003,7.853,0.0,0.5953947,0.5953947,0.059539470000000004,0.107171046,0.0,194.0,229.0,35.0,204.1,14.139999999999997,194.0,-9.396443582521872,0.2282927058468669,1,0.8829936880072137
K2ZnNiH6,1.0,30.0,29.0,10.2,11.040000000000001,1.0,3.0,92.0,89.0,68.8,27.880000000000006,92.0,1.00794,65.38,64.37205999999999,20.831764,23.7885888,1.00794,14.01,1728.0,1713.99,317.78,364.524,14.01,1.0,12.0,11.0,3.0,3.2,1.0,1.0,4.0,3.0,2.2,1.44,1.0,31.0,203.0,172.0,83.8,63.35999999999999,31.0,0.82,2.2,1.3800000000000003,1.8400000000000003,0.446,2.2,1.0,2.0,1.0,1.2,0.31999999999999995,1.0,0.0,0.0,0.0,0.0,0.0,0.0,0.0,10.0,10.0,1.8,2.88,0.0,0.0,0.0,0.0,0.0,0.0,0.0,1.0,12.0,11.0,3.0,3.2,1.0,0.0,1.0,1.0,0.8,0.31999999999999995,1.0,0.0,0.0,0.0,0.0,0.0,0.0,0.0,2.0,2.0,0.2,0.36000000000000004,0.0,0.0,0.0,0.0,0.0,0.0,0.0,0.0,2.0,2.0,1.0,0.2,1.0,6.615,73.1066666667,66.4916666667,21.01833333334,20.835333333344,6.615,0.0,7.853,7.853,4.711799999999999,3.7694400000000003,7.853,0.0,0.5953947,0.5953947,0.059539470000000004,0.107171046,0.0,194.0,229.0,35.0,204.1,14.139999999999997,194.0,-9.396443582521872,0.2282927058468669,1,0.8829936880072137
Cs2NiCuH6,1.0,55.0,54.0,17.3,19.560000000000002,1.0,5.0,92.0,87.0,68.7,27.96,92.0,1.00794,132.9054519,131.8975119,39.40979438,46.082225256,1.00794,14.01,1728.0,1713.99,377.301,466.2336,14.01,1.0,11.0,10.0,2.9,3.04,1.0,1.0,6.0,5.0,2.6,1.9200000000000004,1.0,31.0,244.0,213.0,93.0,74.4,31.0,0.79,2.2,1.4100000000000001,1.8590000000000004,0.4275999999999998,2.2,1.0,2.0,1.0,1.1,0.18000000000000008,1.0,0.0,0.0,0.0,0.0,0.0,0.0,0.0,10.0,10.0,1.8,2.88,0.0,0.0,0.0,0.0,0.0,0.0,0.0,1.0,11.0,10.0,2.9,3.04,1.0,0.0,1.0,1.0,0.9,0.18,1.0,0.0,0.0,0.0,0.0,0.0,0.0,0.0,2.0,2.0,0.2,0.36000000000000004,0.0,0.0,0.0,0.0,0.0,0.0,0.0,1.0,2.0,1.0,1.1,0.18000000000000008,1.0,6.615,115.765,109.15,29.261000000000003,34.6016,6.615,0.0,7.853,7.853,4.711799999999999,3.7694400000000003,7.853,0.0,0.5953947,0.5953947,0.059539470000000004,0.107171046,0.0,194.0,229.0,35.0,207.2,15.839999999999998,194.0,-11.362771950264166,3.958587062053781,1,0.8822170283806343
Cs2CuNiH6,1.0,55.0,54.0,17.3,19.560000000000002,1.0,5.0,92.0,87.0,68.7,27.96,92.0,1.00794,132.9054519,131.8975119,39.40979438,46.082225256,1.00794,14.01,1728.0,1713.99,377.301,466.2336,14.01,1.0,11.0,10.0,2.9,3.04,1.0,1.0,6.0,5.0,2.6,1.9200000000000004,1.0,31.0,244.0,213.0,93.0,74.4,31.0,0.79,2.2,1.4100000000000001,1.859,0.4276000000000001,2.2,1.0,2.0,1.0,1.1,0.18000000000000008,1.0,0.0,0.0,0.0,0.0,0.0,0.0,0.0,10.0,10.0,1.8,2.88,0.0,0.0,0.0,0.0,0.0,0.0,0.0,1.0,11.0,10.0,2.9,3.04,1.0,0.0,1.0,1.0,0.9,0.18,1.0,0.0,0.0,0.0,0.0,0.0,0.0,0.0,2.0,2.0,0.2,0.36000000000000004,0.0,0.0,0.0,0.0,0.0,0.0,0.0,1.0,2.0,1.0,1.1,0.18000000000000008,1.0,6.615,115.765,109.15,29.261000000000003,34.6016,6.615,0.0,7.853,7.853,4.711799999999999,3.7694400000000003,7.853,0.0,0.5953947,0.5953947,0.059539470000000004,0.107171046,0.0,194.0,229.0,35.0,207.2,15.839999999999998,194.0,-11.362771950264166,3.9585870620537817,1,0.8822170283806343
Cs2MnNiH6,1.0,55.0,54.0,16.9,19.080000000000002,1.0,5.0,92.0,87.0,67.5,29.4,92.0,1.00794,132.9054519,131.8975119,38.54899888,45.049270656,1.00794,14.01,1728.0,1713.99,393.424,492.0304,14.01,1.0,10.0,9.0,2.5,2.4,1.0,1.0,6.0,5.0,2.6,1.9200000000000004,1.0,31.0,244.0,213.0,93.7,75.24000000000001,31.0,0.79,2.2,1.4100000000000001,1.8240000000000003,0.4683999999999999,2.2,1.0,2.0,1.0,1.2,0.31999999999999995,1.0,0.0,0.0,0.0,0.0,0.0,0.0,0.0,8.0,8.0,1.3,2.08,0.0,0.0,0.0,0.0,0.0,0.0,0.0,1.0,10.0,9.0,2.5,2.4,1.0,0.0,1.0,1.0,0.8,0.31999999999999995,1.0,0.0,0.0,0.0,0.0,0.0,0.0,0.0,5.0,5.0,0.7,1.1199999999999999,0.0,0.0,0.0,0.0,0.0,0.0,0.0,1.0,5.0,4.0,1.5,0.8,1.0,6.615,115.765,109.15,29.20275862069,34.624896551724,6.615,0.0,7.853,7.853,4.711799999999999,3.7694400000000003,7.853,0.0,0.5953947,0.5953947,0.0595704820689655,0.1071648435862069,0.0,194.0,229.0,35.0,206.4,14.88,194.0,-11.679662978310676,4.082749149436563,1,0.88
Cs2NiMnH6,1.0,55.0,54.0,16.9,19.080000000000002,1.0,5.0,92.0,87.0,67.5,29.4,92.0,1.00794,132.9054519,131.8975119,38.54899888,45.049270656,1.00794,14.01,1728.0,1713.99,393.424,492.0304,14.01,1.0,10.0,9.0,2.5,2.4,1.0,1.0,6.0,5.0,2.6,1.9200000000000004,1.0,31.0,244.0,213.0,93.7,75.24000000000001,31.0,0.79,2.2,1.4100000000000001,1.8240000000000003,0.4683999999999999,2.2,1.0,2.0,1.0,1.2,0.31999999999999995,1.0,0.0,0.0,0.0,0.0,0.0,0.0,0.0,8.0,8.0,1.3,2.08,0.0,0.0,0.0,0.0,0.0,0.0,0.0,1.0,10.0,9.0,2.5,2.4,1.0,0.0,1.0,1.0,0.8,0.31999999999999995,1.0,0.0,0.0,0.0,0.0,0.0,0.0,0.0,5.0,5.0,0.7,1.1199999999999999,0.0,0.0,0.0,0.0,0.0,0.0,0.0,1.0,5.0,4.0,1.5,0.8,1.0,6.615,115.765,109.15,29.20275862069,34.624896551724,6.615,0.0,7.853,7.853,4.711799999999999,3.7694400000000003,7.853,0.0,0.5953947,0.5953947,0.0595704820689655,0.10716484358620688,0.0,194.0,229.0,35.0,206.4,14.88,194.0,-11.679662978310676,4.082749149436563,1,0.88
Ca2ZnCuH6,1.0,30.0,29.0,10.5,11.4,1.0,7.0,92.0,85.0,69.9,26.52,92.0,1.00794,65.38,64.37205999999999,21.512964,24.606028799999997,1.00794,14.01,1357.77,1343.76,436.451,506.9291999999999,14.01,1.0,12.0,11.0,3.3,3.28,1.0,1.0,4.0,3.0,2.2,1.44,1.0,31.0,176.0,145.0,79.2,57.84000000000001,31.0,1.0,2.2,1.2000000000000002,1.875,0.39500000000000013,2.2,1.0,2.0,1.0,1.3,0.41999999999999993,1.0,0.0,0.0,0.0,0.0,0.0,0.0,0.0,10.0,10.0,2.0,3.2,0.0,0.0,0.0,0.0,0.0,0.0,0.0,1.0,12.0,11.0,3.3,3.28,1.0,0.0,1.0,1.0,0.7,0.41999999999999993,1.0,0.0,0.0,0.0,0.0,0.0,0.0,0.0,0.0,0.0,0.0,0.0,0.0,0.0,0.0,0.0,0.0,0.0,0.0,0.0,1.0,1.0,0.7,0.41999999999999993,1.0,6.615,37.77,31.155,14.026,9.4976,6.615,0.0,7.853,7.853,4.711799999999999,3.7694400000000003,7.853,0.0,0.0,0.0,0.0,0.0,0.0,194.0,225.0,31.0,203.3,13.020000000000005,194.0,-8.421980654936782,-0.9382329535842621,1,0.88
Ca2CuZnH6,1.0,30.0,29.0,10.5,11.4,1.0,7.0,92.0,85.0,69.9,26.52,92.0,1.00794,65.38,64.37205999999999,21.512964,24.606028799999997,1.00794,14.01,1357.77,1343.76,436.451,506.9291999999999,14.01,1.0,12.0,11.0,3.3,3.28,1.0,1.0,4.0,3.0,2.2,1.44,1.0,31.0,176.0,145.0,79.2,57.84000000000001,31.0,1.0,2.2,1.2000000000000002,1.875,0.39500000000000013,2.2,1.0,2.0,1.0,1.3,0.42000000000000004,1.0,0.0,0.0,0.0,0.0,0.0,0.0,0.0,10.0,10.0,2.0,3.2,0.0,0.0,0.0,0.0,0.0,0.0,0.0,1.0,12.0,11.0,3.3,3.28,1.0,0.0,1.0,1.0,0.7,0.42000000000000004,1.0,0.0,0.0,0.0,0.0,0.0,0.0,0.0,0.0,0.0,0.0,0.0,0.0,0.0,0.0,0.0,0.0,0.0,0.0,0.0,1.0,1.0,0.7,0.42000000000000004,1.0,6.615,37.77,31.155,14.026000000000002,9.497600000000002,6.615,0.0,7.853,7.853,4.711799999999999,3.7694400000000003,7.853,0.0,0.0,0.0,0.0,0.0,0.0,194.0,225.0,31.0,203.3,13.020000000000005,194.0,-8.421980654936782,-0.9382329535842621,1,0.88
Na2ScTiH6,1.0,22.0,21.0,7.1,7.3199999999999985,1.0,2.0,92.0,90.0,61.0,37.2,92.0,1.00794,47.867,46.85906,14.485009055999999,16.1724828672,1.00794,14.01,1941.0,1926.99,458.08000000000004,567.768,14.01,1.0,4.0,3.0,1.5,0.8,1.0,1.0,4.0,3.0,2.0,1.2,1.0,31.0,170.0,139.0,84.8,64.55999999999999,31.0,0.93,2.2,1.27,1.796,0.48480000000000006,2.2,1.0,2.0,1.0,1.2,0.31999999999999995,1.0,0.0,0.0,0.0,0.0,0.0,0.0,0.0,2.0,2.0,0.3,0.48,0.0,0.0,0.0,0.0,0.0,0.0,0.0,1.0,4.0,3.0,1.5,0.8,1.0,0.0,1.0,1.0,0.8,0.31999999999999995,1.0,0.0,0.0,0.0,0.0,0.0,0.0,0.0,9.0,9.0,1.7,2.7199999999999998,0.0,0.0,0.0,0.0,0.0,0.0,0.0,1.0,9.0,8.0,2.5,2.4,1.0,6.615,29.2433333333,22.6283333333,13.710166666660001,8.514199999992,6.615,0.0,7.853,7.853,4.711799999999999,3.7694400000000003,7.853,0.0,2.25333333333e-05,2.25333333333e-05,2.8883333333300003e-06,4.621333333328001e-06,0.0,194.0,229.0,35.0,201.0,11.2,194.0,-10.82384966960123,-0.7229011100864173,1,0.8790646441721305
Na2TiScH6,1.0,22.0,21.0,7.1,7.3199999999999985,1.0,2.0,92.0,90.0,61.0,37.2,92.0,1.00794,47.867,46.85906,14.485009056,16.1724828672,1.00794,14.01,1941.0,1926.99,458.08000000000004,567.768,14.01,1.0,4.0,3.0,1.5,0.8,1.0,1.0,4.0,3.0,2.0,1.2,1.0,31.0,170.0,139.0,84.8,64.55999999999999,31.0,0.93,2.2,1.27,1.796,0.48480000000000006,2.2,1.0,2.0,1.0,1.2,0.31999999999999995,1.0,0.0,0.0,0.0,0.0,0.0,0.0,0.0,2.0,2.0,0.3,0.48,0.0,0.0,0.0,0.0,0.0,0.0,0.0,1.0,4.0,3.0,1.5,0.8,1.0,0.0,1.0,1.0,0.8,0.31999999999999995,1.0,0.0,0.0,0.0,0.0,0.0,0.0,0.0,9.0,9.0,1.7,2.7199999999999998,0.0,0.0,0.0,0.0,0.0,0.0,0.0,1.0,9.0,8.0,2.5,2.4,1.0,6.615,29.2433333333,22.6283333333,13.710166666660001,8.514199999992,6.615,0.0,7.853,7.853,4.711799999999999,3.7694400000000003,7.853,0.0,2.25333333333e-05,2.25333333333e-05,2.8883333333300003e-06,4.621333333328001e-06,0.0,194.0,229.0,35.0,201.0,11.2,194.0,-10.82384966960123,-0.7229011100864173,1,0.8790646441721305
Rb2MnCoH6,1.0,37.0,36.0,13.2,14.639999999999997,1.0,4.0,92.0,88.0,67.0,30.0,92.0,1.00794,85.4678,84.45985999999999,29.085448000000003,33.6930096,1.00794,14.01,1768.0,1753.99,399.598,497.56080000000003,14.01,1.0,9.0,8.0,2.4,2.2399999999999998,1.0,1.0,5.0,4.0,2.4,1.6799999999999997,1.0,31.0,220.0,189.0,89.1,69.72,31.0,0.82,2.2,1.3800000000000003,1.8270000000000004,0.4581999999999999,2.2,1.0,2.0,1.0,1.2,0.31999999999999995,1.0,0.0,0.0,0.0,0.0,0.0,0.0,0.0,7.0,7.0,1.2,1.92,0.0,0.0,0.0,0.0,0.0,0.0,0.0,1.0,9.0,8.0,2.4,2.2399999999999998,1.0,0.0,1.0,1.0,0.8,0.31999999999999995,1.0,0.0,0.0,0.0,0.0,0.0,0.0,0.0,5.0,5.0,0.8,1.28,0.0,0.0,0.0,0.0,0.0,0.0,0.0,1.0,5.0,4.0,1.6,0.9600000000000002,1.0,6.615,90.7225,84.1075,24.18675862069,26.614296551724,6.615,0.0,7.853,7.853,4.711799999999999,3.7694400000000003,7.853,0.0,1.5484712,1.5484712,0.1548781320689655,0.2787186135862069,0.0,194.0,229.0,35.0,203.3,13.020000000000005,194.0,-11.114985314739974,2.0898580998555345,1,0.8777684500626328
Rb2CoMnH6,1.0,37.0,36.0,13.2,14.639999999999997,1.0,4.0,92.0,88.0,67.0,30.0,92.0,1.00794,85.4678,84.45985999999999,29.085447999999996,33.693009599999996,1.00794,14.01,1768.0,1753.99,399.598,497.56080000000003,14.01,1.0,9.0,8.0,2.4,2.2399999999999998,1.0,1.0,5.0,4.0,2.4,1.6799999999999997,1.0,31.0,220.0,189.0,89.1,69.72,31.0,0.82,2.2,1.3800000000000003,1.827,0.45820000000000016,2.2,1.0,2.0,1.0,1.2,0.31999999999999995,1.0,0.0,0.0,0.0,0.0,0.0,0.0,0.0,7.0,7.0,1.2,1.92,0.0,0.0,0.0,0.0,0.0,0.0,0.0,1.0,9.0,8.0,2.4,2.2399999999999998,1.0,0.0,1.0,1.0,0.8,0.31999999999999995,1.0,0.0,0.0,0.0,0.0,0.0,0.0,0.0,5.0,5.0,0.8,1.28,0.0,0.0,0.0,0.0,0.0,0.0,0.0,1.0,5.0,4.0,1.6,0.9600000000000002,1.0,6.615,90.7225,84.1075,24.18675862069,26.614296551724,6.615,0.0,7.853,7.853,4.711799999999999,3.7694400000000003,7.853,0.0,1.5484712,1.5484712,0.1548781320689655,0.2787186135862069,0.0,194.0,229.0,35.0,203.3,13.020000000000005,194.0,-11.114985314739974,2.0898580998555345,1,0.8777684500626328
K2ScVH6,1.0,23.0,22.0,8.8,9.36,1.0,3.0,92.0,89.0,61.5,36.6,92.0,1.00794,50.9415,49.93356,18.0141652,20.40747024,1.00794,14.01,2183.0,2168.99,475.412,609.2351999999998,14.01,1.0,5.0,4.0,1.6,0.9600000000000002,1.0,1.0,4.0,3.0,2.2,1.44,1.0,31.0,203.0,172.0,91.5,72.6,31.0,0.82,2.2,1.3800000000000003,1.7830000000000001,0.5004000000000002,2.2,1.0,2.0,1.0,1.2,0.31999999999999995,1.0,0.0,0.0,0.0,0.0,0.0,0.0,0.0,3.0,3.0,0.4,0.64,0.0,0.0,0.0,0.0,0.0,0.0,0.0,1.0,5.0,4.0,1.6,0.9600000000000002,1.0,0.0,1.0,1.0,0.8,0.31999999999999995,1.0,0.0,0.0,0.0,0.0,0.0,0.0,0.0,9.0,9.0,1.6,2.56,0.0,0.0,0.0,0.0,0.0,0.0,0.0,1.0,9.0,8.0,2.4,2.2399999999999998,1.0,6.615,73.1066666667,66.4916666667,22.11483333334,20.420766666675995,6.615,0.0,7.853,7.853,4.711799999999999,3.7694400000000003,7.853,0.0,6.35e-06,6.35e-06,6.350000000000001e-07,1.1430000000000001e-06,0.0,194.0,229.0,35.0,204.5,14.7,194.0,-11.482348363748581,0.6644692073249012,1,0.8774432812436516
K2VScH6,1.0,23.0,22.0,8.8,9.36,1.0,3.0,92.0,89.0,61.5,36.6,92.0,1.00794,50.9415,49.93356,18.0141652,20.40747024,1.00794,14.01,2183.0,2168.99,475.412,609.2351999999998,14.01,1.0,5.0,4.0,1.6,0.9600000000000002,1.0,1.0,4.0,3.0,2.2,1.44,1.0,31.0,203.0,172.0,91.5,72.6,31.0,0.82,2.2,1.3800000000000003,1.7830000000000001,0.5004000000000002,2.2,1.0,2.0,1.0,1.2,0.31999999999999995,1.0,0.0,0.0,0.0,0.0,0.0,0.0,0.0,3.0,3.0,0.4,0.64,0.0,0.0,0.0,0.0,0.0,0.0,0.0,1.0,5.0,4.0,1.6,0.9600000000000002,1.0,0.0,1.0,1.0,0.8,0.31999999999999995,1.0,0.0,0.0,0.0,0.0,0.0,0.0,0.0,9.0,9.0,1.6,2.56,0.0,0.0,0.0,0.0,0.0,0.0,0.0,1.0,9.0,8.0,2.4,2.2399999999999998,1.0,6.615,73.1066666667,66.4916666667,22.11483333334,20.420766666675995,6.615,0.0,7.853,7.853,4.711799999999999,3.7694400000000003,7.853,0.0,6.35e-06,6.35e-06,6.350000000000001e-07,1.1430000000000001e-06,0.0,194.0,229.0,35.0,204.5,14.7,194.0,-11.482348363748581,0.6644692073249012,1,0.8774432812436516
Rb2ZnFeH6,1.0,37.0,36.0,13.6,15.12,1.0,4.0,92.0,88.0,68.4,28.439999999999998,92.0,1.00794,85.4678,84.45985999999999,29.820823999999998,34.575460799999995,1.00794,14.01,1811.0,1796.99,321.26599999999996,372.22959999999995,14.01,1.0,12.0,11.0,2.8,2.88,1.0,1.0,5.0,4.0,2.4,1.6799999999999997,1.0,31.0,220.0,189.0,88.0,68.4,31.0,0.82,2.2,1.3800000000000003,1.832,0.44160000000000005,2.2,1.0,2.0,1.0,1.2,0.31999999999999995,1.0,0.0,0.0,0.0,0.0,0.0,0.0,0.0,10.0,10.0,1.6,2.56,0.0,0.0,0.0,0.0,0.0,0.0,0.0,1.0,12.0,11.0,2.8,2.88,1.0,0.0,1.0,1.0,0.8,0.31999999999999995,1.0,0.0,0.0,0.0,0.0,0.0,0.0,0.0,4.0,4.0,0.4,0.7200000000000001,0.0,0.0,0.0,0.0,0.0,0.0,0.0,0.0,4.0,4.0,1.2,0.5599999999999999,1.0,6.615,90.7225,84.1075,24.5825,26.456,6.615,0.0,7.853,7.853,4.711799999999999,3.7694400000000003,7.853,0.0,2.1106628,2.1106628,0.21106628,0.37991930399999996,0.0,194.0,229.0,35.0,204.5,14.7,194.0,-10.622299293155038,2.166505547238582,1,0.8763087885985749
Rb2FeZnH6,1.0,37.0,36.0,13.6,15.12,1.0,4.0,92.0,88.0,68.4,28.439999999999998,92.0,1.00794,85.4678,84.45985999999999,29.820823999999998,34.575460799999995,1.00794,14.01,1811.0,1796.99,321.26599999999996,372.2296,14.01,1.0,12.0,11.0,2.8,2.88,1.0,1.0,5.0,4.0,2.4,1.6799999999999997,1.0,31.0,220.0,189.0,88.0,68.4,31.0,0.82,2.2,1.3800000000000003,1.832,0.44160000000000005,2.2,1.0,2.0,1.0,1.2,0.31999999999999995,1.0,0.0,0.0,0.0,0.0,0.0,0.0,0.0,10.0,10.0,1.6,2.56,0.0,0.0,0.0,0.0,0.0,0.0,0.0,1.0,12.0,11.0,2.8,2.88,1.0,0.0,1.0,1.0,0.8,0.31999999999999995,1.0,0.0,0.0,0.0,0.0,0.0,0.0,0.0,4.0,4.0,0.4,0.7200000000000001,0.0,0.0,0.0,0.0,0.0,0.0,0.0,0.0,4.0,4.0,1.2,0.5599999999999999,1.0,6.615,90.7225,84.1075,24.5825,26.456,6.615,0.0,7.853,7.853,4.711799999999999,3.7694400000000003,7.853,0.0,2.1106628,2.1106628,0.21106628,0.37991930399999996,0.0,194.0,229.0,35.0,204.5,14.7,194.0,-10.622299293155038,2.166505547238582,1,0.8763087885985749
Cs2AlTiH6,1.0,55.0,54.0,15.1,17.339999999999996,1.0,5.0,92.0,87.0,67.8,30.080000000000005,92.0,1.00794,132.9054519,131.8975119,34.67070824,41.933155815999996,1.00794,14.01,1941.0,1926.99,356.171,432.4255999999999,14.01,1.0,13.0,12.0,2.5,2.4,1.0,1.0,6.0,5.0,2.5,1.8,1.0,31.0,244.0,213.0,95.5,77.4,31.0,0.79,2.2,1.4100000000000001,1.793,0.48840000000000006,2.2,1.0,2.0,1.0,1.2,0.31999999999999995,1.0,0.0,1.0,1.0,0.1,0.18000000000000002,0.0,0.0,2.0,2.0,0.2,0.36000000000000004,0.0,0.0,0.0,0.0,0.0,0.0,0.0,1.0,4.0,3.0,1.5,0.8,1.0,0.0,1.0,1.0,0.8,0.31999999999999995,1.0,0.0,5.0,5.0,0.5,0.9,0.0,0.0,8.0,8.0,0.8,1.4400000000000002,0.0,0.0,0.0,0.0,0.0,0.0,0.0,1.0,8.0,7.0,2.1,1.7600000000000002,1.0,6.615,115.765,109.15,30.439,34.130399999999995,6.615,0.0,7.853,7.853,4.711799999999999,3.7694400000000003,7.853,0.0,2.25333333333e-05,2.25333333333e-05,2.25333333333e-06,4.055999999993999e-06,0.0,194.0,229.0,35.0,204.1,14.139999999999997,194.0,-10.066521389462647,2.780509623621198,1,0.8729936880072137
Cs2TiAlH6,1.0,55.0,54.0,15.1,17.339999999999996,1.0,5.0,92.0,87.0,67.8,30.079999999999995,92.0,1.00794,132.9054519,131.8975119,34.67070824,41.933155815999996,1.00794,14.01,1941.0,1926.99,356.17099999999994,432.4255999999999,14.01,1.0,13.0,12.0,2.5,2.4,1.0,1.0,6.0,5.0,2.5,1.8,1.0,31.0,244.0,213.0,95.5,77.4,31.0,0.79,2.2,1.4100000000000001,1.793,0.48840000000000006,2.2,1.0,2.0,1.0,1.2,0.31999999999999995,1.0,0.0,1.0,1.0,0.1,0.18000000000000002,0.0,0.0,2.0,2.0,0.2,0.36000000000000004,0.0,0.0,0.0,0.0,0.0,0.0,0.0,1.0,4.0,3.0,1.5,0.8,1.0,0.0,1.0,1.0,0.8,0.31999999999999995,1.0,0.0,5.0,5.0,0.5,0.9,0.0,0.0,8.0,8.0,0.8,1.4400000000000002,0.0,0.0,0.0,0.0,0.0,0.0,0.0,1.0,8.0,7.0,2.1,1.7600000000000002,1.0,6.615,115.765,109.15,30.439,34.130399999999995,6.615,0.0,7.853,7.853,4.711799999999999,3.7694400000000003,7.853,0.0,2.25333333333e-05,2.25333333333e-05,2.25333333333e-06,4.055999999994e-06,0.0,194.0,229.0,35.0,204.1,14.139999999999997,194.0,-10.066521389462647,2.7805096236211977,1,0.8729936880072137
K2FeTiH6,1.0,26.0,25.0,9.2,9.84,1.0,3.0,92.0,89.0,65.6,31.68,92.0,1.00794,55.845,54.83706,18.795624,21.3452208,1.00794,14.01,1941.0,1926.99,450.912,570.0351999999999,14.01,1.0,8.0,7.0,2.0,1.6,1.0,1.0,4.0,3.0,2.2,1.44,1.0,31.0,203.0,172.0,88.4,68.88,31.0,0.82,2.2,1.3800000000000003,1.8210000000000002,0.45660000000000006,2.2,1.0,2.0,1.0,1.2,0.31999999999999995,1.0,0.0,0.0,0.0,0.0,0.0,0.0,0.0,6.0,6.0,0.8,1.28,0.0,0.0,0.0,0.0,0.0,0.0,0.0,1.0,8.0,7.0,2.0,1.6,1.0,0.0,1.0,1.0,0.8,0.31999999999999995,1.0,0.0,0.0,0.0,0.0,0.0,0.0,0.0,8.0,8.0,1.2,1.92,0.0,0.0,0.0,0.0,0.0,0.0,0.0,1.0,8.0,7.0,2.0,1.6,1.0,6.615,73.1066666667,66.4916666667,21.332333333339996,20.709733333343998,6.615,0.0,7.853,7.853,4.711799999999999,3.7694400000000003,7.853,0.0,2.1106628,2.1106628,0.21106853333333336,0.3799188533333334,0.0,194.0,229.0,35.0,204.5,14.7,194.0,-11.055437149134931,0.7918223706640035,1,0.8726175771971498
K2ScCoH6,1.0,27.0,26.0,9.2,9.84,1.0,3.0,92.0,89.0,62.7,35.160000000000004,92.0,1.00794,58.933195,57.925255,18.813334700000002,21.36647364,1.00794,14.01,1814.0,1799.99,433.912,542.8351999999999,14.01,1.0,9.0,8.0,2.0,1.6,1.0,1.0,4.0,3.0,2.2,1.44,1.0,31.0,203.0,172.0,88.8,69.35999999999999,31.0,0.82,2.2,1.3800000000000003,1.8080000000000003,0.4848,2.2,1.0,2.0,1.0,1.2,0.31999999999999995,1.0,0.0,0.0,0.0,0.0,0.0,0.0,0.0,7.0,7.0,0.8,1.28,0.0,0.0,0.0,0.0,0.0,0.0,0.0,1.0,9.0,8.0,2.0,1.6,1.0,0.0,1.0,1.0,0.8,0.31999999999999995,1.0,0.0,0.0,0.0,0.0,0.0,0.0,0.0,9.0,9.0,1.2,1.92,0.0,0.0,0.0,0.0,0.0,0.0,0.0,1.0,9.0,8.0,2.0,1.6,1.0,6.615,73.1066666667,66.4916666667,21.83833333334,20.586666666675995,6.615,0.0,7.853,7.853,4.711799999999999,3.7694400000000003,7.853,0.0,1.5484712,1.5484712,0.154847755,0.278724689,0.0,194.0,229.0,35.0,201.0,11.2,194.0,-10.998739282012462,0.9955323565862715,1,0.8726175771971498
K2CoScH6,1.0,27.0,26.0,9.2,9.84,1.0,3.0,92.0,89.0,62.7,35.160000000000004,92.0,1.00794,58.933195,57.925255,18.813334700000002,21.36647364,1.00794,14.01,1814.0,1799.99,433.912,542.8351999999999,14.01,1.0,9.0,8.0,2.0,1.6,1.0,1.0,4.0,3.0,2.2,1.44,1.0,31.0,203.0,172.0,88.8,69.35999999999999,31.0,0.82,2.2,1.3800000000000003,1.8080000000000003,0.4848,2.2,1.0,2.0,1.0,1.2,0.31999999999999995,1.0,0.0,0.0,0.0,0.0,0.0,0.0,0.0,7.0,7.0,0.8,1.28,0.0,0.0,0.0,0.0,0.0,0.0,0.0,1.0,9.0,8.0,2.0,1.6,1.0,0.0,1.0,1.0,0.8,0.31999999999999995,1.0,0.0,0.0,0.0,0.0,0.0,0.0,0.0,9.0,9.0,1.2,1.92,0.0,0.0,0.0,0.0,0.0,0.0,0.0,1.0,9.0,8.0,2.0,1.6,1.0,6.615,73.1066666667,66.4916666667,21.83833333334,20.586666666675995,6.615,0.0,7.853,7.853,4.711799999999999,3.7694400000000003,7.853,0.0,1.5484712,1.5484712,0.154847755,0.278724689,0.0,194.0,229.0,35.0,201.0,11.2,194.0,-10.998739282012462,0.9955323565862715,1,0.8726175771971498
K2ScFeH6,1.0,26.0,25.0,9.1,9.719999999999999,1.0,3.0,92.0,89.0,62.4,35.52,92.0,1.00794,55.845,54.83706,18.5045152,20.99589024,1.00794,14.01,1814.0,1799.99,438.212,549.7152,14.01,1.0,8.0,7.0,1.9,1.44,1.0,1.0,4.0,3.0,2.2,1.44,1.0,31.0,203.0,172.0,89.4,70.08,31.0,0.82,2.2,1.3800000000000003,1.8030000000000002,0.4818000000000001,2.2,1.0,2.0,1.0,1.2,0.31999999999999995,1.0,0.0,0.0,0.0,0.0,0.0,0.0,0.0,6.0,6.0,0.7,1.1199999999999999,0.0,0.0,0.0,0.0,0.0,0.0,0.0,1.0,8.0,7.0,1.9,1.44,1.0,0.0,1.0,1.0,0.8,0.31999999999999995,1.0,0.0,0.0,0.0,0.0,0.0,0.0,0.0,9.0,9.0,1.3,2.08,0.0,0.0,0.0,0.0,0.0,0.0,0.0,1.0,9.0,8.0,2.1,1.7600000000000002,1.0,6.615,73.1066666667,66.4916666667,21.88683333334,20.557566666676,6.615,0.0,7.853,7.853,4.711799999999999,3.7694400000000003,7.853,0.0,2.1106628,2.1106628,0.21106691500000002,0.37991917700000005,0.0,194.0,229.0,35.0,204.5,14.7,194.0,-11.266749190882647,1.0028690458027125,1,0.8726175771971498
K2TiFeH6,1.0,26.0,25.0,9.2,9.84,1.0,3.0,92.0,89.0,65.6,31.68,92.0,1.00794,55.845,54.83706,18.795624,21.3452208,1.00794,14.01,1941.0,1926.99,450.912,570.0351999999999,14.01,1.0,8.0,7.0,2.0,1.6,1.0,1.0,4.0,3.0,2.2,1.44,1.0,31.0,203.0,172.0,88.4,68.88,31.0,0.82,2.2,1.3800000000000003,1.8210000000000002,0.45660000000000006,2.2,1.0,2.0,1.0,1.2,0.31999999999999995,1.0,0.0,0.0,0.0,0.0,0.0,0.0,0.0,6.0,6.0,0.8,1.28,0.0,0.0,0.0,0.0,0.0,0.0,0.0,1.0,8.0,7.0,2.0,1.6,1.0,0.0,1.0,1.0,0.8,0.31999999999999995,1.0,0.0,0.0,0.0,0.0,0.0,0.0,0.0,8.0,8.0,1.2,1.92,0.0,0.0,0.0,0.0,0.0,0.0,0.0,1.0,8.0,7.0,2.0,1.6,1.0,6.615,73.1066666667,66.4916666667,21.332333333339996,20.709733333343998,6.615,0.0,7.853,7.853,4.711799999999999,3.7694400000000003,7.853,0.0,2.1106628,2.1106628,0.21106853333333336,0.3799188533333334,0.0,194.0,229.0,35.0,204.5,14.7,194.0,-11.055437149134931,0.7918223706640035,1,0.8726175771971498
K2FeScH6,1.0,26.0,25.0,9.1,9.719999999999999,1.0,3.0,92.0,89.0,62.4,35.52,92.0,1.00794,55.845,54.83706,18.504515200000004,20.99589024,1.00794,14.01,1814.0,1799.99,438.212,549.7152,14.01,1.0,8.0,7.0,1.9,1.44,1.0,1.0,4.0,3.0,2.2,1.44,1.0,31.0,203.0,172.0,89.4,70.08,31.0,0.82,2.2,1.3800000000000003,1.8030000000000002,0.48180000000000006,2.2,1.0,2.0,1.0,1.2,0.31999999999999995,1.0,0.0,0.0,0.0,0.0,0.0,0.0,0.0,6.0,6.0,0.7,1.1199999999999999,0.0,0.0,0.0,0.0,0.0,0.0,0.0,1.0,8.0,7.0,1.9,1.44,1.0,0.0,1.0,1.0,0.8,0.31999999999999995,1.0,0.0,0.0,0.0,0.0,0.0,0.0,0.0,9.0,9.0,1.3,2.08,0.0,0.0,0.0,0.0,0.0,0.0,0.0,1.0,9.0,8.0,2.1,1.7600000000000002,1.0,6.615,73.1066666667,66.4916666667,21.886833333339997,20.557566666675996,6.615,0.0,7.853,7.853,4.711799999999999,3.7694400000000003,7.853,0.0,2.1106628,2.1106628,0.21106691500000002,0.379919177,0.0,194.0,229.0,35.0,204.5,14.7,194.0,-11.266749190882647,1.0028690458027125,1,0.8726175771971498
K2MnNiH6,1.0,28.0,27.0,9.7,10.440000000000001,1.0,3.0,92.0,89.0,67.1,29.880000000000003,92.0,1.00794,58.6934,57.68546,19.7875685,22.5355542,1.00794,14.01,1728.0,1713.99,400.412,489.2351999999999,14.01,1.0,10.0,9.0,2.5,2.4,1.0,1.0,4.0,3.0,2.2,1.44,1.0,31.0,203.0,172.0,85.5,65.4,31.0,0.82,2.2,1.3800000000000003,1.83,0.46000000000000013,2.2,1.0,2.0,1.0,1.2,0.31999999999999995,1.0,0.0,0.0,0.0,0.0,0.0,0.0,0.0,8.0,8.0,1.3,2.08,0.0,0.0,0.0,0.0,0.0,0.0,0.0,1.0,10.0,9.0,2.5,2.4,1.0,0.0,1.0,1.0,0.8,0.31999999999999995,1.0,0.0,0.0,0.0,0.0,0.0,0.0,0.0,5.0,5.0,0.7,1.1199999999999999,0.0,0.0,0.0,0.0,0.0,0.0,0.0,1.0,5.0,4.0,1.5,0.8,1.0,6.615,73.1066666667,66.4916666667,20.671091954029997,20.974229885067995,6.615,0.0,7.853,7.853,4.711799999999999,3.7694400000000003,7.853,0.0,0.5953947,0.5953947,0.0595704820689655,0.1071648435862069,0.0,194.0,229.0,35.0,206.4,14.88,194.0,-10.052093071561726,0.3808504392562609,1,0.8726175771971496
K2NiMnH6,1.0,28.0,27.0,9.7,10.440000000000001,1.0,3.0,92.0,89.0,67.1,29.880000000000003,92.0,1.00794,58.6934,57.68546,19.7875685,22.5355542,1.00794,14.01,1728.0,1713.99,400.412,489.2351999999999,14.01,1.0,10.0,9.0,2.5,2.4,1.0,1.0,4.0,3.0,2.2,1.44,1.0,31.0,203.0,172.0,85.5,65.4,31.0,0.82,2.2,1.3800000000000003,1.83,0.46000000000000013,2.2,1.0,2.0,1.0,1.2,0.31999999999999995,1.0,0.0,0.0,0.0,0.0,0.0,0.0,0.0,8.0,8.0,1.3,2.08,0.0,0.0,0.0,0.0,0.0,0.0,0.0,1.0,10.0,9.0,2.5,2.4,1.0,0.0,1.0,1.0,0.8,0.31999999999999995,1.0,0.0,0.0,0.0,0.0,0.0,0.0,0.0,5.0,5.0,0.7,1.1199999999999999,0.0,0.0,0.0,0.0,0.0,0.0,0.0,1.0,5.0,4.0,1.5,0.8,1.0,6.615,73.1066666667,66.4916666667,20.671091954029997,20.974229885067995,6.615,0.0,7.853,7.853,4.711799999999999,3.7694400000000003,7.853,0.0,0.5953947,0.5953947,0.0595704820689655,0.10716484358620688,0.0,194.0,229.0,35.0,206.4,14.88,194.0,-10.052093071561726,0.3808504392562609,1,0.8726175771971496
Rb2ZnCuH6,1.0,37.0,36.0,13.9,15.48,1.0,4.0,92.0,88.0,69.3,27.24,92.0,1.00794,85.4678,84.45985999999999,30.590924,35.499580800000004,1.00794,14.01,1357.77,1343.76,275.943,314.3196,14.01,1.0,12.0,11.0,3.1,3.3600000000000003,1.0,1.0,5.0,4.0,2.4,1.6799999999999997,1.0,31.0,220.0,189.0,88.0,68.4,31.0,0.82,2.2,1.3800000000000003,1.839,0.44540000000000013,2.2,1.0,2.0,1.0,1.1,0.18000000000000008,1.0,0.0,0.0,0.0,0.0,0.0,0.0,0.0,10.0,10.0,2.0,3.2,0.0,0.0,0.0,0.0,0.0,0.0,0.0,1.0,12.0,11.0,3.1,3.3600000000000003,1.0,0.0,1.0,1.0,0.9,0.18,1.0,0.0,0.0,0.0,0.0,0.0,0.0,0.0,0.0,0.0,0.0,0.0,0.0,0.0,0.0,0.0,0.0,0.0,0.0,0.0,1.0,1.0,0.9,0.18,1.0,6.615,90.7225,84.1075,24.6165,26.4424,6.615,0.0,7.853,7.853,4.711799999999999,3.7694400000000003,7.853,0.0,0.0,0.0,0.0,0.0,0.0,194.0,229.0,35.0,204.1,14.139999999999997,194.0,-10.085115155240256,1.7876162565468883,1,0.8722170283806343
Rb2CuZnH6,1.0,37.0,36.0,13.9,15.48,1.0,4.0,92.0,88.0,69.3,27.24,92.0,1.00794,85.4678,84.45985999999999,30.590923999999994,35.4995808,1.00794,14.01,1357.77,1343.76,275.943,314.3196,14.01,1.0,12.0,11.0,3.1,3.3600000000000003,1.0,1.0,5.0,4.0,2.4,1.6799999999999997,1.0,31.0,220.0,189.0,88.0,68.4,31.0,0.82,2.2,1.3800000000000003,1.839,0.44540000000000013,2.2,1.0,2.0,1.0,1.1,0.18000000000000008,1.0,0.0,0.0,0.0,0.0,0.0,0.0,0.0,10.0,10.0,2.0,3.2,0.0,0.0,0.0,0.0,0.0,0.0,0.0,1.0,12.0,11.0,3.1,3.3600000000000003,1.0,0.0,1.0,1.0,0.9,0.18,1.0,0.0,0.0,0.0,0.0,0.0,0.0,0.0,0.0,0.0,0.0,0.0,0.0,0.0,0.0,0.0,0.0,0.0,0.0,0.0,1.0,1.0,0.9,0.18,1.0,6.615,90.7225,84.1075,24.6165,26.4424,6.615,0.0,7.853,7.853,4.711799999999999,3.7694400000000003,7.853,0.0,0.0,0.0,0.0,0.0,0.0,194.0,229.0,35.0,204.1,14.139999999999997,194.0,-10.085115155240256,1.787616256546888,1,0.8722170283806343
K2CoFeH6,1.0,27.0,26.0,9.7,10.440000000000001,1.0,3.0,92.0,89.0,67.1,29.880000000000003,92.0,1.00794,58.933195,57.925255,19.9022435,22.673164200000002,1.00794,14.01,1811.0,1796.99,433.61199999999997,542.3552,14.01,1.0,9.0,8.0,2.5,2.4,1.0,1.0,4.0,3.0,2.2,1.44,1.0,31.0,203.0,172.0,85.0,64.8,31.0,0.82,2.2,1.3800000000000003,1.855,0.41900000000000015,2.2,1.0,2.0,1.0,1.2,0.31999999999999995,1.0,0.0,0.0,0.0,0.0,0.0,0.0,0.0,7.0,7.0,1.3,2.08,0.0,0.0,0.0,0.0,0.0,0.0,0.0,1.0,9.0,8.0,2.5,2.4,1.0,0.0,1.0,1.0,0.8,0.31999999999999995,1.0,0.0,0.0,0.0,0.0,0.0,0.0,0.0,4.0,4.0,0.7,1.1199999999999999,0.0,0.0,0.0,0.0,0.0,0.0,0.0,1.0,4.0,3.0,1.5,0.8,1.0,6.615,73.1066666667,66.4916666667,20.68783333334,20.967533333344,6.615,0.0,7.853,7.853,4.711799999999999,3.7694400000000003,7.853,0.0,2.1106628,2.1106628,0.3659134,0.58546144,0.0,194.0,229.0,35.0,204.5,14.7,194.0,-10.456996849810988,0.4664527105647398,1,0.8709166997713714
K2FeCoH6,1.0,27.0,26.0,9.7,10.440000000000001,1.0,3.0,92.0,89.0,67.1,29.880000000000003,92.0,1.00794,58.933195,57.925255,19.902243500000004,22.6731642,1.00794,14.01,1811.0,1796.99,433.61199999999997,542.3552,14.01,1.0,9.0,8.0,2.5,2.4,1.0,1.0,4.0,3.0,2.2,1.44,1.0,31.0,203.0,172.0,85.0,64.8,31.0,0.82,2.2,1.3800000000000003,1.855,0.41900000000000015,2.2,1.0,2.0,1.0,1.2,0.31999999999999995,1.0,0.0,0.0,0.0,0.0,0.0,0.0,0.0,7.0,7.0,1.3,2.08,0.0,0.0,0.0,0.0,0.0,0.0,0.0,1.0,9.0,8.0,2.5,2.4,1.0,0.0,1.0,1.0,0.8,0.31999999999999995,1.0,0.0,0.0,0.0,0.0,0.0,0.0,0.0,4.0,4.0,0.7,1.1199999999999999,0.0,0.0,0.0,0.0,0.0,0.0,0.0,1.0,4.0,3.0,1.5,0.8,1.0,6.615,73.1066666667,66.4916666667,20.68783333334,20.967533333344,6.615,0.0,7.853,7.853,4.711799999999999,3.7694400000000003,7.853,0.0,2.1106628,2.1106628,0.3659134,0.5854614400000001,0.0,194.0,229.0,35.0,204.5,14.7,194.0,-10.456996849810988,0.4664527105647398,1,0.8709166997713714
Cs2CuFeH6,1.0,55.0,54.0,17.1,19.32,1.0,5.0,92.0,87.0,68.1,28.68,92.0,1.00794,132.9054519,131.8975119,39.12495438,45.740417256,1.00794,14.01,1811.0,1796.99,385.601,479.51360000000005,14.01,1.0,11.0,10.0,2.7,2.72,1.0,1.0,6.0,5.0,2.6,1.9200000000000004,1.0,31.0,244.0,213.0,93.8,75.35999999999999,31.0,0.79,2.2,1.4100000000000001,1.8510000000000002,0.4286,2.2,1.0,2.0,1.0,1.1,0.18000000000000008,1.0,0.0,0.0,0.0,0.0,0.0,0.0,0.0,10.0,10.0,1.6,2.56,0.0,0.0,0.0,0.0,0.0,0.0,0.0,1.0,11.0,10.0,2.7,2.72,1.0,0.0,1.0,1.0,0.9,0.18,1.0,0.0,0.0,0.0,0.0,0.0,0.0,0.0,4.0,4.0,0.4,0.7200000000000001,0.0,0.0,0.0,0.0,0.0,0.0,0.0,1.0,4.0,3.0,1.3,0.54,1.0,6.615,115.765,109.15,29.302,34.5852,6.615,0.0,7.853,7.853,4.711799999999999,3.7694400000000003,7.853,0.0,2.1106628,2.1106628,0.21106628,0.37991930399999996,0.0,194.0,229.0,35.0,207.6,16.32,194.0,-11.87095509731563,4.336335666519076,1,0.87
Cs2FeCuH6,1.0,55.0,54.0,17.1,19.32,1.0,5.0,92.0,87.0,68.1,28.68,92.0,1.00794,132.9054519,131.8975119,39.124954380000005,45.740417256,1.00794,14.01,1811.0,1796.99,385.601,479.51360000000005,14.01,1.0,11.0,10.0,2.7,2.72,1.0,1.0,6.0,5.0,2.6,1.9200000000000004,1.0,31.0,244.0,213.0,93.8,75.35999999999999,31.0,0.79,2.2,1.4100000000000001,1.8510000000000002,0.4286,2.2,1.0,2.0,1.0,1.1,0.18000000000000008,1.0,0.0,0.0,0.0,0.0,0.0,0.0,0.0,10.0,10.0,1.6,2.56,0.0,0.0,0.0,0.0,0.0,0.0,0.0,1.0,11.0,10.0,2.7,2.72,1.0,0.0,1.0,1.0,0.9,0.18,1.0,0.0,0.0,0.0,0.0,0.0,0.0,0.0,4.0,4.0,0.4,0.7200000000000001,0.0,0.0,0.0,0.0,0.0,0.0,0.0,1.0,4.0,3.0,1.3,0.54,1.0,6.615,115.765,109.15,29.302,34.5852,6.615,0.0,7.853,7.853,4.711799999999999,3.7694400000000003,7.853,0.0,2.1106628,2.1106628,0.21106628,0.37991930399999996,0.0,194.0,229.0,35.0,207.6,16.32,194.0,-11.87095509731563,4.336335666519076,1,0.87
K2AlScH6,1.0,21.0,20.0,7.8,8.16,1.0,3.0,92.0,89.0,64.2,35.11999999999999,92.0,1.00794,44.955912,43.947972,15.618169060000003,17.532274872000002,1.00794,14.01,1814.0,1799.99,350.45899999999995,409.3104,14.01,1.0,13.0,12.0,2.4,2.2399999999999998,1.0,1.0,4.0,3.0,2.1,1.3199999999999998,1.0,31.0,203.0,172.0,88.3,68.75999999999999,31.0,0.82,2.2,1.3800000000000003,1.7810000000000001,0.5028,2.2,1.0,2.0,1.0,1.2,0.31999999999999995,1.0,0.0,1.0,1.0,0.1,0.18000000000000002,0.0,0.0,1.0,1.0,0.1,0.18000000000000002,0.0,0.0,0.0,0.0,0.0,0.0,0.0,1.0,3.0,2.0,1.4,0.6399999999999999,1.0,0.0,1.0,1.0,0.8,0.31999999999999995,1.0,0.0,5.0,5.0,0.5,0.9,0.0,0.0,9.0,9.0,0.9,1.6200000000000003,0.0,0.0,0.0,0.0,0.0,0.0,0.0,1.0,9.0,8.0,2.2,1.9200000000000004,1.0,6.615,73.1066666667,66.4916666667,22.461833333339996,20.257933333343995,6.615,0.0,7.853,7.853,4.711799999999999,3.7694400000000003,7.853,0.0,6.35e-06,6.35e-06,6.350000000000001e-07,1.1430000000000001e-06,0.0,194.0,229.0,35.0,204.1,14.139999999999997,194.0,-8.60325159305602,-0.9671119146918757,1,0.8665574700499525
K2ScAlH6,1.0,21.0,20.0,7.8,8.16,1.0,3.0,92.0,89.0,64.2,35.120000000000005,92.0,1.00794,44.955912,43.947972,15.61816906,17.532274872,1.00794,14.01,1814.0,1799.99,350.45899999999995,409.3104,14.01,1.0,13.0,12.0,2.4,2.2399999999999998,1.0,1.0,4.0,3.0,2.1,1.3199999999999998,1.0,31.0,203.0,172.0,88.3,68.75999999999999,31.0,0.82,2.2,1.3800000000000003,1.7810000000000001,0.5028,2.2,1.0,2.0,1.0,1.2,0.31999999999999995,1.0,0.0,1.0,1.0,0.1,0.18000000000000002,0.0,0.0,1.0,1.0,0.1,0.18000000000000002,0.0,0.0,0.0,0.0,0.0,0.0,0.0,1.0,3.0,2.0,1.4,0.6399999999999999,1.0,0.0,1.0,1.0,0.8,0.31999999999999995,1.0,0.0,5.0,5.0,0.5,0.9,0.0,0.0,9.0,9.0,0.9,1.6200000000000003,0.0,0.0,0.0,0.0,0.0,0.0,0.0,1.0,9.0,8.0,2.2,1.9200000000000004,1.0,6.615,73.1066666667,66.4916666667,22.46183333334,20.257933333344,6.615,0.0,7.853,7.853,4.711799999999999,3.7694400000000003,7.853,0.0,6.35e-06,6.35e-06,6.350000000000001e-07,1.1430000000000001e-06,0.0,194.0,229.0,35.0,204.1,14.139999999999997,194.0,-8.60325159305602,-0.9671119146918755,1,0.8665574700499525
Rb2MnFeH6,1.0,37.0,36.0,13.1,14.52,1.0,4.0,92.0,88.0,66.7,30.360000000000003,92.0,1.00794,85.4678,84.45985999999999,28.776628500000005,33.3224262,1.00794,14.01,1811.0,1796.99,403.898,504.4408,14.01,1.0,8.0,7.0,2.3,2.0799999999999996,1.0,1.0,5.0,4.0,2.4,1.6799999999999997,1.0,31.0,220.0,189.0,89.7,70.44000000000001,31.0,0.82,2.2,1.3800000000000003,1.8219999999999998,0.45520000000000016,2.2,1.0,2.0,1.0,1.2,0.31999999999999995,1.0,0.0,0.0,0.0,0.0,0.0,0.0,0.0,6.0,6.0,1.1,1.7600000000000002,0.0,0.0,0.0,0.0,0.0,0.0,0.0,1.0,8.0,7.0,2.3,2.0799999999999996,1.0,0.0,1.0,1.0,0.8,0.31999999999999995,1.0,0.0,0.0,0.0,0.0,0.0,0.0,0.0,5.0,5.0,0.9,1.44,0.0,0.0,0.0,0.0,0.0,0.0,0.0,1.0,5.0,4.0,1.7,1.1199999999999999,1.0,6.615,90.7225,84.1075,24.235258620689997,26.594896551724,6.615,0.0,7.853,7.853,4.711799999999999,3.7694400000000003,7.853,0.0,2.1106628,2.1106628,0.2110972920689655,0.37991310158620684,0.0,194.0,229.0,35.0,206.8,15.360000000000003,194.0,-11.395842471234209,2.1246971588119727,1,0.8663087885985749
Rb2FeMnH6,1.0,37.0,36.0,13.1,14.52,1.0,4.0,92.0,88.0,66.7,30.360000000000003,92.0,1.00794,85.4678,84.45985999999999,28.776628499999998,33.322426199999995,1.00794,14.01,1811.0,1796.99,403.898,504.4408,14.01,1.0,8.0,7.0,2.3,2.0799999999999996,1.0,1.0,5.0,4.0,2.4,1.6799999999999997,1.0,31.0,220.0,189.0,89.7,70.44000000000001,31.0,0.82,2.2,1.3800000000000003,1.8219999999999998,0.45520000000000016,2.2,1.0,2.0,1.0,1.2,0.31999999999999995,1.0,0.0,0.0,0.0,0.0,0.0,0.0,0.0,6.0,6.0,1.1,1.7600000000000002,0.0,0.0,0.0,0.0,0.0,0.0,0.0,1.0,8.0,7.0,2.3,2.0799999999999996,1.0,0.0,1.0,1.0,0.8,0.31999999999999995,1.0,0.0,0.0,0.0,0.0,0.0,0.0,0.0,5.0,5.0,0.9,1.44,0.0,0.0,0.0,0.0,0.0,0.0,0.0,1.0,5.0,4.0,1.7,1.1199999999999999,1.0,6.615,90.7225,84.1075,24.235258620689997,26.594896551724,6.615,0.0,7.853,7.853,4.711799999999999,3.7694400000000003,7.853,0.0,2.1106628,2.1106628,0.2110972920689655,0.3799131015862069,0.0,194.0,229.0,35.0,206.8,15.360000000000003,194.0,-11.395842471234209,2.1246971588119723,1,0.8663087885985749
Rb2NiCoH6,1.0,37.0,36.0,13.5,15.0,1.0,4.0,92.0,88.0,67.9,28.919999999999998,92.0,1.00794,85.4678,84.45985999999999,29.460983499999998,34.1436522,1.00794,14.01,1768.0,1753.99,420.49800000000005,531.0008,14.01,1.0,10.0,9.0,2.7,2.72,1.0,1.0,5.0,4.0,2.4,1.6799999999999997,1.0,31.0,220.0,189.0,87.6,67.92,31.0,0.82,2.2,1.3800000000000003,1.8630000000000002,0.4171999999999999,2.2,1.0,2.0,1.0,1.2,0.31999999999999995,1.0,0.0,0.0,0.0,0.0,0.0,0.0,0.0,8.0,8.0,1.5,2.4,0.0,0.0,0.0,0.0,0.0,0.0,0.0,1.0,10.0,9.0,2.7,2.72,1.0,0.0,1.0,1.0,0.8,0.31999999999999995,1.0,0.0,0.0,0.0,0.0,0.0,0.0,0.0,3.0,3.0,0.5,0.8,0.0,0.0,0.0,0.0,0.0,0.0,0.0,1.0,3.0,2.0,1.3,0.4800000000000001,1.0,6.615,90.7225,84.1075,24.169999999999998,26.621,6.615,0.0,7.853,7.853,4.711799999999999,3.7694400000000003,7.853,0.0,1.5484712,1.5484712,0.21438659000000002,0.34301854400000004,0.0,194.0,229.0,35.0,204.1,14.139999999999997,194.0,-10.720627798939613,1.8955121147576348,1,0.8658464353224218
Rb2CoNiH6,1.0,37.0,36.0,13.5,15.0,1.0,4.0,92.0,88.0,67.9,28.919999999999998,92.0,1.00794,85.4678,84.45985999999999,29.460983499999998,34.1436522,1.00794,14.01,1768.0,1753.99,420.49800000000005,531.0008,14.01,1.0,10.0,9.0,2.7,2.72,1.0,1.0,5.0,4.0,2.4,1.6799999999999997,1.0,31.0,220.0,189.0,87.6,67.92,31.0,0.82,2.2,1.3800000000000003,1.8630000000000002,0.4171999999999999,2.2,1.0,2.0,1.0,1.2,0.31999999999999995,1.0,0.0,0.0,0.0,0.0,0.0,0.0,0.0,8.0,8.0,1.5,2.4,0.0,0.0,0.0,0.0,0.0,0.0,0.0,1.0,10.0,9.0,2.7,2.72,1.0,0.0,1.0,1.0,0.8,0.31999999999999995,1.0,0.0,0.0,0.0,0.0,0.0,0.0,0.0,3.0,3.0,0.5,0.8,0.0,0.0,0.0,0.0,0.0,0.0,0.0,1.0,3.0,2.0,1.3,0.4800000000000001,1.0,6.615,90.7225,84.1075,24.169999999999998,26.621,6.615,0.0,7.853,7.853,4.711799999999999,3.7694400000000003,7.853,0.0,1.5484712,1.5484712,0.21438659000000002,0.34301854400000004,0.0,194.0,229.0,35.0,204.1,14.139999999999997,194.0,-10.720627798939613,1.8955121147576348,1,0.8658464353224218
Rb2CuNiH6,1.0,37.0,36.0,13.7,15.239999999999998,1.0,4.0,92.0,88.0,68.5,28.2,92.0,1.00794,85.4678,84.45985999999999,29.922263999999995,34.6971888,1.00794,14.01,1728.0,1713.99,379.475,465.36400000000003,14.01,1.0,11.0,10.0,2.9,3.04,1.0,1.0,5.0,4.0,2.4,1.6799999999999997,1.0,31.0,220.0,189.0,88.2,68.64000000000001,31.0,0.82,2.2,1.3800000000000003,1.8650000000000002,0.418,2.2,1.0,2.0,1.0,1.1,0.18000000000000008,1.0,0.0,0.0,0.0,0.0,0.0,0.0,0.0,10.0,10.0,1.8,2.88,0.0,0.0,0.0,0.0,0.0,0.0,0.0,1.0,11.0,10.0,2.9,3.04,1.0,0.0,1.0,1.0,0.9,0.18,1.0,0.0,0.0,0.0,0.0,0.0,0.0,0.0,2.0,2.0,0.2,0.36000000000000004,0.0,0.0,0.0,0.0,0.0,0.0,0.0,1.0,2.0,1.0,1.1,0.18000000000000008,1.0,6.615,90.7225,84.1075,24.252499999999998,26.588,6.615,0.0,7.853,7.853,4.711799999999999,3.7694400000000003,7.853,0.0,0.5953947,0.5953947,0.059539470000000004,0.107171046,0.0,194.0,229.0,35.0,207.2,15.839999999999998,194.0,-10.463467989623656,1.8834786561016998,1,0.8644340567612687
Rb2NiCuH6,1.0,37.0,36.0,13.7,15.239999999999998,1.0,4.0,92.0,88.0,68.5,28.2,92.0,1.00794,85.4678,84.45985999999999,29.922264000000002,34.6971888,1.00794,14.01,1728.0,1713.99,379.475,465.36400000000003,14.01,1.0,11.0,10.0,2.9,3.04,1.0,1.0,5.0,4.0,2.4,1.6799999999999997,1.0,31.0,220.0,189.0,88.2,68.64000000000001,31.0,0.82,2.2,1.3800000000000003,1.8649999999999998,0.41800000000000026,2.2,1.0,2.0,1.0,1.1,0.18000000000000008,1.0,0.0,0.0,0.0,0.0,0.0,0.0,0.0,10.0,10.0,1.8,2.88,0.0,0.0,0.0,0.0,0.0,0.0,0.0,1.0,11.0,10.0,2.9,3.04,1.0,0.0,1.0,1.0,0.9,0.18,1.0,0.0,0.0,0.0,0.0,0.0,0.0,0.0,2.0,2.0,0.2,0.36000000000000004,0.0,0.0,0.0,0.0,0.0,0.0,0.0,1.0,2.0,1.0,1.1,0.18000000000000008,1.0,6.615,90.7225,84.1075,24.252499999999998,26.588,6.615,0.0,7.853,7.853,4.711799999999999,3.7694400000000003,7.853,0.0,0.5953947,0.5953947,0.059539470000000004,0.107171046,0.0,194.0,229.0,35.0,207.2,15.839999999999998,194.0,-10.463467989623656,1.8834786561017003,1,0.8644340567612687
K2CoMnH6,1.0,27.0,26.0,9.6,10.319999999999999,1.0,3.0,92.0,89.0,66.8,30.24,92.0,1.00794,58.933195,57.925255,19.811548,22.5643296,1.00794,14.01,1768.0,1753.99,404.412,495.6351999999999,14.01,1.0,9.0,8.0,2.4,2.2399999999999998,1.0,1.0,4.0,3.0,2.2,1.44,1.0,31.0,203.0,172.0,85.7,65.64000000000001,31.0,0.82,2.2,1.3800000000000003,1.827,0.45820000000000016,2.2,1.0,2.0,1.0,1.2,0.31999999999999995,1.0,0.0,0.0,0.0,0.0,0.0,0.0,0.0,7.0,7.0,1.2,1.92,0.0,0.0,0.0,0.0,0.0,0.0,0.0,1.0,9.0,8.0,2.4,2.2399999999999998,1.0,0.0,1.0,1.0,0.8,0.31999999999999995,1.0,0.0,0.0,0.0,0.0,0.0,0.0,0.0,5.0,5.0,0.8,1.28,0.0,0.0,0.0,0.0,0.0,0.0,0.0,1.0,5.0,4.0,1.6,0.9600000000000002,1.0,6.615,73.1066666667,66.4916666667,20.66359195403,20.977229885068,6.615,0.0,7.853,7.853,4.711799999999999,3.7694400000000003,7.853,0.0,1.5484712,1.5484712,0.1548781320689655,0.2787186135862069,0.0,194.0,229.0,35.0,203.3,13.020000000000005,194.0,-10.384767391986934,0.44937614875309445,1,0.8640772386612077
K2MnCoH6,1.0,27.0,26.0,9.6,10.319999999999999,1.0,3.0,92.0,89.0,66.8,30.24,92.0,1.00794,58.933195,57.925255,19.811548,22.5643296,1.00794,14.01,1768.0,1753.99,404.412,495.6351999999999,14.01,1.0,9.0,8.0,2.4,2.2399999999999998,1.0,1.0,4.0,3.0,2.2,1.44,1.0,31.0,203.0,172.0,85.7,65.64000000000001,31.0,0.82,2.2,1.3800000000000003,1.8270000000000004,0.4581999999999999,2.2,1.0,2.0,1.0,1.2,0.31999999999999995,1.0,0.0,0.0,0.0,0.0,0.0,0.0,0.0,7.0,7.0,1.2,1.92,0.0,0.0,0.0,0.0,0.0,0.0,0.0,1.0,9.0,8.0,2.4,2.2399999999999998,1.0,0.0,1.0,1.0,0.8,0.31999999999999995,1.0,0.0,0.0,0.0,0.0,0.0,0.0,0.0,5.0,5.0,0.8,1.28,0.0,0.0,0.0,0.0,0.0,0.0,0.0,1.0,5.0,4.0,1.6,0.9600000000000002,1.0,6.615,73.1066666667,66.4916666667,20.66359195403,20.977229885068,6.615,0.0,7.853,7.853,4.711799999999999,3.7694400000000003,7.853,0.0,1.5484712,1.5484712,0.1548781320689655,0.2787186135862069,0.0,194.0,229.0,35.0,203.3,13.020000000000005,194.0,-10.384767391986934,0.44937614875309434,1,0.8640772386612077
K2TiAlH6,1.0,22.0,21.0,7.9,8.280000000000001,1.0,3.0,92.0,89.0,67.4,30.639999999999997,92.0,1.00794,47.867,46.85906,15.90927786,17.881605432,1.00794,14.01,1941.0,1926.99,363.159,429.6304,14.01,1.0,13.0,12.0,2.5,2.4,1.0,1.0,4.0,3.0,2.1,1.3199999999999998,1.0,31.0,203.0,172.0,87.3,67.55999999999999,31.0,0.82,2.2,1.3800000000000003,1.7990000000000002,0.4812000000000001,2.2,1.0,2.0,1.0,1.2,0.31999999999999995,1.0,0.0,1.0,1.0,0.1,0.18000000000000002,0.0,0.0,2.0,2.0,0.2,0.36000000000000004,0.0,0.0,0.0,0.0,0.0,0.0,0.0,1.0,4.0,3.0,1.5,0.8,1.0,0.0,1.0,1.0,0.8,0.31999999999999995,1.0,0.0,5.0,5.0,0.5,0.9,0.0,0.0,8.0,8.0,0.8,1.4400000000000002,0.0,0.0,0.0,0.0,0.0,0.0,0.0,1.0,8.0,7.0,2.1,1.7600000000000002,1.0,6.615,73.1066666667,66.4916666667,21.90733333334,20.479733333343997,6.615,0.0,7.853,7.853,4.711799999999999,3.7694400000000003,7.853,0.0,2.25333333333e-05,2.25333333333e-05,2.25333333333e-06,4.055999999994e-06,0.0,194.0,229.0,35.0,204.1,14.139999999999997,194.0,-8.391905628418039,-1.0950302198534607,1,0.8626407501830065
K2AlTiH6,1.0,22.0,21.0,7.9,8.280000000000001,1.0,3.0,92.0,89.0,67.4,30.639999999999997,92.0,1.00794,47.867,46.85906,15.90927786,17.881605432,1.00794,14.01,1941.0,1926.99,363.159,429.6304,14.01,1.0,13.0,12.0,2.5,2.4,1.0,1.0,4.0,3.0,2.1,1.3199999999999998,1.0,31.0,203.0,172.0,87.3,67.55999999999999,31.0,0.82,2.2,1.3800000000000003,1.7990000000000002,0.4812000000000001,2.2,1.0,2.0,1.0,1.2,0.31999999999999995,1.0,0.0,1.0,1.0,0.1,0.18000000000000002,0.0,0.0,2.0,2.0,0.2,0.36000000000000004,0.0,0.0,0.0,0.0,0.0,0.0,0.0,1.0,4.0,3.0,1.5,0.8,1.0,0.0,1.0,1.0,0.8,0.31999999999999995,1.0,0.0,5.0,5.0,0.5,0.9,0.0,0.0,8.0,8.0,0.8,1.4400000000000002,0.0,0.0,0.0,0.0,0.0,0.0,0.0,1.0,8.0,7.0,2.1,1.7600000000000002,1.0,6.615,73.1066666667,66.4916666667,21.90733333334,20.479733333343997,6.615,0.0,7.853,7.853,4.711799999999999,3.7694400000000003,7.853,0.0,2.25333333333e-05,2.25333333333e-05,2.25333333333e-06,4.055999999993999e-06,0.0,194.0,229.0,35.0,204.1,14.139999999999997,194.0,-8.391905628418039,-1.0950302198534607,1,0.8626407501830065
K2FeMnH6,1.0,26.0,25.0,9.5,10.2,1.0,3.0,92.0,89.0,66.5,30.6,92.0,1.00794,55.845,54.83706,19.5027285,22.1937462,1.00794,14.01,1811.0,1796.99,408.712,502.5152,14.01,1.0,8.0,7.0,2.3,2.0799999999999996,1.0,1.0,4.0,3.0,2.2,1.44,1.0,31.0,203.0,172.0,86.3,66.35999999999999,31.0,0.82,2.2,1.3800000000000003,1.8219999999999998,0.45520000000000016,2.2,1.0,2.0,1.0,1.2,0.31999999999999995,1.0,0.0,0.0,0.0,0.0,0.0,0.0,0.0,6.0,6.0,1.1,1.7600000000000002,0.0,0.0,0.0,0.0,0.0,0.0,0.0,1.0,8.0,7.0,2.3,2.0799999999999996,1.0,0.0,1.0,1.0,0.8,0.31999999999999995,1.0,0.0,0.0,0.0,0.0,0.0,0.0,0.0,5.0,5.0,0.9,1.44,0.0,0.0,0.0,0.0,0.0,0.0,0.0,1.0,5.0,4.0,1.7,1.1199999999999999,1.0,6.615,73.1066666667,66.4916666667,20.712091954029997,20.957829885067998,6.615,0.0,7.853,7.853,4.711799999999999,3.7694400000000003,7.853,0.0,2.1106628,2.1106628,0.2110972920689655,0.3799131015862069,0.0,194.0,229.0,35.0,206.8,15.360000000000003,194.0,-10.659367278139971,0.4526427643925122,1,0.8626175771971496
K2MnFeH6,1.0,26.0,25.0,9.5,10.2,1.0,3.0,92.0,89.0,66.5,30.6,92.0,1.00794,55.845,54.83706,19.5027285,22.1937462,1.00794,14.01,1811.0,1796.99,408.712,502.5152,14.01,1.0,8.0,7.0,2.3,2.0799999999999996,1.0,1.0,4.0,3.0,2.2,1.44,1.0,31.0,203.0,172.0,86.3,66.35999999999999,31.0,0.82,2.2,1.3800000000000003,1.8219999999999998,0.45520000000000016,2.2,1.0,2.0,1.0,1.2,0.31999999999999995,1.0,0.0,0.0,0.0,0.0,0.0,0.0,0.0,6.0,6.0,1.1,1.7600000000000002,0.0,0.0,0.0,0.0,0.0,0.0,0.0,1.0,8.0,7.0,2.3,2.0799999999999996,1.0,0.0,1.0,1.0,0.8,0.31999999999999995,1.0,0.0,0.0,0.0,0.0,0.0,0.0,0.0,5.0,5.0,0.9,1.44,0.0,0.0,0.0,0.0,0.0,0.0,0.0,1.0,5.0,4.0,1.7,1.1199999999999999,1.0,6.615,73.1066666667,66.4916666667,20.712091954029997,20.957829885067998,6.615,0.0,7.853,7.853,4.711799999999999,3.7694400000000003,7.853,0.0,2.1106628,2.1106628,0.2110972920689655,0.37991310158620684,0.0,194.0,229.0,35.0,206.8,15.360000000000003,194.0,-10.659367278139971,0.4526427643925122,1,0.8626175771971496
Rb2CoZnH6,1.0,37.0,36.0,13.7,15.239999999999998,1.0,4.0,92.0,88.0,68.7,28.020000000000003,92.0,1.00794,85.4678,84.45985999999999,30.129643499999997,34.946044199999996,1.00794,14.01,1768.0,1753.99,316.966,365.3496,14.01,1.0,12.0,11.0,2.9,3.04,1.0,1.0,5.0,4.0,2.4,1.6799999999999997,1.0,31.0,220.0,189.0,87.4,67.67999999999999,31.0,0.82,2.2,1.3800000000000003,1.8370000000000002,0.44420000000000004,2.2,1.0,2.0,1.0,1.2,0.31999999999999995,1.0,0.0,0.0,0.0,0.0,0.0,0.0,0.0,10.0,10.0,1.7,2.7199999999999998,0.0,0.0,0.0,0.0,0.0,0.0,0.0,1.0,12.0,11.0,2.9,3.04,1.0,0.0,1.0,1.0,0.8,0.31999999999999995,1.0,0.0,0.0,0.0,0.0,0.0,0.0,0.0,3.0,3.0,0.3,0.54,0.0,0.0,0.0,0.0,0.0,0.0,0.0,0.0,3.0,3.0,1.1,0.38000000000000006,1.0,6.615,90.7225,84.1075,24.534,26.4754,6.615,0.0,7.853,7.853,4.711799999999999,3.7694400000000003,7.853,0.0,1.5484712,1.5484712,0.15484712,0.278724816,0.0,194.0,229.0,35.0,201.0,11.2,194.0,-10.399244427810908,2.0002219041781935,1,0.8622170283806344
Rb2ZnCoH6,1.0,37.0,36.0,13.7,15.239999999999998,1.0,4.0,92.0,88.0,68.7,28.019999999999992,92.0,1.00794,85.4678,84.45985999999999,30.129643499999997,34.946044199999996,1.00794,14.01,1768.0,1753.99,316.966,365.3496,14.01,1.0,12.0,11.0,2.9,3.04,1.0,1.0,5.0,4.0,2.4,1.6799999999999997,1.0,31.0,220.0,189.0,87.4,67.67999999999999,31.0,0.82,2.2,1.3800000000000003,1.8370000000000002,0.44420000000000004,2.2,1.0,2.0,1.0,1.2,0.31999999999999995,1.0,0.0,0.0,0.0,0.0,0.0,0.0,0.0,10.0,10.0,1.7,2.7199999999999998,0.0,0.0,0.0,0.0,0.0,0.0,0.0,1.0,12.0,11.0,2.9,3.04,1.0,0.0,1.0,1.0,0.8,0.31999999999999995,1.0,0.0,0.0,0.0,0.0,0.0,0.0,0.0,3.0,3.0,0.3,0.54,0.0,0.0,0.0,0.0,0.0,0.0,0.0,0.0,3.0,3.0,1.1,0.38000000000000006,1.0,6.615,90.7225,84.1075,24.534,26.4754,6.615,0.0,7.853,7.853,4.711799999999999,3.7694400000000003,7.853,0.0,1.5484712,1.5484712,0.15484712,0.278724816,0.0,194.0,229.0,35.0,201.0,11.2,194.0,-10.399244427810908,2.0002219041781935,1,0.8622170283806344
Rb2ScFeH6,1.0,37.0,36.0,12.7,14.039999999999997,1.0,4.0,92.0,88.0,62.6,35.279999999999994,92.0,1.00794,85.4678,84.45985999999999,27.778415199999994,32.12457024,1.00794,14.01,1814.0,1799.99,433.398,551.6408,14.01,1.0,8.0,7.0,1.9,1.44,1.0,1.0,5.0,4.0,2.4,1.6799999999999997,1.0,31.0,220.0,189.0,92.8,74.16,31.0,0.82,2.2,1.3800000000000003,1.8030000000000002,0.4818000000000001,2.2,1.0,2.0,1.0,1.2,0.31999999999999995,1.0,0.0,0.0,0.0,0.0,0.0,0.0,0.0,6.0,6.0,0.7,1.1199999999999999,0.0,0.0,0.0,0.0,0.0,0.0,0.0,1.0,8.0,7.0,1.9,1.44,1.0,0.0,1.0,1.0,0.8,0.31999999999999995,1.0,0.0,0.0,0.0,0.0,0.0,0.0,0.0,9.0,9.0,1.3,2.08,0.0,0.0,0.0,0.0,0.0,0.0,0.0,1.0,9.0,8.0,2.1,1.7600000000000002,1.0,6.615,90.7225,84.1075,25.41,26.125,6.615,0.0,7.853,7.853,4.711799999999999,3.7694400000000003,7.853,0.0,2.1106628,2.1106628,0.21106691500000002,0.37991917700000005,0.0,194.0,229.0,35.0,204.5,14.7,194.0,-12.00227135098252,2.6740261463984116,1,0.8609166997713714
Rb2FeScH6,1.0,37.0,36.0,12.7,14.039999999999997,1.0,4.0,92.0,88.0,62.6,35.279999999999994,92.0,1.00794,85.4678,84.45985999999999,27.7784152,32.124570240000004,1.00794,14.01,1814.0,1799.99,433.398,551.6408,14.01,1.0,8.0,7.0,1.9,1.44,1.0,1.0,5.0,4.0,2.4,1.6799999999999997,1.0,31.0,220.0,189.0,92.8,74.16,31.0,0.82,2.2,1.3800000000000003,1.8030000000000002,0.48180000000000006,2.2,1.0,2.0,1.0,1.2,0.31999999999999995,1.0,0.0,0.0,0.0,0.0,0.0,0.0,0.0,6.0,6.0,0.7,1.1199999999999999,0.0,0.0,0.0,0.0,0.0,0.0,0.0,1.0,8.0,7.0,1.9,1.44,1.0,0.0,1.0,1.0,0.8,0.31999999999999995,1.0,0.0,0.0,0.0,0.0,0.0,0.0,0.0,9.0,9.0,1.3,2.08,0.0,0.0,0.0,0.0,0.0,0.0,0.0,1.0,9.0,8.0,2.1,1.7600000000000002,1.0,6.615,90.7225,84.1075,25.409999999999997,26.125,6.615,0.0,7.853,7.853,4.711799999999999,3.7694400000000003,7.853,0.0,2.1106628,2.1106628,0.21106691500000002,0.379919177,0.0,194.0,229.0,35.0,204.5,14.7,194.0,-12.00227135098252,2.674026146398412,1,0.8609166997713714
Ca2NiZnH6,1.0,30.0,29.0,10.4,11.280000000000001,1.0,7.0,92.0,85.0,69.6,26.880000000000003,92.0,1.00794,65.38,64.37205999999999,21.027704,24.0237168,1.00794,14.01,1728.0,1713.99,473.47400000000005,551.3568,14.01,1.0,12.0,11.0,3.2,3.12,1.0,1.0,4.0,3.0,2.2,1.44,1.0,31.0,176.0,145.0,78.4,56.879999999999995,31.0,1.0,2.2,1.2000000000000002,1.8760000000000001,0.39560000000000006,2.2,1.0,2.0,1.0,1.4,0.48,1.0,0.0,0.0,0.0,0.0,0.0,0.0,0.0,10.0,10.0,1.8,2.88,0.0,0.0,0.0,0.0,0.0,0.0,0.0,1.0,12.0,11.0,3.2,3.12,1.0,0.0,1.0,1.0,0.6,0.4800000000000001,1.0,0.0,0.0,0.0,0.0,0.0,0.0,0.0,2.0,2.0,0.2,0.36000000000000004,0.0,0.0,0.0,0.0,0.0,0.0,0.0,0.0,2.0,2.0,0.8,0.47999999999999987,1.0,6.615,37.77,31.155,13.951000000000002,9.5294,6.615,0.0,7.853,7.853,4.711799999999999,3.7694400000000003,7.853,0.0,0.5953947,0.5953947,0.059539470000000004,0.107171046,0.0,194.0,225.0,31.0,203.3,13.020000000000005,194.0,-8.491367860216652,-0.7947702668118782,1,0.86
Ca2NiCuH6,1.0,29.0,28.0,10.3,11.16,1.0,7.0,92.0,85.0,69.1,27.48,92.0,1.00794,63.546,62.53806,20.844304,23.8036368,1.00794,14.01,1728.0,1713.99,539.9830000000001,631.1676,14.01,1.0,11.0,10.0,3.1,2.96,1.0,1.0,4.0,3.0,2.2,1.44,1.0,31.0,176.0,145.0,79.4,58.08,31.0,1.0,2.2,1.2000000000000002,1.9010000000000002,0.3606,2.2,1.0,2.0,1.0,1.3,0.41999999999999993,1.0,0.0,0.0,0.0,0.0,0.0,0.0,0.0,10.0,10.0,1.8,2.88,0.0,0.0,0.0,0.0,0.0,0.0,0.0,1.0,11.0,10.0,3.1,2.96,1.0,0.0,1.0,1.0,0.7,0.41999999999999993,1.0,0.0,0.0,0.0,0.0,0.0,0.0,0.0,2.0,2.0,0.2,0.36000000000000004,0.0,0.0,0.0,0.0,0.0,0.0,0.0,0.0,2.0,2.0,0.9,0.36000000000000004,1.0,6.615,37.77,31.155,13.662,9.643200000000002,6.615,0.0,7.853,7.853,4.711799999999999,3.7694400000000003,7.853,0.0,0.5953947,0.5953947,0.059539470000000004,0.107171046,0.0,194.0,225.0,31.0,206.4,14.88,194.0,-8.848519598759115,-0.8321704259574668,1,0.86
Cs2TiScH6,1.0,55.0,54.0,15.9,17.880000000000003,1.0,5.0,92.0,87.0,61.6,36.48,92.0,1.00794,132.9054519,131.8975119,36.468145580000005,42.552246696000005,1.00794,14.01,1941.0,1926.99,444.22400000000005,573.3104000000001,14.01,1.0,4.0,3.0,1.5,0.8,1.0,1.0,6.0,5.0,2.6,1.9200000000000004,1.0,31.0,244.0,213.0,100.4,83.28,31.0,0.79,2.2,1.4100000000000001,1.768,0.5184000000000001,2.2,1.0,2.0,1.0,1.2,0.31999999999999995,1.0,0.0,0.0,0.0,0.0,0.0,0.0,0.0,2.0,2.0,0.3,0.48,0.0,0.0,0.0,0.0,0.0,0.0,0.0,1.0,4.0,3.0,1.5,0.8,1.0,0.0,1.0,1.0,0.8,0.31999999999999995,1.0,0.0,0.0,0.0,0.0,0.0,0.0,0.0,9.0,9.0,1.7,2.7199999999999998,0.0,0.0,0.0,0.0,0.0,0.0,0.0,1.0,9.0,8.0,2.5,2.4,1.0,6.615,115.765,109.15,31.014499999999998,33.9002,6.615,0.0,7.853,7.853,4.711799999999999,3.7694400000000003,7.853,0.0,2.25333333333e-05,2.25333333333e-05,2.8883333333300003e-06,4.621333333328001e-06,0.0,194.0,229.0,35.0,201.0,11.2,194.0,-13.315178235811615,4.495466456559679,1,0.86
Ca2ZnNiH6,1.0,30.0,29.0,10.4,11.280000000000001,1.0,7.0,92.0,85.0,69.6,26.880000000000003,92.0,1.00794,65.38,64.37205999999999,21.027704,24.0237168,1.00794,14.01,1728.0,1713.99,473.47400000000005,551.3568,14.01,1.0,12.0,11.0,3.2,3.12,1.0,1.0,4.0,3.0,2.2,1.44,1.0,31.0,176.0,145.0,78.4,56.879999999999995,31.0,1.0,2.2,1.2000000000000002,1.8760000000000001,0.39560000000000006,2.2,1.0,2.0,1.0,1.4,0.48,1.0,0.0,0.0,0.0,0.0,0.0,0.0,0.0,10.0,10.0,1.8,2.88,0.0,0.0,0.0,0.0,0.0,0.0,0.0,1.0,12.0,11.0,3.2,3.12,1.0,0.0,1.0,1.0,0.6,0.4800000000000001,1.0,0.0,0.0,0.0,0.0,0.0,0.0,0.0,2.0,2.0,0.2,0.36000000000000004,0.0,0.0,0.0,0.0,0.0,0.0,0.0,0.0,2.0,2.0,0.8,0.4800000000000001,1.0,6.615,37.77,31.155,13.950999999999999,9.529399999999999,6.615,0.0,7.853,7.853,4.711799999999999,3.7694400000000003,7.853,0.0,0.5953947,0.5953947,0.059539470000000004,0.107171046,0.0,194.0,225.0,31.0,203.3,13.020000000000005,194.0,-8.491367860216652,-0.7947702668118782,1,0.86
Cs2ScTiH6,1.0,55.0,54.0,15.9,17.880000000000003,1.0,5.0,92.0,87.0,61.6,36.48,92.0,1.00794,132.9054519,131.8975119,36.468145580000005,42.552246696000005,1.00794,14.01,1941.0,1926.99,444.22400000000005,573.3104000000001,14.01,1.0,4.0,3.0,1.5,0.8,1.0,1.0,6.0,5.0,2.6,1.9200000000000004,1.0,31.0,244.0,213.0,100.4,83.28,31.0,0.79,2.2,1.4100000000000001,1.768,0.5184000000000001,2.2,1.0,2.0,1.0,1.2,0.31999999999999995,1.0,0.0,0.0,0.0,0.0,0.0,0.0,0.0,2.0,2.0,0.3,0.48,0.0,0.0,0.0,0.0,0.0,0.0,0.0,1.0,4.0,3.0,1.5,0.8,1.0,0.0,1.0,1.0,0.8,0.31999999999999995,1.0,0.0,0.0,0.0,0.0,0.0,0.0,0.0,9.0,9.0,1.7,2.7199999999999998,0.0,0.0,0.0,0.0,0.0,0.0,0.0,1.0,9.0,8.0,2.5,2.4,1.0,6.615,115.765,109.15,31.014499999999998,33.9002,6.615,0.0,7.853,7.853,4.711799999999999,3.7694400000000003,7.853,0.0,2.25333333333e-05,2.25333333333e-05,2.8883333333300003e-06,4.621333333328001e-06,0.0,194.0,229.0,35.0,201.0,11.2,194.0,-13.315178235811615,4.495466456559679,1,0.86
Ca2CuNiH6,1.0,29.0,28.0,10.3,11.16,1.0,7.0,92.0,85.0,69.1,27.48,92.0,1.00794,63.546,62.53806,20.844304,23.8036368,1.00794,14.01,1728.0,1713.99,539.9830000000001,631.1676,14.01,1.0,11.0,10.0,3.1,2.96,1.0,1.0,4.0,3.0,2.2,1.44,1.0,31.0,176.0,145.0,79.4,58.08,31.0,1.0,2.2,1.2000000000000002,1.9010000000000002,0.3606,2.2,1.0,2.0,1.0,1.3,0.42000000000000004,1.0,0.0,0.0,0.0,0.0,0.0,0.0,0.0,10.0,10.0,1.8,2.88,0.0,0.0,0.0,0.0,0.0,0.0,0.0,1.0,11.0,10.0,3.1,2.96,1.0,0.0,1.0,1.0,0.7,0.42000000000000004,1.0,0.0,0.0,0.0,0.0,0.0,0.0,0.0,2.0,2.0,0.2,0.36000000000000004,0.0,0.0,0.0,0.0,0.0,0.0,0.0,0.0,2.0,2.0,0.9,0.36,1.0,6.615,37.77,31.155,13.662,9.643200000000002,6.615,0.0,7.853,7.853,4.711799999999999,3.7694400000000003,7.853,0.0,0.5953947,0.5953947,0.059539470000000004,0.107171046,0.0,194.0,225.0,31.0,206.4,14.88,194.0,-8.848519598759115,-0.832170425957467,1,0.86
Cs2MnZnH6,1.0,55.0,54.0,17.1,19.32,1.0,5.0,92.0,87.0,68.3,28.579999999999995,92.0,1.00794,132.9054519,131.8975119,39.21765888,45.851662656,1.00794,14.01,1519.0,1504.99,289.89199999999994,331.0584,14.01,1.0,12.0,11.0,2.7,2.72,1.0,1.0,6.0,5.0,2.6,1.9200000000000004,1.0,31.0,244.0,213.0,93.5,75.0,31.0,0.79,2.2,1.4100000000000001,1.798,0.48240000000000016,2.2,1.0,2.0,1.0,1.2,0.31999999999999995,1.0,0.0,0.0,0.0,0.0,0.0,0.0,0.0,10.0,10.0,1.5,2.4,0.0,0.0,0.0,0.0,0.0,0.0,0.0,1.0,12.0,11.0,2.7,2.72,1.0,0.0,1.0,1.0,0.8,0.31999999999999995,1.0,0.0,0.0,0.0,0.0,0.0,0.0,0.0,5.0,5.0,0.5,0.9,0.0,0.0,0.0,0.0,0.0,0.0,0.0,0.0,5.0,5.0,1.3,0.74,1.0,6.615,115.765,109.15,29.566758620690003,34.479296551724,6.615,0.0,7.853,7.853,4.711799999999999,3.7694400000000003,7.853,0.0,0.000310120689655,0.000310120689655,3.10120689655e-05,5.58217241379e-05,0.0,194.0,229.0,35.0,203.3,13.020000000000005,194.0,-11.30597895805494,4.177875130075146,1,0.8599381955403622
Cs2ZnMnH6,1.0,55.0,54.0,17.1,19.32,1.0,5.0,92.0,87.0,68.3,28.580000000000002,92.0,1.00794,132.9054519,131.8975119,39.21765888,45.851662656,1.00794,14.01,1519.0,1504.99,289.89199999999994,331.0584,14.01,1.0,12.0,11.0,2.7,2.72,1.0,1.0,6.0,5.0,2.6,1.9200000000000004,1.0,31.0,244.0,213.0,93.5,75.0,31.0,0.79,2.2,1.4100000000000001,1.798,0.48240000000000005,2.2,1.0,2.0,1.0,1.2,0.31999999999999995,1.0,0.0,0.0,0.0,0.0,0.0,0.0,0.0,10.0,10.0,1.5,2.4,0.0,0.0,0.0,0.0,0.0,0.0,0.0,1.0,12.0,11.0,2.7,2.72,1.0,0.0,1.0,1.0,0.8,0.31999999999999995,1.0,0.0,0.0,0.0,0.0,0.0,0.0,0.0,5.0,5.0,0.5,0.9,0.0,0.0,0.0,0.0,0.0,0.0,0.0,0.0,5.0,5.0,1.3,0.74,1.0,6.615,115.765,109.15,29.566758620690003,34.479296551724,6.615,0.0,7.853,7.853,4.711799999999999,3.7694400000000003,7.853,0.0,0.000310120689655,0.000310120689655,3.10120689655e-05,5.58217241379e-05,0.0,194.0,229.0,35.0,203.3,13.020000000000005,194.0,-11.30597895805494,4.177875130075146,1,0.8599381955403622
Rb2VScH6,1.0,37.0,36.0,12.4,13.680000000000001,1.0,4.0,92.0,88.0,61.7,36.36,92.0,1.00794,85.4678,84.45985999999999,27.2880652,31.536150239999994,1.00794,14.01,2183.0,2168.99,470.59800000000007,611.1608,14.01,1.0,5.0,4.0,1.6,0.9600000000000002,1.0,1.0,5.0,4.0,2.4,1.6799999999999997,1.0,31.0,220.0,189.0,94.9,76.67999999999999,31.0,0.82,2.2,1.3800000000000003,1.7830000000000001,0.5004000000000002,2.2,1.0,2.0,1.0,1.2,0.31999999999999995,1.0,0.0,0.0,0.0,0.0,0.0,0.0,0.0,3.0,3.0,0.4,0.64,0.0,0.0,0.0,0.0,0.0,0.0,0.0,1.0,5.0,4.0,1.6,0.9600000000000002,1.0,0.0,1.0,1.0,0.8,0.31999999999999995,1.0,0.0,0.0,0.0,0.0,0.0,0.0,0.0,9.0,9.0,1.6,2.56,0.0,0.0,0.0,0.0,0.0,0.0,0.0,1.0,9.0,8.0,2.4,2.2399999999999998,1.0,6.615,90.7225,84.1075,25.637999999999998,26.033799999999996,6.615,0.0,7.853,7.853,4.711799999999999,3.7694400000000003,7.853,0.0,6.35e-06,6.35e-06,6.350000000000001e-07,1.1430000000000001e-06,0.0,194.0,229.0,35.0,204.5,14.7,194.0,-12.232535129593607,2.40687712827068,1,0.8592158223455933
Rb2ScVH6,1.0,37.0,36.0,12.4,13.680000000000001,1.0,4.0,92.0,88.0,61.7,36.36,92.0,1.00794,85.4678,84.45985999999999,27.2880652,31.536150239999994,1.00794,14.01,2183.0,2168.99,470.59800000000007,611.1608,14.01,1.0,5.0,4.0,1.6,0.9600000000000002,1.0,1.0,5.0,4.0,2.4,1.6799999999999997,1.0,31.0,220.0,189.0,94.9,76.67999999999999,31.0,0.82,2.2,1.3800000000000003,1.7830000000000001,0.5004000000000002,2.2,1.0,2.0,1.0,1.2,0.31999999999999995,1.0,0.0,0.0,0.0,0.0,0.0,0.0,0.0,3.0,3.0,0.4,0.64,0.0,0.0,0.0,0.0,0.0,0.0,0.0,1.0,5.0,4.0,1.6,0.9600000000000002,1.0,0.0,1.0,1.0,0.8,0.31999999999999995,1.0,0.0,0.0,0.0,0.0,0.0,0.0,0.0,9.0,9.0,1.6,2.56,0.0,0.0,0.0,0.0,0.0,0.0,0.0,1.0,9.0,8.0,2.4,2.2399999999999998,1.0,6.615,90.7225,84.1075,25.637999999999998,26.033799999999996,6.615,0.0,7.853,7.853,4.711799999999999,3.7694400000000003,7.853,0.0,6.35e-06,6.35e-06,6.350000000000001e-07,1.1430000000000001e-06,0.0,194.0,229.0,35.0,204.5,14.7,194.0,-12.232535129593607,2.40687712827068,1,0.8592158223455933
Ca2FeCoH6,1.0,27.0,26.0,9.9,10.680000000000001,1.0,7.0,92.0,85.0,67.9,28.919999999999998,92.0,1.00794,58.933195,57.925255,20.098183499999998,22.908292199999998,1.00794,14.01,1811.0,1796.99,589.306,690.3552,14.01,1.0,9.0,8.0,2.7,2.3200000000000003,1.0,1.0,4.0,3.0,2.2,1.44,1.0,31.0,176.0,145.0,79.6,58.32000000000001,31.0,1.0,2.2,1.2000000000000002,1.891,0.37080000000000013,2.2,1.0,2.0,1.0,1.4,0.48,1.0,0.0,0.0,0.0,0.0,0.0,0.0,0.0,7.0,7.0,1.3,2.08,0.0,0.0,0.0,0.0,0.0,0.0,0.0,1.0,9.0,8.0,2.7,2.3200000000000003,1.0,0.0,1.0,1.0,0.6,0.4800000000000001,1.0,0.0,0.0,0.0,0.0,0.0,0.0,0.0,4.0,4.0,0.7,1.1199999999999999,0.0,0.0,0.0,0.0,0.0,0.0,0.0,0.0,4.0,4.0,1.3,0.8800000000000001,1.0,6.615,37.77,31.155,13.620500000000002,9.6598,6.615,0.0,7.853,7.853,4.711799999999999,3.7694400000000003,7.853,0.0,2.1106628,2.1106628,0.3659134,0.5854614400000001,0.0,194.0,229.0,35.0,203.7,13.579999999999995,194.0,-9.583754438141241,-0.5135976336308775,1,0.8587380395638472
Ca2CoFeH6,1.0,27.0,26.0,9.9,10.680000000000001,1.0,7.0,92.0,85.0,67.9,28.919999999999998,92.0,1.00794,58.933195,57.925255,20.0981835,22.908292199999998,1.00794,14.01,1811.0,1796.99,589.306,690.3552,14.01,1.0,9.0,8.0,2.7,2.3200000000000003,1.0,1.0,4.0,3.0,2.2,1.44,1.0,31.0,176.0,145.0,79.6,58.32000000000001,31.0,1.0,2.2,1.2000000000000002,1.891,0.37080000000000013,2.2,1.0,2.0,1.0,1.4,0.48,1.0,0.0,0.0,0.0,0.0,0.0,0.0,0.0,7.0,7.0,1.3,2.08,0.0,0.0,0.0,0.0,0.0,0.0,0.0,1.0,9.0,8.0,2.7,2.3200000000000003,1.0,0.0,1.0,1.0,0.6,0.4800000000000001,1.0,0.0,0.0,0.0,0.0,0.0,0.0,0.0,4.0,4.0,0.7,1.1199999999999999,0.0,0.0,0.0,0.0,0.0,0.0,0.0,0.0,4.0,4.0,1.3,0.8800000000000001,1.0,6.615,37.77,31.155,13.620500000000002,9.6598,6.615,0.0,7.853,7.853,4.711799999999999,3.7694400000000003,7.853,0.0,2.1106628,2.1106628,0.3659134,0.58546144,0.0,194.0,229.0,35.0,203.7,13.579999999999995,194.0,-9.583754438141241,-0.5135976336308774,1,0.8587380395638472
Cs2CoZnH6,1.0,55.0,54.0,17.3,19.560000000000002,1.0,5.0,92.0,87.0,68.9,27.74,92.0,1.00794,132.9054519,131.8975119,39.61717388,46.331080656000005,1.00794,14.01,1768.0,1753.99,314.792,366.2192,14.01,1.0,12.0,11.0,2.9,3.04,1.0,1.0,6.0,5.0,2.6,1.9200000000000004,1.0,31.0,244.0,213.0,92.2,73.44000000000001,31.0,0.79,2.2,1.4100000000000001,1.8310000000000002,0.4526,2.2,1.0,2.0,1.0,1.2,0.31999999999999995,1.0,0.0,0.0,0.0,0.0,0.0,0.0,0.0,10.0,10.0,1.7,2.7199999999999998,0.0,0.0,0.0,0.0,0.0,0.0,0.0,1.0,12.0,11.0,2.9,3.04,1.0,0.0,1.0,1.0,0.8,0.31999999999999995,1.0,0.0,0.0,0.0,0.0,0.0,0.0,0.0,3.0,3.0,0.3,0.54,0.0,0.0,0.0,0.0,0.0,0.0,0.0,0.0,3.0,3.0,1.1,0.38000000000000006,1.0,6.615,115.765,109.15,29.5425,34.489,6.615,0.0,7.853,7.853,4.711799999999999,3.7694400000000003,7.853,0.0,1.5484712,1.5484712,0.15484712,0.278724816,0.0,194.0,229.0,35.0,201.0,11.2,194.0,-11.298739583181387,4.074509055713867,1,0.8585258169792093
Cs2ZnCoH6,1.0,55.0,54.0,17.3,19.560000000000002,1.0,5.0,92.0,87.0,68.9,27.74,92.0,1.00794,132.9054519,131.8975119,39.61717388,46.331080656000005,1.00794,14.01,1768.0,1753.99,314.792,366.2192,14.01,1.0,12.0,11.0,2.9,3.04,1.0,1.0,6.0,5.0,2.6,1.9200000000000004,1.0,31.0,244.0,213.0,92.2,73.44000000000001,31.0,0.79,2.2,1.4100000000000001,1.8310000000000002,0.4526,2.2,1.0,2.0,1.0,1.2,0.31999999999999995,1.0,0.0,0.0,0.0,0.0,0.0,0.0,0.0,10.0,10.0,1.7,2.7199999999999998,0.0,0.0,0.0,0.0,0.0,0.0,0.0,1.0,12.0,11.0,2.9,3.04,1.0,0.0,1.0,1.0,0.8,0.31999999999999995,1.0,0.0,0.0,0.0,0.0,0.0,0.0,0.0,3.0,3.0,0.3,0.54,0.0,0.0,0.0,0.0,0.0,0.0,0.0,0.0,3.0,3.0,1.1,0.38000000000000006,1.0,6.615,115.765,109.15,29.5425,34.489,6.615,0.0,7.853,7.853,4.711799999999999,3.7694400000000003,7.853,0.0,1.5484712,1.5484712,0.15484712,0.278724816,0.0,194.0,229.0,35.0,201.0,11.2,194.0,-11.298739583181387,4.074509055713867,1,0.8585258169792093
Rb2MnCuH6,1.0,37.0,36.0,13.4,14.88,1.0,4.0,92.0,88.0,67.6,29.28,92.0,1.00794,85.4678,84.45985999999999,29.5467285,34.2465462,1.00794,14.01,1519.0,1504.99,358.575,431.924,14.01,1.0,11.0,10.0,2.6,2.56,1.0,1.0,5.0,4.0,2.4,1.6799999999999997,1.0,31.0,220.0,189.0,89.7,70.44000000000001,31.0,0.82,2.2,1.3800000000000003,1.829,0.45940000000000014,2.2,1.0,2.0,1.0,1.1,0.18000000000000008,1.0,0.0,0.0,0.0,0.0,0.0,0.0,0.0,10.0,10.0,1.5,2.4,0.0,0.0,0.0,0.0,0.0,0.0,0.0,1.0,11.0,10.0,2.6,2.56,1.0,0.0,1.0,1.0,0.9,0.18,1.0,0.0,0.0,0.0,0.0,0.0,0.0,0.0,5.0,5.0,0.5,0.9,0.0,0.0,0.0,0.0,0.0,0.0,0.0,1.0,5.0,4.0,1.4,0.72,1.0,6.615,90.7225,84.1075,24.26925862069,26.581296551724,6.615,0.0,7.853,7.853,4.711799999999999,3.7694400000000003,7.853,0.0,0.000310120689655,0.000310120689655,3.10120689655e-05,5.58217241379e-05,0.0,194.0,229.0,35.0,206.4,14.88,194.0,-10.748862334066233,2.2015530915953447,1,0.8584640125195713
Rb2CuMnH6,1.0,37.0,36.0,13.4,14.88,1.0,4.0,92.0,88.0,67.6,29.28,92.0,1.00794,85.4678,84.45985999999999,29.5467285,34.2465462,1.00794,14.01,1519.0,1504.99,358.575,431.924,14.01,1.0,11.0,10.0,2.6,2.56,1.0,1.0,5.0,4.0,2.4,1.6799999999999997,1.0,31.0,220.0,189.0,89.7,70.44000000000001,31.0,0.82,2.2,1.3800000000000003,1.829,0.45940000000000014,2.2,1.0,2.0,1.0,1.1,0.18000000000000008,1.0,0.0,0.0,0.0,0.0,0.0,0.0,0.0,10.0,10.0,1.5,2.4,0.0,0.0,0.0,0.0,0.0,0.0,0.0,1.0,11.0,10.0,2.6,2.56,1.0,0.0,1.0,1.0,0.9,0.18,1.0,0.0,0.0,0.0,0.0,0.0,0.0,0.0,5.0,5.0,0.5,0.9,0.0,0.0,0.0,0.0,0.0,0.0,0.0,1.0,5.0,4.0,1.4,0.72,1.0,6.615,90.7225,84.1075,24.26925862069,26.581296551724,6.615,0.0,7.853,7.853,4.711799999999999,3.7694400000000003,7.853,0.0,0.000310120689655,0.000310120689655,3.10120689655e-05,5.58217241379e-05,0.0,194.0,229.0,35.0,206.4,14.88,194.0,-10.748862334066233,2.2015530915953447,1,0.8584640125195713
Rb2TiFeH6,1.0,37.0,36.0,12.8,14.160000000000002,1.0,4.0,92.0,88.0,65.8,31.439999999999998,92.0,1.00794,85.4678,84.45985999999999,28.069524,32.4739008,1.00794,14.01,1941.0,1926.99,446.09800000000007,571.9608000000001,14.01,1.0,8.0,7.0,2.0,1.6,1.0,1.0,5.0,4.0,2.4,1.6799999999999997,1.0,31.0,220.0,189.0,91.8,72.96,31.0,0.82,2.2,1.3800000000000003,1.8210000000000002,0.45660000000000006,2.2,1.0,2.0,1.0,1.2,0.31999999999999995,1.0,0.0,0.0,0.0,0.0,0.0,0.0,0.0,6.0,6.0,0.8,1.28,0.0,0.0,0.0,0.0,0.0,0.0,0.0,1.0,8.0,7.0,2.0,1.6,1.0,0.0,1.0,1.0,0.8,0.31999999999999995,1.0,0.0,0.0,0.0,0.0,0.0,0.0,0.0,8.0,8.0,1.2,1.92,0.0,0.0,0.0,0.0,0.0,0.0,0.0,1.0,8.0,7.0,2.0,1.6,1.0,6.615,90.7225,84.1075,24.8555,26.346799999999995,6.615,0.0,7.853,7.853,4.711799999999999,3.7694400000000003,7.853,0.0,2.1106628,2.1106628,0.21106853333333336,0.3799188533333334,0.0,194.0,229.0,35.0,204.5,14.7,194.0,-11.791912342229173,2.463876765083464,1,0.8563087885985748
K2VNiH6,1.0,28.0,27.0,9.5,10.2,1.0,3.0,92.0,89.0,66.5,30.6,92.0,1.00794,58.6934,57.68546,19.387914000000002,22.0559688,1.00794,14.01,2183.0,2168.99,466.812,595.4752000000001,14.01,1.0,10.0,9.0,2.3,2.0799999999999996,1.0,1.0,4.0,3.0,2.2,1.44,1.0,31.0,203.0,172.0,86.9,67.08,31.0,0.82,2.2,1.3800000000000003,1.8380000000000003,0.4488,2.2,1.0,2.0,1.0,1.2,0.31999999999999995,1.0,0.0,0.0,0.0,0.0,0.0,0.0,0.0,8.0,8.0,1.1,1.7600000000000002,0.0,0.0,0.0,0.0,0.0,0.0,0.0,1.0,10.0,9.0,2.3,2.0799999999999996,1.0,0.0,1.0,1.0,0.8,0.31999999999999995,1.0,0.0,0.0,0.0,0.0,0.0,0.0,0.0,7.0,7.0,0.9,1.44,0.0,0.0,0.0,0.0,0.0,0.0,0.0,1.0,7.0,6.0,1.7,1.1199999999999999,1.0,6.615,73.1066666667,66.4916666667,20.923333333339997,20.873333333343997,6.615,0.0,7.853,7.853,4.711799999999999,3.7694400000000003,7.853,0.0,0.5953947,0.5953947,0.059539470000000004,0.107171046,0.0,194.0,229.0,35.0,207.6,16.32,194.0,-10.331776759969493,0.5720847648691075,1,0.8563087885985748
Rb2FeTiH6,1.0,37.0,36.0,12.8,14.160000000000002,1.0,4.0,92.0,88.0,65.8,31.439999999999998,92.0,1.00794,85.4678,84.45985999999999,28.069524,32.4739008,1.00794,14.01,1941.0,1926.99,446.09800000000007,571.9608000000001,14.01,1.0,8.0,7.0,2.0,1.6,1.0,1.0,5.0,4.0,2.4,1.6799999999999997,1.0,31.0,220.0,189.0,91.8,72.96,31.0,0.82,2.2,1.3800000000000003,1.8210000000000002,0.45660000000000006,2.2,1.0,2.0,1.0,1.2,0.31999999999999995,1.0,0.0,0.0,0.0,0.0,0.0,0.0,0.0,6.0,6.0,0.8,1.28,0.0,0.0,0.0,0.0,0.0,0.0,0.0,1.0,8.0,7.0,2.0,1.6,1.0,0.0,1.0,1.0,0.8,0.31999999999999995,1.0,0.0,0.0,0.0,0.0,0.0,0.0,0.0,8.0,8.0,1.2,1.92,0.0,0.0,0.0,0.0,0.0,0.0,0.0,1.0,8.0,7.0,2.0,1.6,1.0,6.615,90.7225,84.1075,24.8555,26.346799999999995,6.615,0.0,7.853,7.853,4.711799999999999,3.7694400000000003,7.853,0.0,2.1106628,2.1106628,0.21106853333333336,0.3799188533333334,0.0,194.0,229.0,35.0,204.5,14.7,194.0,-11.791912342229173,2.463876765083464,1,0.8563087885985748
K2NiVH6,1.0,28.0,27.0,9.5,10.2,1.0,3.0,92.0,89.0,66.5,30.6,92.0,1.00794,58.6934,57.68546,19.387914,22.0559688,1.00794,14.01,2183.0,2168.99,466.812,595.4752000000001,14.01,1.0,10.0,9.0,2.3,2.0799999999999996,1.0,1.0,4.0,3.0,2.2,1.44,1.0,31.0,203.0,172.0,86.9,67.08,31.0,0.82,2.2,1.3800000000000003,1.8380000000000003,0.4488,2.2,1.0,2.0,1.0,1.2,0.31999999999999995,1.0,0.0,0.0,0.0,0.0,0.0,0.0,0.0,8.0,8.0,1.1,1.7600000000000002,0.0,0.0,0.0,0.0,0.0,0.0,0.0,1.0,10.0,9.0,2.3,2.0799999999999996,1.0,0.0,1.0,1.0,0.8,0.31999999999999995,1.0,0.0,0.0,0.0,0.0,0.0,0.0,0.0,7.0,7.0,0.9,1.44,0.0,0.0,0.0,0.0,0.0,0.0,0.0,1.0,7.0,6.0,1.7,1.1199999999999999,1.0,6.615,73.1066666667,66.4916666667,20.923333333339997,20.873333333344,6.615,0.0,7.853,7.853,4.711799999999999,3.7694400000000003,7.853,0.0,0.5953947,0.5953947,0.059539470000000004,0.107171046,0.0,194.0,229.0,35.0,207.6,16.32,194.0,-10.331776759969493,0.5720847648691076,1,0.8563087885985748
Cs2NiTiH6,1.0,55.0,54.0,16.6,18.72,1.0,5.0,92.0,87.0,66.6,30.48,92.0,1.00794,132.9054519,131.8975119,37.84189438,44.200745256000005,1.00794,14.01,1941.0,1926.99,435.6240000000001,559.5504000000001,14.01,1.0,10.0,9.0,2.2,1.9200000000000004,1.0,1.0,6.0,5.0,2.6,1.9200000000000004,1.0,31.0,244.0,213.0,95.8,77.75999999999999,31.0,0.79,2.2,1.4100000000000001,1.823,0.46980000000000005,2.2,1.0,2.0,1.0,1.2,0.31999999999999995,1.0,0.0,0.0,0.0,0.0,0.0,0.0,0.0,8.0,8.0,1.0,1.6,0.0,0.0,0.0,0.0,0.0,0.0,0.0,1.0,10.0,9.0,2.2,1.9200000000000004,1.0,0.0,1.0,1.0,0.8,0.31999999999999995,1.0,0.0,0.0,0.0,0.0,0.0,0.0,0.0,8.0,8.0,1.0,1.6,0.0,0.0,0.0,0.0,0.0,0.0,0.0,1.0,8.0,7.0,1.8,1.28,1.0,6.615,115.765,109.15,29.823,34.3768,6.615,0.0,7.853,7.853,4.711799999999999,3.7694400000000003,7.853,0.0,0.5953947,0.5953947,0.05954172333333334,0.10717059533333335,0.0,194.0,229.0,35.0,204.1,14.139999999999997,194.0,-12.077015046749723,4.416309857598644,1,0.8563087885985748
Cs2TiNiH6,1.0,55.0,54.0,16.6,18.72,1.0,5.0,92.0,87.0,66.6,30.48,92.0,1.00794,132.9054519,131.8975119,37.84189438,44.200745256000005,1.00794,14.01,1941.0,1926.99,435.6240000000001,559.5504000000001,14.01,1.0,10.0,9.0,2.2,1.9200000000000004,1.0,1.0,6.0,5.0,2.6,1.9200000000000004,1.0,31.0,244.0,213.0,95.8,77.75999999999999,31.0,0.79,2.2,1.4100000000000001,1.823,0.4698000000000001,2.2,1.0,2.0,1.0,1.2,0.31999999999999995,1.0,0.0,0.0,0.0,0.0,0.0,0.0,0.0,8.0,8.0,1.0,1.6,0.0,0.0,0.0,0.0,0.0,0.0,0.0,1.0,10.0,9.0,2.2,1.9200000000000004,1.0,0.0,1.0,1.0,0.8,0.31999999999999995,1.0,0.0,0.0,0.0,0.0,0.0,0.0,0.0,8.0,8.0,1.0,1.6,0.0,0.0,0.0,0.0,0.0,0.0,0.0,1.0,8.0,7.0,1.8,1.28,1.0,6.615,115.765,109.15,29.823,34.3768,6.615,0.0,7.853,7.853,4.711799999999999,3.7694400000000003,7.853,0.0,0.5953947,0.5953947,0.05954172333333334,0.10717059533333335,0.0,194.0,229.0,35.0,204.1,14.139999999999997,194.0,-12.077015046749723,4.416309857598644,1,0.8563087885985748
Ca2MnFeH6,1.0,26.0,25.0,9.7,10.440000000000001,1.0,7.0,92.0,85.0,67.3,29.639999999999997,92.0,1.00794,55.845,54.83706,19.6986685,22.428874200000003,1.00794,14.01,1811.0,1796.99,564.4060000000001,660.4752000000001,14.01,1.0,8.0,7.0,2.5,2.0,1.0,1.0,4.0,3.0,2.2,1.44,1.0,31.0,176.0,145.0,80.9,59.879999999999995,31.0,1.0,2.2,1.2000000000000002,1.858,0.4104000000000001,2.2,1.0,2.0,1.0,1.4,0.48,1.0,0.0,0.0,0.0,0.0,0.0,0.0,0.0,6.0,6.0,1.1,1.7600000000000002,0.0,0.0,0.0,0.0,0.0,0.0,0.0,1.0,8.0,7.0,2.5,2.0,1.0,0.0,1.0,1.0,0.6,0.4800000000000001,1.0,0.0,0.0,0.0,0.0,0.0,0.0,0.0,5.0,5.0,0.9,1.44,0.0,0.0,0.0,0.0,0.0,0.0,0.0,0.0,5.0,5.0,1.5,1.2,1.0,6.615,37.77,31.155,13.644758620690002,9.650096551724001,6.615,0.0,7.853,7.853,4.711799999999999,3.7694400000000003,7.853,0.0,2.1106628,2.1106628,0.2110972920689655,0.37991310158620684,0.0,194.0,229.0,35.0,206.0,14.4,194.0,-9.784057974350107,-0.5265574772943818,1,0.8559319723915828
Ca2NiMnH6,1.0,28.0,27.0,9.9,10.680000000000001,1.0,7.0,92.0,85.0,67.9,28.919999999999998,92.0,1.00794,58.6934,57.68546,19.9835085,22.7706822,1.00794,14.01,1728.0,1713.99,556.106,650.5152,14.01,1.0,10.0,9.0,2.7,2.3200000000000003,1.0,1.0,4.0,3.0,2.2,1.44,1.0,31.0,176.0,145.0,80.1,58.92,31.0,1.0,2.2,1.2000000000000002,1.866,0.4096,2.2,1.0,2.0,1.0,1.4,0.48,1.0,0.0,0.0,0.0,0.0,0.0,0.0,0.0,8.0,8.0,1.3,2.08,0.0,0.0,0.0,0.0,0.0,0.0,0.0,1.0,10.0,9.0,2.7,2.3200000000000003,1.0,0.0,1.0,1.0,0.6,0.4800000000000001,1.0,0.0,0.0,0.0,0.0,0.0,0.0,0.0,5.0,5.0,0.7,1.1199999999999999,0.0,0.0,0.0,0.0,0.0,0.0,0.0,0.0,5.0,5.0,1.3,0.8800000000000001,1.0,6.615,37.77,31.155,13.603758620690002,9.666496551724002,6.615,0.0,7.853,7.853,4.711799999999999,3.7694400000000003,7.853,0.0,0.5953947,0.5953947,0.0595704820689655,0.10716484358620688,0.0,194.0,225.0,31.0,205.6,13.919999999999998,194.0,-9.182602068132036,-0.6153426688363962,1,0.8559319723915828
Ca2FeMnH6,1.0,26.0,25.0,9.7,10.440000000000001,1.0,7.0,92.0,85.0,67.3,29.639999999999997,92.0,1.00794,55.845,54.83706,19.698668500000004,22.4288742,1.00794,14.01,1811.0,1796.99,564.4060000000001,660.4752000000001,14.01,1.0,8.0,7.0,2.5,2.0,1.0,1.0,4.0,3.0,2.2,1.44,1.0,31.0,176.0,145.0,80.9,59.879999999999995,31.0,1.0,2.2,1.2000000000000002,1.858,0.4104000000000001,2.2,1.0,2.0,1.0,1.4,0.48,1.0,0.0,0.0,0.0,0.0,0.0,0.0,0.0,6.0,6.0,1.1,1.7600000000000002,0.0,0.0,0.0,0.0,0.0,0.0,0.0,1.0,8.0,7.0,2.5,2.0,1.0,0.0,1.0,1.0,0.6,0.4800000000000001,1.0,0.0,0.0,0.0,0.0,0.0,0.0,0.0,5.0,5.0,0.9,1.44,0.0,0.0,0.0,0.0,0.0,0.0,0.0,0.0,5.0,5.0,1.5,1.2,1.0,6.615,37.77,31.155,13.644758620690002,9.650096551724001,6.615,0.0,7.853,7.853,4.711799999999999,3.7694400000000003,7.853,0.0,2.1106628,2.1106628,0.2110972920689655,0.3799131015862069,0.0,194.0,229.0,35.0,206.0,14.4,194.0,-9.784057974350107,-0.5265574772943818,1,0.8559319723915828
Ca2CoMnH6,1.0,27.0,26.0,9.8,10.559999999999999,1.0,7.0,92.0,85.0,67.6,29.28,92.0,1.00794,58.933195,57.925255,20.007488000000002,22.7994576,1.00794,14.01,1768.0,1753.99,560.106,655.3152,14.01,1.0,9.0,8.0,2.6,2.16,1.0,1.0,4.0,3.0,2.2,1.44,1.0,31.0,176.0,145.0,80.3,59.15999999999999,31.0,1.0,2.2,1.2000000000000002,1.8630000000000002,0.40779999999999994,2.2,1.0,2.0,1.0,1.4,0.48,1.0,0.0,0.0,0.0,0.0,0.0,0.0,0.0,7.0,7.0,1.2,1.92,0.0,0.0,0.0,0.0,0.0,0.0,0.0,1.0,9.0,8.0,2.6,2.16,1.0,0.0,1.0,1.0,0.6,0.4800000000000001,1.0,0.0,0.0,0.0,0.0,0.0,0.0,0.0,5.0,5.0,0.8,1.28,0.0,0.0,0.0,0.0,0.0,0.0,0.0,0.0,5.0,5.0,1.4,1.0399999999999998,1.0,6.615,37.77,31.155,13.596258620690003,9.669496551724004,6.615,0.0,7.853,7.853,4.711799999999999,3.7694400000000003,7.853,0.0,1.5484712,1.5484712,0.1548781320689655,0.2787186135862069,0.0,194.0,225.0,31.0,202.5,11.9,194.0,-9.515987705922756,-0.5468914258158526,1,0.8559319723915828
Ca2MnCoH6,1.0,27.0,26.0,9.8,10.559999999999999,1.0,7.0,92.0,85.0,67.6,29.28,92.0,1.00794,58.933195,57.925255,20.007488000000002,22.7994576,1.00794,14.01,1768.0,1753.99,560.106,655.3152,14.01,1.0,9.0,8.0,2.6,2.16,1.0,1.0,4.0,3.0,2.2,1.44,1.0,31.0,176.0,145.0,80.3,59.15999999999999,31.0,1.0,2.2,1.2000000000000002,1.8630000000000002,0.40779999999999994,2.2,1.0,2.0,1.0,1.4,0.48,1.0,0.0,0.0,0.0,0.0,0.0,0.0,0.0,7.0,7.0,1.2,1.92,0.0,0.0,0.0,0.0,0.0,0.0,0.0,1.0,9.0,8.0,2.6,2.16,1.0,0.0,1.0,1.0,0.6,0.4800000000000001,1.0,0.0,0.0,0.0,0.0,0.0,0.0,0.0,5.0,5.0,0.8,1.28,0.0,0.0,0.0,0.0,0.0,0.0,0.0,0.0,5.0,5.0,1.4,1.0399999999999998,1.0,6.615,37.77,31.155,13.596258620690003,9.669496551724004,6.615,0.0,7.853,7.853,4.711799999999999,3.7694400000000003,7.853,0.0,1.5484712,1.5484712,0.1548781320689655,0.2787186135862069,0.0,194.0,225.0,31.0,202.5,11.9,194.0,-9.515987705922756,-0.5468914258158526,1,0.8559319723915828
Ca2MnNiH6,1.0,28.0,27.0,9.9,10.680000000000001,1.0,7.0,92.0,85.0,67.9,28.919999999999998,92.0,1.00794,58.6934,57.68546,19.9835085,22.7706822,1.00794,14.01,1728.0,1713.99,556.106,650.5152,14.01,1.0,10.0,9.0,2.7,2.3200000000000003,1.0,1.0,4.0,3.0,2.2,1.44,1.0,31.0,176.0,145.0,80.1,58.92,31.0,1.0,2.2,1.2000000000000002,1.866,0.4096,2.2,1.0,2.0,1.0,1.4,0.48,1.0,0.0,0.0,0.0,0.0,0.0,0.0,0.0,8.0,8.0,1.3,2.08,0.0,0.0,0.0,0.0,0.0,0.0,0.0,1.0,10.0,9.0,2.7,2.3200000000000003,1.0,0.0,1.0,1.0,0.6,0.4800000000000001,1.0,0.0,0.0,0.0,0.0,0.0,0.0,0.0,5.0,5.0,0.7,1.1199999999999999,0.0,0.0,0.0,0.0,0.0,0.0,0.0,0.0,5.0,5.0,1.3,0.8800000000000001,1.0,6.615,37.77,31.155,13.603758620690002,9.666496551724002,6.615,0.0,7.853,7.853,4.711799999999999,3.7694400000000003,7.853,0.0,0.5953947,0.5953947,0.0595704820689655,0.1071648435862069,0.0,194.0,225.0,31.0,205.6,13.919999999999998,194.0,-9.182602068132036,-0.6153426688363962,1,0.8559319723915828
Rb2ZnCrH6,1.0,37.0,36.0,13.4,14.88,1.0,4.0,92.0,88.0,67.8,29.28000000000001,92.0,1.00794,85.4678,84.45985999999999,29.435933999999996,34.1135928,1.00794,14.01,2180.0,2165.99,358.166,431.26959999999997,14.01,1.0,12.0,11.0,2.6,2.56,1.0,1.0,5.0,4.0,2.4,1.6799999999999997,1.0,31.0,220.0,189.0,88.7,69.24000000000001,31.0,0.82,2.2,1.3800000000000003,1.8150000000000002,0.4620000000000001,2.2,1.0,2.0,1.0,1.1,0.18000000000000008,1.0,0.0,0.0,0.0,0.0,0.0,0.0,0.0,10.0,10.0,1.5,2.4,0.0,0.0,0.0,0.0,0.0,0.0,0.0,1.0,12.0,11.0,2.6,2.56,1.0,0.0,1.0,1.0,0.9,0.18,1.0,0.0,0.0,0.0,0.0,0.0,0.0,0.0,5.0,5.0,0.5,0.9,0.0,0.0,0.0,0.0,0.0,0.0,0.0,0.0,6.0,6.0,1.4,0.9199999999999999,1.0,6.615,90.7225,84.1075,24.6285,26.437599999999996,6.615,0.0,7.853,7.853,4.711799999999999,3.7694400000000003,7.853,0.0,0.0,0.0,0.0,0.0,0.0,194.0,229.0,35.0,204.5,14.7,194.0,-10.7180107199689,2.256424319906169,1,0.8548346055777841
Rb2CrZnH6,1.0,37.0,36.0,13.4,14.88,1.0,4.0,92.0,88.0,67.8,29.279999999999994,92.0,1.00794,85.4678,84.45985999999999,29.435933999999996,34.11359279999999,1.00794,14.01,2180.0,2165.99,358.166,431.26959999999997,14.01,1.0,12.0,11.0,2.6,2.56,1.0,1.0,5.0,4.0,2.4,1.6799999999999997,1.0,31.0,220.0,189.0,88.7,69.24000000000001,31.0,0.82,2.2,1.3800000000000003,1.815,0.4620000000000001,2.2,1.0,2.0,1.0,1.1,0.18000000000000008,1.0,0.0,0.0,0.0,0.0,0.0,0.0,0.0,10.0,10.0,1.5,2.4,0.0,0.0,0.0,0.0,0.0,0.0,0.0,1.0,12.0,11.0,2.6,2.56,1.0,0.0,1.0,1.0,0.9,0.18,1.0,0.0,0.0,0.0,0.0,0.0,0.0,0.0,5.0,5.0,0.5,0.9,0.0,0.0,0.0,0.0,0.0,0.0,0.0,0.0,6.0,6.0,1.4,0.9199999999999999,1.0,6.615,90.7225,84.1075,24.6285,26.437599999999996,6.615,0.0,7.853,7.853,4.711799999999999,3.7694400000000003,7.853,0.0,0.0,0.0,0.0,0.0,0.0,194.0,229.0,35.0,204.5,14.7,194.0,-10.7180107199689,2.2564243199061687,1,0.8548346055777841
Cs2FeNiH6,1.0,55.0,54.0,17.0,19.2,1.0,5.0,92.0,87.0,67.8,29.04,92.0,1.00794,132.9054519,131.8975119,38.63969438,45.158105256,1.00794,14.01,1811.0,1796.99,422.6240000000001,538.7504000000001,14.01,1.0,10.0,9.0,2.6,2.56,1.0,1.0,6.0,5.0,2.6,1.9200000000000004,1.0,31.0,244.0,213.0,93.0,74.4,31.0,0.79,2.2,1.4100000000000001,1.8520000000000003,0.42919999999999997,2.2,1.0,2.0,1.0,1.2,0.31999999999999995,1.0,0.0,0.0,0.0,0.0,0.0,0.0,0.0,8.0,8.0,1.4,2.2399999999999998,0.0,0.0,0.0,0.0,0.0,0.0,0.0,1.0,10.0,9.0,2.6,2.56,1.0,0.0,1.0,1.0,0.8,0.31999999999999995,1.0,0.0,0.0,0.0,0.0,0.0,0.0,0.0,4.0,4.0,0.6,0.96,0.0,0.0,0.0,0.0,0.0,0.0,0.0,1.0,4.0,3.0,1.4,0.6399999999999999,1.0,6.615,115.765,109.15,29.226999999999997,34.6152,6.615,0.0,7.853,7.853,4.711799999999999,3.7694400000000003,7.853,0.0,2.1106628,2.1106628,0.27060575,0.43296919999999994,0.0,194.0,229.0,35.0,207.6,16.32,194.0,-11.839134432404611,4.130776457969957,1,0.8545461067131589
Cs2NiFeH6,1.0,55.0,54.0,17.0,19.2,1.0,5.0,92.0,87.0,67.8,29.04,92.0,1.00794,132.9054519,131.8975119,38.63969438,45.158105256,1.00794,14.01,1811.0,1796.99,422.6240000000001,538.7504000000001,14.01,1.0,10.0,9.0,2.6,2.56,1.0,1.0,6.0,5.0,2.6,1.9200000000000004,1.0,31.0,244.0,213.0,93.0,74.4,31.0,0.79,2.2,1.4100000000000001,1.8520000000000003,0.42919999999999997,2.2,1.0,2.0,1.0,1.2,0.31999999999999995,1.0,0.0,0.0,0.0,0.0,0.0,0.0,0.0,8.0,8.0,1.4,2.2399999999999998,0.0,0.0,0.0,0.0,0.0,0.0,0.0,1.0,10.0,9.0,2.6,2.56,1.0,0.0,1.0,1.0,0.8,0.31999999999999995,1.0,0.0,0.0,0.0,0.0,0.0,0.0,0.0,4.0,4.0,0.6,0.96,0.0,0.0,0.0,0.0,0.0,0.0,0.0,1.0,4.0,3.0,1.4,0.6399999999999999,1.0,6.615,115.765,109.15,29.226999999999997,34.615199999999994,6.615,0.0,7.853,7.853,4.711799999999999,3.7694400000000003,7.853,0.0,2.1106628,2.1106628,0.27060575,0.43296919999999994,0.0,194.0,229.0,35.0,207.6,16.32,194.0,-11.839134432404611,4.130776457969956,1,0.8545461067131589
Ca2TiFeH6,1.0,26.0,25.0,9.4,10.080000000000002,1.0,7.0,92.0,85.0,66.4,30.72,92.0,1.00794,55.845,54.83706,18.991564,21.580348800000003,1.00794,14.01,1941.0,1926.99,606.606,711.1152,14.01,1.0,8.0,7.0,2.2,1.52,1.0,1.0,4.0,3.0,2.2,1.44,1.0,31.0,176.0,145.0,83.0,62.4,31.0,1.0,2.2,1.2000000000000002,1.857,0.41160000000000013,2.2,1.0,2.0,1.0,1.4,0.48,1.0,0.0,0.0,0.0,0.0,0.0,0.0,0.0,6.0,6.0,0.8,1.28,0.0,0.0,0.0,0.0,0.0,0.0,0.0,1.0,8.0,7.0,2.2,1.52,1.0,0.0,1.0,1.0,0.6,0.4800000000000001,1.0,0.0,0.0,0.0,0.0,0.0,0.0,0.0,8.0,8.0,1.2,1.92,0.0,0.0,0.0,0.0,0.0,0.0,0.0,0.0,8.0,8.0,1.8,1.6800000000000002,1.0,6.615,37.77,31.155,14.265,9.887,6.615,0.0,7.853,7.853,4.711799999999999,3.7694400000000003,7.853,0.0,2.1106628,2.1106628,0.21106853333333336,0.3799188533333334,0.0,194.0,229.0,35.0,203.7,13.579999999999995,194.0,-10.186472516824892,-0.18023887730328328,1,0.8531204422711229
Ca2FeTiH6,1.0,26.0,25.0,9.4,10.080000000000002,1.0,7.0,92.0,85.0,66.4,30.72,92.0,1.00794,55.845,54.83706,18.991564,21.5803488,1.00794,14.01,1941.0,1926.99,606.606,711.1152,14.01,1.0,8.0,7.0,2.2,1.52,1.0,1.0,4.0,3.0,2.2,1.44,1.0,31.0,176.0,145.0,83.0,62.4,31.0,1.0,2.2,1.2000000000000002,1.857,0.41160000000000013,2.2,1.0,2.0,1.0,1.4,0.48,1.0,0.0,0.0,0.0,0.0,0.0,0.0,0.0,6.0,6.0,0.8,1.28,0.0,0.0,0.0,0.0,0.0,0.0,0.0,1.0,8.0,7.0,2.2,1.52,1.0,0.0,1.0,1.0,0.6,0.4800000000000001,1.0,0.0,0.0,0.0,0.0,0.0,0.0,0.0,8.0,8.0,1.2,1.92,0.0,0.0,0.0,0.0,0.0,0.0,0.0,0.0,8.0,8.0,1.8,1.6800000000000002,1.0,6.615,37.77,31.155,14.265,9.887,6.615,0.0,7.853,7.853,4.711799999999999,3.7694400000000003,7.853,0.0,2.1106628,2.1106628,0.21106853333333336,0.3799188533333334,0.0,194.0,229.0,35.0,203.7,13.579999999999995,194.0,-10.186472516824892,-0.1802388773032834,1,0.8531204422711229
K2MnScH6,1.0,25.0,24.0,9.0,9.6,1.0,3.0,92.0,89.0,62.1,35.879999999999995,92.0,1.00794,54.938045,53.930105000000005,18.413819699999998,20.88705564,1.00794,14.01,1814.0,1799.99,409.012,502.9952000000001,14.01,1.0,7.0,6.0,1.8,1.28,1.0,1.0,4.0,3.0,2.2,1.44,1.0,31.0,203.0,172.0,90.1,70.92,31.0,0.82,2.2,1.3800000000000003,1.775,0.5100000000000001,2.2,1.0,2.0,1.0,1.2,0.31999999999999995,1.0,0.0,0.0,0.0,0.0,0.0,0.0,0.0,5.0,5.0,0.6,0.9600000000000002,0.0,0.0,0.0,0.0,0.0,0.0,0.0,1.0,7.0,6.0,1.8,1.28,1.0,0.0,1.0,1.0,0.8,0.31999999999999995,1.0,0.0,0.0,0.0,0.0,0.0,0.0,0.0,9.0,9.0,1.4,2.2399999999999998,0.0,0.0,0.0,0.0,0.0,0.0,0.0,1.0,9.0,8.0,2.2,1.9200000000000004,1.0,6.615,73.1066666667,66.4916666667,21.86259195403,20.572111494261996,6.615,0.0,7.853,7.853,4.711799999999999,3.7694400000000003,7.853,0.0,0.000310120689655,0.000310120689655,3.16470689655e-05,5.5694724137900006e-05,0.0,194.0,229.0,35.0,203.3,13.020000000000005,194.0,-11.103814215424002,0.7697296251295602,1,0.8526175771971498
K2ZnFeH6,1.0,30.0,29.0,10.0,10.8,1.0,3.0,92.0,89.0,68.2,28.71999999999999,92.0,1.00794,65.38,64.37205999999999,20.546923999999997,23.4467808,1.00794,14.01,1811.0,1796.99,326.08,374.48400000000004,14.01,1.0,12.0,11.0,2.8,2.88,1.0,1.0,4.0,3.0,2.2,1.44,1.0,31.0,203.0,172.0,84.6,64.32000000000001,31.0,0.82,2.2,1.3800000000000003,1.832,0.44160000000000005,2.2,1.0,2.0,1.0,1.2,0.31999999999999995,1.0,0.0,0.0,0.0,0.0,0.0,0.0,0.0,10.0,10.0,1.6,2.56,0.0,0.0,0.0,0.0,0.0,0.0,0.0,1.0,12.0,11.0,2.8,2.88,1.0,0.0,1.0,1.0,0.8,0.31999999999999995,1.0,0.0,0.0,0.0,0.0,0.0,0.0,0.0,4.0,4.0,0.4,0.7200000000000001,0.0,0.0,0.0,0.0,0.0,0.0,0.0,0.0,4.0,4.0,1.2,0.5599999999999999,1.0,6.615,73.1066666667,66.4916666667,21.05933333334,20.818933333344,6.615,0.0,7.853,7.853,4.711799999999999,3.7694400000000003,7.853,0.0,2.1106628,2.1106628,0.21106628,0.37991930399999996,0.0,194.0,229.0,35.0,204.5,14.7,194.0,-9.908606270912317,0.6052599031879596,1,0.8526175771971498
K2FeZnH6,1.0,30.0,29.0,10.0,10.8,1.0,3.0,92.0,89.0,68.2,28.720000000000006,92.0,1.00794,65.38,64.37205999999999,20.546924,23.4467808,1.00794,14.01,1811.0,1796.99,326.08,374.48400000000004,14.01,1.0,12.0,11.0,2.8,2.88,1.0,1.0,4.0,3.0,2.2,1.44,1.0,31.0,203.0,172.0,84.6,64.32000000000001,31.0,0.82,2.2,1.3800000000000003,1.832,0.44160000000000005,2.2,1.0,2.0,1.0,1.2,0.31999999999999995,1.0,0.0,0.0,0.0,0.0,0.0,0.0,0.0,10.0,10.0,1.6,2.56,0.0,0.0,0.0,0.0,0.0,0.0,0.0,1.0,12.0,11.0,2.8,2.88,1.0,0.0,1.0,1.0,0.8,0.31999999999999995,1.0,0.0,0.0,0.0,0.0,0.0,0.0,0.0,4.0,4.0,0.4,0.7200000000000001,0.0,0.0,0.0,0.0,0.0,0.0,0.0,0.0,4.0,4.0,1.2,0.5599999999999999,1.0,6.615,73.1066666667,66.4916666667,21.05933333334,20.818933333344,6.615,0.0,7.853,7.853,4.711799999999999,3.7694400000000003,7.853,0.0,2.1106628,2.1106628,0.21106628,0.37991930399999996,0.0,194.0,229.0,35.0,204.5,14.7,194.0,-9.908606270912317,0.6052599031879597,1,0.8526175771971498
K2ScMnH6,1.0,25.0,24.0,9.0,9.6,1.0,3.0,92.0,89.0,62.1,35.879999999999995,92.0,1.00794,54.938045,53.930105000000005,18.413819699999998,20.88705564,1.00794,14.01,1814.0,1799.99,409.012,502.9952000000001,14.01,1.0,7.0,6.0,1.8,1.28,1.0,1.0,4.0,3.0,2.2,1.44,1.0,31.0,203.0,172.0,90.1,70.92,31.0,0.82,2.2,1.3800000000000003,1.775,0.5100000000000001,2.2,1.0,2.0,1.0,1.2,0.31999999999999995,1.0,0.0,0.0,0.0,0.0,0.0,0.0,0.0,5.0,5.0,0.6,0.96,0.0,0.0,0.0,0.0,0.0,0.0,0.0,1.0,7.0,6.0,1.8,1.28,1.0,0.0,1.0,1.0,0.8,0.31999999999999995,1.0,0.0,0.0,0.0,0.0,0.0,0.0,0.0,9.0,9.0,1.4,2.2399999999999998,0.0,0.0,0.0,0.0,0.0,0.0,0.0,1.0,9.0,8.0,2.2,1.9200000000000004,1.0,6.615,73.1066666667,66.4916666667,21.86259195403,20.572111494262,6.615,0.0,7.853,7.853,4.711799999999999,3.7694400000000003,7.853,0.0,0.000310120689655,0.000310120689655,3.16470689655e-05,5.5694724137900006e-05,0.0,194.0,229.0,35.0,203.3,13.020000000000005,194.0,-11.103814215424002,0.7697296251295602,1,0.8526175771971498
Cs2CuCoH6,1.0,55.0,54.0,17.2,19.439999999999998,1.0,5.0,92.0,87.0,68.4,28.32,92.0,1.00794,132.9054519,131.8975119,39.433773880000004,46.111000656,1.00794,14.01,1768.0,1753.99,381.301,472.6336,14.01,1.0,11.0,10.0,2.8,2.88,1.0,1.0,6.0,5.0,2.6,1.9200000000000004,1.0,31.0,244.0,213.0,93.2,74.64000000000001,31.0,0.79,2.2,1.4100000000000001,1.8560000000000003,0.42639999999999995,2.2,1.0,2.0,1.0,1.1,0.18000000000000008,1.0,0.0,0.0,0.0,0.0,0.0,0.0,0.0,10.0,10.0,1.7,2.7199999999999998,0.0,0.0,0.0,0.0,0.0,0.0,0.0,1.0,11.0,10.0,2.8,2.88,1.0,0.0,1.0,1.0,0.9,0.18,1.0,0.0,0.0,0.0,0.0,0.0,0.0,0.0,3.0,3.0,0.3,0.54,0.0,0.0,0.0,0.0,0.0,0.0,0.0,1.0,3.0,2.0,1.2,0.36,1.0,6.615,115.765,109.15,29.253499999999995,34.60459999999999,6.615,0.0,7.853,7.853,4.711799999999999,3.7694400000000003,7.853,0.0,1.5484712,1.5484712,0.15484712,0.278724816,0.0,194.0,229.0,35.0,204.1,14.139999999999997,194.0,-11.644598519716062,4.170185912036926,1,0.8522170283806344
Cs2CoCuH6,1.0,55.0,54.0,17.2,19.439999999999998,1.0,5.0,92.0,87.0,68.4,28.32,92.0,1.00794,132.9054519,131.8975119,39.433773880000004,46.111000656,1.00794,14.01,1768.0,1753.99,381.301,472.6336,14.01,1.0,11.0,10.0,2.8,2.88,1.0,1.0,6.0,5.0,2.6,1.9200000000000004,1.0,31.0,244.0,213.0,93.2,74.64000000000001,31.0,0.79,2.2,1.4100000000000001,1.8560000000000003,0.42639999999999995,2.2,1.0,2.0,1.0,1.1,0.18000000000000008,1.0,0.0,0.0,0.0,0.0,0.0,0.0,0.0,10.0,10.0,1.7,2.7199999999999998,0.0,0.0,0.0,0.0,0.0,0.0,0.0,1.0,11.0,10.0,2.8,2.88,1.0,0.0,1.0,1.0,0.9,0.18,1.0,0.0,0.0,0.0,0.0,0.0,0.0,0.0,3.0,3.0,0.3,0.54,0.0,0.0,0.0,0.0,0.0,0.0,0.0,1.0,3.0,2.0,1.2,0.36,1.0,6.615,115.765,109.15,29.253499999999995,34.6046,6.615,0.0,7.853,7.853,4.711799999999999,3.7694400000000003,7.853,0.0,1.5484712,1.5484712,0.15484712,0.278724816,0.0,194.0,229.0,35.0,204.1,14.139999999999997,194.0,-11.644598519716062,4.170185912036926,1,0.8522170283806344
Na2VScH6,1.0,23.0,22.0,7.2,7.44,1.0,2.0,92.0,90.0,61.3,36.839999999999996,92.0,1.00794,50.9415,49.93356,14.792459056000002,16.5414228672,1.00794,14.01,2183.0,2168.99,482.28000000000003,606.488,14.01,1.0,5.0,4.0,1.6,0.9600000000000002,1.0,1.0,4.0,3.0,2.0,1.2,1.0,31.0,170.0,139.0,84.1,63.720000000000006,31.0,0.93,2.2,1.27,1.8050000000000002,0.47400000000000003,2.2,1.0,2.0,1.0,1.2,0.31999999999999995,1.0,0.0,0.0,0.0,0.0,0.0,0.0,0.0,3.0,3.0,0.4,0.64,0.0,0.0,0.0,0.0,0.0,0.0,0.0,1.0,5.0,4.0,1.6,0.9600000000000002,1.0,0.0,1.0,1.0,0.8,0.31999999999999995,1.0,0.0,0.0,0.0,0.0,0.0,0.0,0.0,9.0,9.0,1.6,2.56,0.0,0.0,0.0,0.0,0.0,0.0,0.0,1.0,9.0,8.0,2.4,2.2399999999999998,1.0,6.615,29.2433333333,22.6283333333,13.34216666666,8.139033333324,6.615,0.0,7.853,7.853,4.711799999999999,3.7694400000000003,7.853,0.0,6.35e-06,6.35e-06,6.350000000000001e-07,1.1430000000000001e-06,0.0,194.0,229.0,35.0,204.5,14.7,194.0,-10.640993158848374,-0.7125666307969709,1,0.851870711344395
Na2ScVH6,1.0,23.0,22.0,7.2,7.44,1.0,2.0,92.0,90.0,61.3,36.839999999999996,92.0,1.00794,50.9415,49.93356,14.792459055999998,16.541422867199998,1.00794,14.01,2183.0,2168.99,482.28000000000003,606.488,14.01,1.0,5.0,4.0,1.6,0.9600000000000002,1.0,1.0,4.0,3.0,2.0,1.2,1.0,31.0,170.0,139.0,84.1,63.720000000000006,31.0,0.93,2.2,1.27,1.8050000000000002,0.47400000000000003,2.2,1.0,2.0,1.0,1.2,0.31999999999999995,1.0,0.0,0.0,0.0,0.0,0.0,0.0,0.0,3.0,3.0,0.4,0.64,0.0,0.0,0.0,0.0,0.0,0.0,0.0,1.0,5.0,4.0,1.6,0.9600000000000002,1.0,0.0,1.0,1.0,0.8,0.31999999999999995,1.0,0.0,0.0,0.0,0.0,0.0,0.0,0.0,9.0,9.0,1.6,2.56,0.0,0.0,0.0,0.0,0.0,0.0,0.0,1.0,9.0,8.0,2.4,2.2399999999999998,1.0,6.615,29.2433333333,22.6283333333,13.34216666666,8.139033333323999,6.615,0.0,7.853,7.853,4.711799999999999,3.7694400000000003,7.853,0.0,6.35e-06,6.35e-06,6.350000000000001e-07,1.1430000000000001e-06,0.0,194.0,229.0,35.0,204.5,14.7,194.0,-10.640993158848374,-0.7125666307969709,1,0.851870711344395
Rb2ScCoH6,1.0,37.0,36.0,12.8,14.160000000000002,1.0,4.0,92.0,88.0,62.9,34.92,92.0,1.00794,85.4678,84.45985999999999,28.0872347,32.49515364,1.00794,14.01,1814.0,1799.99,429.09800000000007,544.7608,14.01,1.0,9.0,8.0,2.0,1.6,1.0,1.0,5.0,4.0,2.4,1.6799999999999997,1.0,31.0,220.0,189.0,92.2,73.44000000000001,31.0,0.82,2.2,1.3800000000000003,1.8080000000000003,0.4848,2.2,1.0,2.0,1.0,1.2,0.31999999999999995,1.0,0.0,0.0,0.0,0.0,0.0,0.0,0.0,7.0,7.0,0.8,1.28,0.0,0.0,0.0,0.0,0.0,0.0,0.0,1.0,9.0,8.0,2.0,1.6,1.0,0.0,1.0,1.0,0.8,0.31999999999999995,1.0,0.0,0.0,0.0,0.0,0.0,0.0,0.0,9.0,9.0,1.2,1.92,0.0,0.0,0.0,0.0,0.0,0.0,0.0,1.0,9.0,8.0,2.0,1.6,1.0,6.615,90.7225,84.1075,25.3615,26.144399999999997,6.615,0.0,7.853,7.853,4.711799999999999,3.7694400000000003,7.853,0.0,1.5484712,1.5484712,0.154847755,0.278724689,0.0,194.0,229.0,35.0,201.0,11.2,194.0,-11.727871413225722,2.6349920198473753,1,0.8509166997713714
Rb2CoScH6,1.0,37.0,36.0,12.8,14.160000000000002,1.0,4.0,92.0,88.0,62.9,34.92,92.0,1.00794,85.4678,84.45985999999999,28.0872347,32.49515364,1.00794,14.01,1814.0,1799.99,429.09800000000007,544.7608,14.01,1.0,9.0,8.0,2.0,1.6,1.0,1.0,5.0,4.0,2.4,1.6799999999999997,1.0,31.0,220.0,189.0,92.2,73.44000000000001,31.0,0.82,2.2,1.3800000000000003,1.8080000000000003,0.4848,2.2,1.0,2.0,1.0,1.2,0.31999999999999995,1.0,0.0,0.0,0.0,0.0,0.0,0.0,0.0,7.0,7.0,0.8,1.28,0.0,0.0,0.0,0.0,0.0,0.0,0.0,1.0,9.0,8.0,2.0,1.6,1.0,0.0,1.0,1.0,0.8,0.31999999999999995,1.0,0.0,0.0,0.0,0.0,0.0,0.0,0.0,9.0,9.0,1.2,1.92,0.0,0.0,0.0,0.0,0.0,0.0,0.0,1.0,9.0,8.0,2.0,1.6,1.0,6.615,90.7225,84.1075,25.3615,26.144399999999997,6.615,0.0,7.853,7.853,4.711799999999999,3.7694400000000003,7.853,0.0,1.5484712,1.5484712,0.154847755,0.278724689,0.0,194.0,229.0,35.0,201.0,11.2,194.0,-11.727871413225722,2.6349920198473753,1,0.8509166997713714
Ca2FeScH6,1.0,26.0,25.0,9.3,9.959999999999999,1.0,7.0,92.0,85.0,63.2,34.56,92.0,1.00794,55.845,54.83706,18.7004552,21.231018239999997,1.00794,14.01,1814.0,1799.99,593.9060000000001,695.8752000000001,14.01,1.0,8.0,7.0,2.1,1.36,1.0,1.0,4.0,3.0,2.2,1.44,1.0,31.0,176.0,145.0,84.0,63.6,31.0,1.0,2.2,1.2000000000000002,1.839,0.4332000000000001,2.2,1.0,2.0,1.0,1.4,0.48,1.0,0.0,0.0,0.0,0.0,0.0,0.0,0.0,6.0,6.0,0.7,1.1199999999999999,0.0,0.0,0.0,0.0,0.0,0.0,0.0,1.0,8.0,7.0,2.1,1.36,1.0,0.0,1.0,1.0,0.6,0.4800000000000001,1.0,0.0,0.0,0.0,0.0,0.0,0.0,0.0,9.0,9.0,1.3,2.08,0.0,0.0,0.0,0.0,0.0,0.0,0.0,0.0,9.0,9.0,1.9,1.8399999999999999,1.0,6.615,37.77,31.155,14.8195,10.663300000000001,6.615,0.0,7.853,7.853,4.711799999999999,3.7694400000000003,7.853,0.0,2.1106628,2.1106628,0.21106691500000002,0.379919177,0.0,194.0,229.0,35.0,203.7,13.579999999999995,194.0,-10.412948797893995,0.04099981440239874,1,0.8503143750988588
Ca2ScFeH6,1.0,26.0,25.0,9.3,9.959999999999999,1.0,7.0,92.0,85.0,63.2,34.56,92.0,1.00794,55.845,54.83706,18.7004552,21.23101824,1.00794,14.01,1814.0,1799.99,593.9060000000001,695.8752000000001,14.01,1.0,8.0,7.0,2.1,1.36,1.0,1.0,4.0,3.0,2.2,1.44,1.0,31.0,176.0,145.0,84.0,63.6,31.0,1.0,2.2,1.2000000000000002,1.839,0.4332000000000001,2.2,1.0,2.0,1.0,1.4,0.48,1.0,0.0,0.0,0.0,0.0,0.0,0.0,0.0,6.0,6.0,0.7,1.1199999999999999,0.0,0.0,0.0,0.0,0.0,0.0,0.0,1.0,8.0,7.0,2.1,1.36,1.0,0.0,1.0,1.0,0.6,0.4800000000000001,1.0,0.0,0.0,0.0,0.0,0.0,0.0,0.0,9.0,9.0,1.3,2.08,0.0,0.0,0.0,0.0,0.0,0.0,0.0,0.0,9.0,9.0,1.9,1.8399999999999999,1.0,6.615,37.77,31.155,14.8195,10.663300000000001,6.615,0.0,7.853,7.853,4.711799999999999,3.7694400000000003,7.853,0.0,2.1106628,2.1106628,0.21106691500000002,0.37991917700000005,0.0,194.0,229.0,35.0,203.7,13.579999999999995,194.0,-10.412948797893996,0.04099981440239885,1,0.8503143750988588
Cs2NiScH6,1.0,55.0,54.0,16.5,18.6,1.0,5.0,92.0,87.0,63.4,34.32000000000001,92.0,1.00794,132.9054519,131.8975119,37.55078558,43.851414696000006,1.00794,14.01,1814.0,1799.99,422.9240000000001,539.2304,14.01,1.0,10.0,9.0,2.1,1.7600000000000002,1.0,1.0,6.0,5.0,2.6,1.9200000000000004,1.0,31.0,244.0,213.0,96.8,78.96,31.0,0.79,2.2,1.4100000000000001,1.8050000000000002,0.495,2.2,1.0,2.0,1.0,1.2,0.31999999999999995,1.0,0.0,0.0,0.0,0.0,0.0,0.0,0.0,8.0,8.0,0.9,1.44,0.0,0.0,0.0,0.0,0.0,0.0,0.0,1.0,10.0,9.0,2.1,1.7600000000000002,1.0,0.0,1.0,1.0,0.8,0.31999999999999995,1.0,0.0,0.0,0.0,0.0,0.0,0.0,0.0,9.0,9.0,1.1,1.7600000000000002,0.0,0.0,0.0,0.0,0.0,0.0,0.0,1.0,9.0,8.0,1.9,1.44,1.0,6.615,115.765,109.15,30.377499999999998,34.155,6.615,0.0,7.853,7.853,4.711799999999999,3.7694400000000003,7.853,0.0,0.5953947,0.5953947,0.05954010500000001,0.107170919,0.0,194.0,229.0,35.0,204.1,14.139999999999997,194.0,-12.287374055503072,4.6264592389135935,1,0.85
Cs2ScNiH6,1.0,55.0,54.0,16.5,18.6,1.0,5.0,92.0,87.0,63.4,34.32000000000001,92.0,1.00794,132.9054519,131.8975119,37.55078558,43.851414696000006,1.00794,14.01,1814.0,1799.99,422.9240000000001,539.2304,14.01,1.0,10.0,9.0,2.1,1.7600000000000002,1.0,1.0,6.0,5.0,2.6,1.9200000000000004,1.0,31.0,244.0,213.0,96.8,78.96,31.0,0.79,2.2,1.4100000000000001,1.8050000000000002,0.495,2.2,1.0,2.0,1.0,1.2,0.31999999999999995,1.0,0.0,0.0,0.0,0.0,0.0,0.0,0.0,8.0,8.0,0.9,1.44,0.0,0.0,0.0,0.0,0.0,0.0,0.0,1.0,10.0,9.0,2.1,1.7600000000000002,1.0,0.0,1.0,1.0,0.8,0.31999999999999995,1.0,0.0,0.0,0.0,0.0,0.0,0.0,0.0,9.0,9.0,1.1,1.7600000000000002,0.0,0.0,0.0,0.0,0.0,0.0,0.0,1.0,9.0,8.0,1.9,1.44,1.0,6.615,115.765,109.15,30.377499999999998,34.155,6.615,0.0,7.853,7.853,4.711799999999999,3.7694400000000003,7.853,0.0,0.5953947,0.5953947,0.05954010500000001,0.107170919,0.0,194.0,229.0,35.0,204.1,14.139999999999997,194.0,-12.287374055503072,4.6264592389135935,1,0.85
Cs2NiAlH6,1.0,55.0,54.0,15.7,18.18,1.0,5.0,92.0,87.0,69.6,27.560000000000002,92.0,1.00794,132.9054519,131.8975119,35.75334824,43.448851816,1.00794,14.01,1728.0,1713.99,334.871,398.3456,14.01,1.0,13.0,12.0,3.1,3.3600000000000003,1.0,1.0,6.0,5.0,2.5,1.8,1.0,31.0,244.0,213.0,91.9,73.08,31.0,0.79,2.2,1.4100000000000001,1.83,0.4600000000000001,2.2,1.0,2.0,1.0,1.2,0.31999999999999995,1.0,0.0,1.0,1.0,0.1,0.18000000000000002,0.0,0.0,8.0,8.0,0.8,1.4400000000000002,0.0,0.0,0.0,0.0,0.0,0.0,0.0,1.0,10.0,9.0,2.1,1.7600000000000002,1.0,0.0,1.0,1.0,0.8,0.31999999999999995,1.0,0.0,5.0,5.0,0.5,0.9,0.0,0.0,2.0,2.0,0.2,0.36000000000000004,0.0,0.0,0.0,0.0,0.0,0.0,0.0,1.0,5.0,4.0,1.5,0.8,1.0,6.615,115.765,109.15,29.802,34.3852,6.615,0.0,7.853,7.853,4.711799999999999,3.7694400000000003,7.853,0.0,0.5953947,0.5953947,0.059539470000000004,0.107171046,0.0,194.0,229.0,35.0,207.2,15.839999999999998,194.0,-9.462326969094892,2.629770183343208,1,0.85
Cs2AlNiH6,1.0,55.0,54.0,15.7,18.18,1.0,5.0,92.0,87.0,69.6,27.560000000000002,92.0,1.00794,132.9054519,131.8975119,35.75334824,43.448851816,1.00794,14.01,1728.0,1713.99,334.871,398.3456,14.01,1.0,13.0,12.0,3.1,3.3600000000000003,1.0,1.0,6.0,5.0,2.5,1.8,1.0,31.0,244.0,213.0,91.9,73.08,31.0,0.79,2.2,1.4100000000000001,1.83,0.4600000000000001,2.2,1.0,2.0,1.0,1.2,0.31999999999999995,1.0,0.0,1.0,1.0,0.1,0.18000000000000002,0.0,0.0,8.0,8.0,0.8,1.4400000000000002,0.0,0.0,0.0,0.0,0.0,0.0,0.0,1.0,10.0,9.0,2.1,1.7600000000000002,1.0,0.0,1.0,1.0,0.8,0.31999999999999995,1.0,0.0,5.0,5.0,0.5,0.9,0.0,0.0,2.0,2.0,0.2,0.36000000000000004,0.0,0.0,0.0,0.0,0.0,0.0,0.0,1.0,5.0,4.0,1.5,0.8,1.0,6.615,115.765,109.15,29.802,34.3852,6.615,0.0,7.853,7.853,4.711799999999999,3.7694400000000003,7.853,0.0,0.5953947,0.5953947,0.059539470000000004,0.107171046,0.0,194.0,229.0,35.0,207.2,15.839999999999998,194.0,-9.462326969094892,2.629770183343208,1,0.85
Ca2ZnFeH6,1.0,30.0,29.0,10.2,11.040000000000001,1.0,7.0,92.0,85.0,69.0,27.6,92.0,1.00794,65.38,64.37205999999999,20.742864,23.681908800000002,1.00794,14.01,1811.0,1796.99,481.77400000000006,561.3168,14.01,1.0,12.0,11.0,3.0,2.8,1.0,1.0,4.0,3.0,2.2,1.44,1.0,31.0,176.0,145.0,79.2,57.84000000000001,31.0,1.0,2.2,1.2000000000000002,1.8679999999999999,0.39840000000000014,2.2,1.0,2.0,1.0,1.4,0.48,1.0,0.0,0.0,0.0,0.0,0.0,0.0,0.0,10.0,10.0,1.6,2.56,0.0,0.0,0.0,0.0,0.0,0.0,0.0,1.0,12.0,11.0,3.0,2.8,1.0,0.0,1.0,1.0,0.6,0.4800000000000001,1.0,0.0,0.0,0.0,0.0,0.0,0.0,0.0,4.0,4.0,0.4,0.7200000000000001,0.0,0.0,0.0,0.0,0.0,0.0,0.0,0.0,4.0,4.0,1.0,0.6,1.0,6.615,37.77,31.155,13.992,9.5112,6.615,0.0,7.853,7.853,4.711799999999999,3.7694400000000003,7.853,0.0,2.1106628,2.1106628,0.21106628,0.37991930399999996,0.0,194.0,229.0,35.0,203.7,13.579999999999995,194.0,-8.97146658644024,-0.42031184139743083,1,0.8471939328277357
Ca2FeZnH6,1.0,30.0,29.0,10.2,11.040000000000001,1.0,7.0,92.0,85.0,69.0,27.6,92.0,1.00794,65.38,64.37205999999999,20.742864,23.681908800000002,1.00794,14.01,1811.0,1796.99,481.77400000000006,561.3168,14.01,1.0,12.0,11.0,3.0,2.8,1.0,1.0,4.0,3.0,2.2,1.44,1.0,31.0,176.0,145.0,79.2,57.84000000000001,31.0,1.0,2.2,1.2000000000000002,1.8679999999999999,0.39840000000000014,2.2,1.0,2.0,1.0,1.4,0.48,1.0,0.0,0.0,0.0,0.0,0.0,0.0,0.0,10.0,10.0,1.6,2.56,0.0,0.0,0.0,0.0,0.0,0.0,0.0,1.0,12.0,11.0,3.0,2.8,1.0,0.0,1.0,1.0,0.6,0.4800000000000001,1.0,0.0,0.0,0.0,0.0,0.0,0.0,0.0,4.0,4.0,0.4,0.7200000000000001,0.0,0.0,0.0,0.0,0.0,0.0,0.0,0.0,4.0,4.0,1.0,0.6,1.0,6.615,37.77,31.155,13.992,9.5112,6.615,0.0,7.853,7.853,4.711799999999999,3.7694400000000003,7.853,0.0,2.1106628,2.1106628,0.21106628,0.37991930399999996,0.0,194.0,229.0,35.0,203.7,13.579999999999995,194.0,-8.97146658644024,-0.42031184139743083,1,0.8471939328277357
K2NiCrH6,1.0,28.0,27.0,9.6,10.319999999999999,1.0,3.0,92.0,89.0,66.8,30.24,92.0,1.00794,58.6934,57.68546,19.493374,22.1825208,1.00794,14.01,2180.0,2165.99,466.512,594.9952000000001,14.01,1.0,10.0,9.0,2.4,2.2399999999999998,1.0,1.0,4.0,3.0,2.2,1.44,1.0,31.0,203.0,172.0,85.5,65.4,31.0,0.82,2.2,1.3800000000000003,1.841,0.44460000000000016,2.2,1.0,2.0,1.0,1.1,0.18000000000000008,1.0,0.0,0.0,0.0,0.0,0.0,0.0,0.0,8.0,8.0,1.3,2.08,0.0,0.0,0.0,0.0,0.0,0.0,0.0,1.0,10.0,9.0,2.4,2.2399999999999998,1.0,0.0,1.0,1.0,0.9,0.18,1.0,0.0,0.0,0.0,0.0,0.0,0.0,0.0,5.0,5.0,0.7,1.1199999999999999,0.0,0.0,0.0,0.0,0.0,0.0,0.0,1.0,6.0,5.0,1.6,0.9600000000000002,1.0,6.615,73.1066666667,66.4916666667,20.74133333334,20.946133333344,6.615,0.0,7.853,7.853,4.711799999999999,3.7694400000000003,7.853,0.0,0.5953947,0.5953947,0.059539470000000004,0.107171046,0.0,194.0,229.0,35.0,207.6,16.32,194.0,-10.362274061505612,0.5435958952271387,1,0.8466293073380083
K2CrNiH6,1.0,28.0,27.0,9.6,10.319999999999999,1.0,3.0,92.0,89.0,66.8,30.24,92.0,1.00794,58.6934,57.68546,19.493374,22.1825208,1.00794,14.01,2180.0,2165.99,466.512,594.9952000000001,14.01,1.0,10.0,9.0,2.4,2.2399999999999998,1.0,1.0,4.0,3.0,2.2,1.44,1.0,31.0,203.0,172.0,85.5,65.4,31.0,0.82,2.2,1.3800000000000003,1.841,0.44460000000000016,2.2,1.0,2.0,1.0,1.1,0.18000000000000008,1.0,0.0,0.0,0.0,0.0,0.0,0.0,0.0,8.0,8.0,1.3,2.08,0.0,0.0,0.0,0.0,0.0,0.0,0.0,1.0,10.0,9.0,2.4,2.2399999999999998,1.0,0.0,1.0,1.0,0.9,0.18,1.0,0.0,0.0,0.0,0.0,0.0,0.0,0.0,5.0,5.0,0.7,1.1199999999999999,0.0,0.0,0.0,0.0,0.0,0.0,0.0,1.0,6.0,5.0,1.6,0.9600000000000002,1.0,6.615,73.1066666667,66.4916666667,20.74133333334,20.946133333344,6.615,0.0,7.853,7.853,4.711799999999999,3.7694400000000003,7.853,0.0,0.5953947,0.5953947,0.059539470000000004,0.107171046,0.0,194.0,229.0,35.0,207.6,16.32,194.0,-10.362274061505612,0.5435958952271387,1,0.8466293073380083
K2CrCoH6,1.0,27.0,26.0,9.5,10.2,1.0,3.0,92.0,89.0,66.5,30.6,92.0,1.00794,58.933195,57.925255,19.517353500000002,22.2112962,1.00794,14.01,2180.0,2165.99,470.512,601.3952000000002,14.01,1.0,9.0,8.0,2.3,2.0799999999999996,1.0,1.0,4.0,3.0,2.2,1.44,1.0,31.0,203.0,172.0,85.7,65.64000000000001,31.0,0.82,2.2,1.3800000000000003,1.8380000000000003,0.4427999999999999,2.2,1.0,2.0,1.0,1.1,0.18000000000000008,1.0,0.0,0.0,0.0,0.0,0.0,0.0,0.0,7.0,7.0,1.2,1.92,0.0,0.0,0.0,0.0,0.0,0.0,0.0,1.0,9.0,8.0,2.3,2.0799999999999996,1.0,0.0,1.0,1.0,0.9,0.18,1.0,0.0,0.0,0.0,0.0,0.0,0.0,0.0,5.0,5.0,0.8,1.28,0.0,0.0,0.0,0.0,0.0,0.0,0.0,1.0,6.0,5.0,1.7,1.1199999999999999,1.0,6.615,73.1066666667,66.4916666667,20.733833333339998,20.949133333343998,6.615,0.0,7.853,7.853,4.711799999999999,3.7694400000000003,7.853,0.0,1.5484712,1.5484712,0.15484712,0.278724816,0.0,194.0,229.0,35.0,204.5,14.7,194.0,-10.693287175758124,0.6150607621342394,1,0.8466293073380083
Rb2CuVH6,1.0,37.0,36.0,13.2,14.639999999999997,1.0,4.0,92.0,88.0,67.0,30.0,92.0,1.00794,85.4678,84.45985999999999,29.147073999999996,33.7669608,1.00794,14.01,2183.0,2168.99,424.9750000000001,538.164,14.01,1.0,11.0,10.0,2.4,2.2399999999999998,1.0,1.0,5.0,4.0,2.4,1.6799999999999997,1.0,31.0,220.0,189.0,91.1,72.12,31.0,0.82,2.2,1.3800000000000003,1.8370000000000002,0.4482000000000001,2.2,1.0,2.0,1.0,1.1,0.18000000000000008,1.0,0.0,0.0,0.0,0.0,0.0,0.0,0.0,10.0,10.0,1.3,2.0799999999999996,0.0,0.0,0.0,0.0,0.0,0.0,0.0,1.0,11.0,10.0,2.4,2.2399999999999998,1.0,0.0,1.0,1.0,0.9,0.18,1.0,0.0,0.0,0.0,0.0,0.0,0.0,0.0,7.0,7.0,0.7,1.2599999999999998,0.0,0.0,0.0,0.0,0.0,0.0,0.0,1.0,7.0,6.0,1.6,1.08,1.0,6.615,90.7225,84.1075,24.521499999999996,26.480399999999996,6.615,0.0,7.853,7.853,4.711799999999999,3.7694400000000003,7.853,0.0,0.0,0.0,0.0,0.0,0.0,194.0,229.0,35.0,207.6,16.32,194.0,-11.038852705953824,2.3863813356679415,1,0.8466293073380083
Rb2VCuH6,1.0,37.0,36.0,13.2,14.639999999999997,1.0,4.0,92.0,88.0,67.0,30.0,92.0,1.00794,85.4678,84.45985999999999,29.147073999999996,33.7669608,1.00794,14.01,2183.0,2168.99,424.9750000000001,538.164,14.01,1.0,11.0,10.0,2.4,2.2399999999999998,1.0,1.0,5.0,4.0,2.4,1.6799999999999997,1.0,31.0,220.0,189.0,91.1,72.12,31.0,0.82,2.2,1.3800000000000003,1.8370000000000002,0.4482000000000001,2.2,1.0,2.0,1.0,1.1,0.18000000000000008,1.0,0.0,0.0,0.0,0.0,0.0,0.0,0.0,10.0,10.0,1.3,2.08,0.0,0.0,0.0,0.0,0.0,0.0,0.0,1.0,11.0,10.0,2.4,2.2399999999999998,1.0,0.0,1.0,1.0,0.9,0.18,1.0,0.0,0.0,0.0,0.0,0.0,0.0,0.0,7.0,7.0,0.7,1.2599999999999998,0.0,0.0,0.0,0.0,0.0,0.0,0.0,1.0,7.0,6.0,1.6,1.08,1.0,6.615,90.7225,84.1075,24.521499999999996,26.480399999999992,6.615,0.0,7.853,7.853,4.711799999999999,3.7694400000000003,7.853,0.0,0.0,0.0,0.0,0.0,0.0,194.0,229.0,35.0,207.6,16.32,194.0,-11.038852705953824,2.3863813356679415,1,0.8466293073380083
K2CoCrH6,1.0,27.0,26.0,9.5,10.2,1.0,3.0,92.0,89.0,66.5,30.6,92.0,1.00794,58.933195,57.925255,19.517353500000002,22.2112962,1.00794,14.01,2180.0,2165.99,470.512,601.3952000000002,14.01,1.0,9.0,8.0,2.3,2.0799999999999996,1.0,1.0,4.0,3.0,2.2,1.44,1.0,31.0,203.0,172.0,85.7,65.64000000000001,31.0,0.82,2.2,1.3800000000000003,1.8380000000000003,0.44279999999999997,2.2,1.0,2.0,1.0,1.1,0.18000000000000008,1.0,0.0,0.0,0.0,0.0,0.0,0.0,0.0,7.0,7.0,1.2,1.92,0.0,0.0,0.0,0.0,0.0,0.0,0.0,1.0,9.0,8.0,2.3,2.0799999999999996,1.0,0.0,1.0,1.0,0.9,0.18,1.0,0.0,0.0,0.0,0.0,0.0,0.0,0.0,5.0,5.0,0.8,1.28,0.0,0.0,0.0,0.0,0.0,0.0,0.0,1.0,6.0,5.0,1.7,1.1199999999999999,1.0,6.615,73.1066666667,66.4916666667,20.733833333339998,20.949133333343998,6.615,0.0,7.853,7.853,4.711799999999999,3.7694400000000003,7.853,0.0,1.5484712,1.5484712,0.15484712,0.278724816,0.0,194.0,229.0,35.0,204.5,14.7,194.0,-10.693287175758124,0.6150607621342394,1,0.8466293073380083
Na2FeTiH6,1.0,26.0,25.0,7.6,7.919999999999999,1.0,2.0,92.0,90.0,65.4,31.919999999999998,92.0,1.00794,55.845,54.83706,15.573917856,17.4791734272,1.00794,14.01,1941.0,1926.99,457.78000000000003,567.2880000000001,14.01,1.0,8.0,7.0,2.0,1.6,1.0,1.0,4.0,3.0,2.0,1.2,1.0,31.0,166.0,135.0,81.0,60.0,31.0,0.93,2.2,1.27,1.843,0.42840000000000006,2.2,1.0,2.0,1.0,1.2,0.31999999999999995,1.0,0.0,0.0,0.0,0.0,0.0,0.0,0.0,6.0,6.0,0.8,1.28,0.0,0.0,0.0,0.0,0.0,0.0,0.0,1.0,8.0,7.0,2.0,1.6,1.0,0.0,1.0,1.0,0.8,0.31999999999999995,1.0,0.0,0.0,0.0,0.0,0.0,0.0,0.0,8.0,8.0,1.2,1.92,0.0,0.0,0.0,0.0,0.0,0.0,0.0,1.0,8.0,7.0,2.0,1.6,1.0,6.615,29.2433333333,22.6283333333,12.55966666666,7.499533333324001,6.615,0.0,7.853,7.853,4.711799999999999,3.7694400000000003,7.853,0.0,2.1106628,2.1106628,0.21106853333333336,0.3799188533333334,0.0,194.0,229.0,35.0,204.5,14.7,194.0,-10.190252485797567,-0.625328704013473,1,0.846308788598575
Rb2ZnVH6,1.0,37.0,36.0,13.3,14.760000000000002,1.0,4.0,92.0,88.0,67.5,29.7,92.0,1.00794,85.4678,84.45985999999999,29.330474,33.9870408,1.00794,14.01,2183.0,2168.99,358.466,431.7496,14.01,1.0,12.0,11.0,2.5,2.4,1.0,1.0,5.0,4.0,2.4,1.6799999999999997,1.0,31.0,220.0,189.0,90.1,70.92,31.0,0.82,2.2,1.3800000000000003,1.812,0.46560000000000007,2.2,1.0,2.0,1.0,1.2,0.31999999999999995,1.0,0.0,0.0,0.0,0.0,0.0,0.0,0.0,10.0,10.0,1.3,2.0799999999999996,0.0,0.0,0.0,0.0,0.0,0.0,0.0,1.0,12.0,11.0,2.5,2.4,1.0,0.0,1.0,1.0,0.8,0.31999999999999995,1.0,0.0,0.0,0.0,0.0,0.0,0.0,0.0,7.0,7.0,0.7,1.2599999999999998,0.0,0.0,0.0,0.0,0.0,0.0,0.0,0.0,7.0,7.0,1.5,1.1,1.0,6.615,90.7225,84.1075,24.810499999999998,26.364800000000002,6.615,0.0,7.853,7.853,4.711799999999999,3.7694400000000003,7.853,0.0,0.0,0.0,0.0,0.0,0.0,194.0,229.0,35.0,204.5,14.7,194.0,-10.694777737275995,2.2911581170037576,1,0.846308788598575
Na2TiFeH6,1.0,26.0,25.0,7.6,7.919999999999999,1.0,2.0,92.0,90.0,65.4,31.919999999999998,92.0,1.00794,55.845,54.83706,15.573917856,17.4791734272,1.00794,14.01,1941.0,1926.99,457.78000000000003,567.2880000000001,14.01,1.0,8.0,7.0,2.0,1.6,1.0,1.0,4.0,3.0,2.0,1.2,1.0,31.0,166.0,135.0,81.0,60.0,31.0,0.93,2.2,1.27,1.843,0.42840000000000006,2.2,1.0,2.0,1.0,1.2,0.31999999999999995,1.0,0.0,0.0,0.0,0.0,0.0,0.0,0.0,6.0,6.0,0.8,1.28,0.0,0.0,0.0,0.0,0.0,0.0,0.0,1.0,8.0,7.0,2.0,1.6,1.0,0.0,1.0,1.0,0.8,0.31999999999999995,1.0,0.0,0.0,0.0,0.0,0.0,0.0,0.0,8.0,8.0,1.2,1.92,0.0,0.0,0.0,0.0,0.0,0.0,0.0,1.0,8.0,7.0,2.0,1.6,1.0,6.615,29.2433333333,22.6283333333,12.55966666666,7.499533333324001,6.615,0.0,7.853,7.853,4.711799999999999,3.7694400000000003,7.853,0.0,2.1106628,2.1106628,0.21106853333333336,0.3799188533333334,0.0,194.0,229.0,35.0,204.5,14.7,194.0,-10.190252485797567,-0.625328704013473,1,0.846308788598575
Rb2CoTiH6,1.0,37.0,36.0,12.9,14.280000000000001,1.0,4.0,92.0,88.0,66.1,31.080000000000002,92.0,1.00794,85.4678,84.45985999999999,28.3783435,32.8444842,1.00794,14.01,1941.0,1926.99,441.79800000000006,565.0808000000001,14.01,1.0,9.0,8.0,2.1,1.7600000000000002,1.0,1.0,5.0,4.0,2.4,1.6799999999999997,1.0,31.0,220.0,189.0,91.2,72.24000000000001,31.0,0.82,2.2,1.3800000000000003,1.826,0.4596000000000001,2.2,1.0,2.0,1.0,1.2,0.31999999999999995,1.0,0.0,0.0,0.0,0.0,0.0,0.0,0.0,7.0,7.0,0.9,1.44,0.0,0.0,0.0,0.0,0.0,0.0,0.0,1.0,9.0,8.0,2.1,1.7600000000000002,1.0,0.0,1.0,1.0,0.8,0.31999999999999995,1.0,0.0,0.0,0.0,0.0,0.0,0.0,0.0,8.0,8.0,1.1,1.7600000000000002,0.0,0.0,0.0,0.0,0.0,0.0,0.0,1.0,8.0,7.0,1.9,1.44,1.0,6.615,90.7225,84.1075,24.807,26.3662,6.615,0.0,7.853,7.853,4.711799999999999,3.7694400000000003,7.853,0.0,1.5484712,1.5484712,0.15484937333333332,0.27872436533333333,0.0,194.0,229.0,35.0,201.0,11.2,194.0,-11.517512404472377,2.4248426385324273,1,0.846308788598575
Cs2TiFeH6,1.0,55.0,54.0,16.4,18.48,1.0,5.0,92.0,87.0,66.0,31.2,92.0,1.00794,132.9054519,131.8975119,37.55705438,43.858937256000004,1.00794,14.01,1941.0,1926.99,443.9240000000001,572.8304,14.01,1.0,8.0,7.0,2.0,1.6,1.0,1.0,6.0,5.0,2.6,1.9200000000000004,1.0,31.0,244.0,213.0,96.6,78.72,31.0,0.79,2.2,1.4100000000000001,1.8150000000000002,0.465,2.2,1.0,2.0,1.0,1.2,0.31999999999999995,1.0,0.0,0.0,0.0,0.0,0.0,0.0,0.0,6.0,6.0,0.8,1.28,0.0,0.0,0.0,0.0,0.0,0.0,0.0,1.0,8.0,7.0,2.0,1.6,1.0,0.0,1.0,1.0,0.8,0.31999999999999995,1.0,0.0,0.0,0.0,0.0,0.0,0.0,0.0,8.0,8.0,1.2,1.92,0.0,0.0,0.0,0.0,0.0,0.0,0.0,1.0,8.0,7.0,2.0,1.6,1.0,6.615,115.765,109.15,29.863999999999997,34.3604,6.615,0.0,7.853,7.853,4.711799999999999,3.7694400000000003,7.853,0.0,2.1106628,2.1106628,0.21106853333333336,0.3799188533333334,0.0,194.0,229.0,35.0,204.5,14.7,194.0,-12.691911086016153,4.538510021955212,1,0.846308788598575
Rb2NiVH6,1.0,37.0,36.0,13.1,14.52,1.0,4.0,92.0,88.0,66.7,30.360000000000003,92.0,1.00794,85.4678,84.45985999999999,28.661814,33.1846488,1.00794,14.01,2183.0,2168.99,461.99800000000005,597.4008,14.01,1.0,10.0,9.0,2.3,2.0799999999999996,1.0,1.0,5.0,4.0,2.4,1.6799999999999997,1.0,31.0,220.0,189.0,90.3,71.16,31.0,0.82,2.2,1.3800000000000003,1.8380000000000003,0.4488,2.2,1.0,2.0,1.0,1.2,0.31999999999999995,1.0,0.0,0.0,0.0,0.0,0.0,0.0,0.0,8.0,8.0,1.1,1.7600000000000002,0.0,0.0,0.0,0.0,0.0,0.0,0.0,1.0,10.0,9.0,2.3,2.0799999999999996,1.0,0.0,1.0,1.0,0.8,0.31999999999999995,1.0,0.0,0.0,0.0,0.0,0.0,0.0,0.0,7.0,7.0,0.9,1.44,0.0,0.0,0.0,0.0,0.0,0.0,0.0,1.0,7.0,6.0,1.7,1.1199999999999999,1.0,6.615,90.7225,84.1075,24.446499999999997,26.510399999999997,6.615,0.0,7.853,7.853,4.711799999999999,3.7694400000000003,7.853,0.0,0.5953947,0.5953947,0.059539470000000004,0.107171046,0.0,194.0,229.0,35.0,207.6,16.32,194.0,-11.059347922931462,2.199350218177662,1,0.846308788598575
Cs2TiCoH6,1.0,55.0,54.0,16.5,18.6,1.0,5.0,92.0,87.0,66.3,30.839999999999996,92.0,1.00794,132.9054519,131.8975119,37.86587388,44.229520656,1.00794,14.01,1941.0,1926.99,439.6240000000001,565.9504000000001,14.01,1.0,9.0,8.0,2.1,1.7600000000000002,1.0,1.0,6.0,5.0,2.6,1.9200000000000004,1.0,31.0,244.0,213.0,96.0,78.0,31.0,0.79,2.2,1.4100000000000001,1.8200000000000003,0.46799999999999997,2.2,1.0,2.0,1.0,1.2,0.31999999999999995,1.0,0.0,0.0,0.0,0.0,0.0,0.0,0.0,7.0,7.0,0.9,1.44,0.0,0.0,0.0,0.0,0.0,0.0,0.0,1.0,9.0,8.0,2.1,1.7600000000000002,1.0,0.0,1.0,1.0,0.8,0.31999999999999995,1.0,0.0,0.0,0.0,0.0,0.0,0.0,0.0,8.0,8.0,1.1,1.7600000000000002,0.0,0.0,0.0,0.0,0.0,0.0,0.0,1.0,8.0,7.0,1.9,1.44,1.0,6.615,115.765,109.15,29.815499999999997,34.379799999999996,6.615,0.0,7.853,7.853,4.711799999999999,3.7694400000000003,7.853,0.0,1.5484712,1.5484712,0.15484937333333332,0.27872436533333333,0.0,194.0,229.0,35.0,201.0,11.2,194.0,-12.417511148259358,4.499475895404175,1,0.846308788598575
Rb2VNiH6,1.0,37.0,36.0,13.1,14.52,1.0,4.0,92.0,88.0,66.7,30.360000000000003,92.0,1.00794,85.4678,84.45985999999999,28.661814,33.184648800000005,1.00794,14.01,2183.0,2168.99,461.99800000000005,597.4008,14.01,1.0,10.0,9.0,2.3,2.0799999999999996,1.0,1.0,5.0,4.0,2.4,1.6799999999999997,1.0,31.0,220.0,189.0,90.3,71.16,31.0,0.82,2.2,1.3800000000000003,1.8380000000000003,0.4488,2.2,1.0,2.0,1.0,1.2,0.31999999999999995,1.0,0.0,0.0,0.0,0.0,0.0,0.0,0.0,8.0,8.0,1.1,1.7600000000000002,0.0,0.0,0.0,0.0,0.0,0.0,0.0,1.0,10.0,9.0,2.3,2.0799999999999996,1.0,0.0,1.0,1.0,0.8,0.31999999999999995,1.0,0.0,0.0,0.0,0.0,0.0,0.0,0.0,7.0,7.0,0.9,1.44,0.0,0.0,0.0,0.0,0.0,0.0,0.0,1.0,7.0,6.0,1.7,1.1199999999999999,1.0,6.615,90.7225,84.1075,24.446499999999997,26.510399999999997,6.615,0.0,7.853,7.853,4.711799999999999,3.7694400000000003,7.853,0.0,0.5953947,0.5953947,0.059539470000000004,0.107171046,0.0,194.0,229.0,35.0,207.6,16.32,194.0,-11.059347922931462,2.199350218177662,1,0.846308788598575
Rb2VZnH6,1.0,37.0,36.0,13.3,14.760000000000002,1.0,4.0,92.0,88.0,67.5,29.7,92.0,1.00794,85.4678,84.45985999999999,29.330474,33.9870408,1.00794,14.01,2183.0,2168.99,358.466,431.7496,14.01,1.0,12.0,11.0,2.5,2.4,1.0,1.0,5.0,4.0,2.4,1.6799999999999997,1.0,31.0,220.0,189.0,90.1,70.92,31.0,0.82,2.2,1.3800000000000003,1.812,0.46560000000000007,2.2,1.0,2.0,1.0,1.2,0.31999999999999995,1.0,0.0,0.0,0.0,0.0,0.0,0.0,0.0,10.0,10.0,1.3,2.08,0.0,0.0,0.0,0.0,0.0,0.0,0.0,1.0,12.0,11.0,2.5,2.4,1.0,0.0,1.0,1.0,0.8,0.31999999999999995,1.0,0.0,0.0,0.0,0.0,0.0,0.0,0.0,7.0,7.0,0.7,1.2599999999999998,0.0,0.0,0.0,0.0,0.0,0.0,0.0,0.0,7.0,7.0,1.5,1.1,1.0,6.615,90.7225,84.1075,24.810499999999998,26.364800000000002,6.615,0.0,7.853,7.853,4.711799999999999,3.7694400000000003,7.853,0.0,0.0,0.0,0.0,0.0,0.0,194.0,229.0,35.0,204.5,14.7,194.0,-10.694777737275995,2.2911581170037576,1,0.846308788598575
Rb2TiCoH6,1.0,37.0,36.0,12.9,14.280000000000001,1.0,4.0,92.0,88.0,66.1,31.080000000000002,92.0,1.00794,85.4678,84.45985999999999,28.3783435,32.8444842,1.00794,14.01,1941.0,1926.99,441.79800000000006,565.0808000000001,14.01,1.0,9.0,8.0,2.1,1.7600000000000002,1.0,1.0,5.0,4.0,2.4,1.6799999999999997,1.0,31.0,220.0,189.0,91.2,72.24000000000001,31.0,0.82,2.2,1.3800000000000003,1.826,0.4596000000000001,2.2,1.0,2.0,1.0,1.2,0.31999999999999995,1.0,0.0,0.0,0.0,0.0,0.0,0.0,0.0,7.0,7.0,0.9,1.44,0.0,0.0,0.0,0.0,0.0,0.0,0.0,1.0,9.0,8.0,2.1,1.7600000000000002,1.0,0.0,1.0,1.0,0.8,0.31999999999999995,1.0,0.0,0.0,0.0,0.0,0.0,0.0,0.0,8.0,8.0,1.1,1.7600000000000002,0.0,0.0,0.0,0.0,0.0,0.0,0.0,1.0,8.0,7.0,1.9,1.44,1.0,6.615,90.7225,84.1075,24.807,26.3662,6.615,0.0,7.853,7.853,4.711799999999999,3.7694400000000003,7.853,0.0,1.5484712,1.5484712,0.15484937333333332,0.27872436533333333,0.0,194.0,229.0,35.0,201.0,11.2,194.0,-11.517512404472377,2.4248426385324273,1,0.846308788598575
Cs2CoTiH6,1.0,55.0,54.0,16.5,18.6,1.0,5.0,92.0,87.0,66.3,30.839999999999996,92.0,1.00794,132.9054519,131.8975119,37.86587388,44.229520656,1.00794,14.01,1941.0,1926.99,439.6240000000001,565.9504000000001,14.01,1.0,9.0,8.0,2.1,1.7600000000000002,1.0,1.0,6.0,5.0,2.6,1.9200000000000004,1.0,31.0,244.0,213.0,96.0,78.0,31.0,0.79,2.2,1.4100000000000001,1.8200000000000003,0.46799999999999997,2.2,1.0,2.0,1.0,1.2,0.31999999999999995,1.0,0.0,0.0,0.0,0.0,0.0,0.0,0.0,7.0,7.0,0.9,1.44,0.0,0.0,0.0,0.0,0.0,0.0,0.0,1.0,9.0,8.0,2.1,1.7600000000000002,1.0,0.0,1.0,1.0,0.8,0.31999999999999995,1.0,0.0,0.0,0.0,0.0,0.0,0.0,0.0,8.0,8.0,1.1,1.7600000000000002,0.0,0.0,0.0,0.0,0.0,0.0,0.0,1.0,8.0,7.0,1.9,1.44,1.0,6.615,115.765,109.15,29.815500000000004,34.3798,6.615,0.0,7.853,7.853,4.711799999999999,3.7694400000000003,7.853,0.0,1.5484712,1.5484712,0.15484937333333332,0.27872436533333333,0.0,194.0,229.0,35.0,201.0,11.2,194.0,-12.417511148259358,4.499475895404175,1,0.846308788598575
Cs2ZnFeH6,1.0,55.0,54.0,17.2,19.439999999999998,1.0,5.0,92.0,87.0,68.6,28.160000000000004,92.0,1.00794,132.9054519,131.8975119,39.308354380000004,45.96049725600001,1.00794,14.01,1811.0,1796.99,319.092,373.0992,14.01,1.0,12.0,11.0,2.8,2.88,1.0,1.0,6.0,5.0,2.6,1.9200000000000004,1.0,31.0,244.0,213.0,92.8,74.16,31.0,0.79,2.2,1.4100000000000001,1.826,0.44960000000000006,2.2,1.0,2.0,1.0,1.2,0.31999999999999995,1.0,0.0,0.0,0.0,0.0,0.0,0.0,0.0,10.0,10.0,1.6,2.56,0.0,0.0,0.0,0.0,0.0,0.0,0.0,1.0,12.0,11.0,2.8,2.88,1.0,0.0,1.0,1.0,0.8,0.31999999999999995,1.0,0.0,0.0,0.0,0.0,0.0,0.0,0.0,4.0,4.0,0.4,0.7200000000000001,0.0,0.0,0.0,0.0,0.0,0.0,0.0,0.0,4.0,4.0,1.2,0.5599999999999999,1.0,6.615,115.765,109.15,29.591,34.4696,6.615,0.0,7.853,7.853,4.711799999999999,3.7694400000000003,7.853,0.0,2.1106628,2.1106628,0.21106628,0.37991930399999996,0.0,194.0,229.0,35.0,204.5,14.7,194.0,-11.522026042907676,4.240634315747478,1,0.846308788598575
Cs2FeTiH6,1.0,55.0,54.0,16.4,18.48,1.0,5.0,92.0,87.0,66.0,31.2,92.0,1.00794,132.9054519,131.8975119,37.557054380000004,43.858937256000004,1.00794,14.01,1941.0,1926.99,443.9240000000001,572.8304,14.01,1.0,8.0,7.0,2.0,1.6,1.0,1.0,6.0,5.0,2.6,1.9200000000000004,1.0,31.0,244.0,213.0,96.6,78.72,31.0,0.79,2.2,1.4100000000000001,1.8150000000000002,0.465,2.2,1.0,2.0,1.0,1.2,0.31999999999999995,1.0,0.0,0.0,0.0,0.0,0.0,0.0,0.0,6.0,6.0,0.8,1.28,0.0,0.0,0.0,0.0,0.0,0.0,0.0,1.0,8.0,7.0,2.0,1.6,1.0,0.0,1.0,1.0,0.8,0.31999999999999995,1.0,0.0,0.0,0.0,0.0,0.0,0.0,0.0,8.0,8.0,1.2,1.92,0.0,0.0,0.0,0.0,0.0,0.0,0.0,1.0,8.0,7.0,2.0,1.6,1.0,6.615,115.765,109.15,29.863999999999997,34.3604,6.615,0.0,7.853,7.853,4.711799999999999,3.7694400000000003,7.853,0.0,2.1106628,2.1106628,0.21106853333333336,0.3799188533333334,0.0,194.0,229.0,35.0,204.5,14.7,194.0,-12.691911086016153,4.538510021955212,1,0.846308788598575
Cs2FeZnH6,1.0,55.0,54.0,17.2,19.439999999999998,1.0,5.0,92.0,87.0,68.6,28.160000000000004,92.0,1.00794,132.9054519,131.8975119,39.308354380000004,45.96049725600001,1.00794,14.01,1811.0,1796.99,319.092,373.0992,14.01,1.0,12.0,11.0,2.8,2.88,1.0,1.0,6.0,5.0,2.6,1.9200000000000004,1.0,31.0,244.0,213.0,92.8,74.16,31.0,0.79,2.2,1.4100000000000001,1.826,0.44960000000000006,2.2,1.0,2.0,1.0,1.2,0.31999999999999995,1.0,0.0,0.0,0.0,0.0,0.0,0.0,0.0,10.0,10.0,1.6,2.56,0.0,0.0,0.0,0.0,0.0,0.0,0.0,1.0,12.0,11.0,2.8,2.88,1.0,0.0,1.0,1.0,0.8,0.31999999999999995,1.0,0.0,0.0,0.0,0.0,0.0,0.0,0.0,4.0,4.0,0.4,0.7200000000000001,0.0,0.0,0.0,0.0,0.0,0.0,0.0,0.0,4.0,4.0,1.2,0.5599999999999999,1.0,6.615,115.765,109.15,29.590999999999998,34.4696,6.615,0.0,7.853,7.853,4.711799999999999,3.7694400000000003,7.853,0.0,2.1106628,2.1106628,0.21106628,0.37991930399999996,0.0,194.0,229.0,35.0,204.5,14.7,194.0,-11.522026042907676,4.240634315747478,1,0.846308788598575
K2ScNiH6,1.0,28.0,27.0,9.3,9.959999999999999,1.0,3.0,92.0,89.0,63.0,34.8,92.0,1.00794,58.6934,57.68546,18.7893552,21.337698239999998,1.00794,14.01,1814.0,1799.99,429.912,536.4351999999999,14.01,1.0,10.0,9.0,2.1,1.7600000000000002,1.0,1.0,4.0,3.0,2.2,1.44,1.0,31.0,203.0,172.0,88.6,69.12,31.0,0.82,2.2,1.3800000000000003,1.811,0.48660000000000014,2.2,1.0,2.0,1.0,1.2,0.31999999999999995,1.0,0.0,0.0,0.0,0.0,0.0,0.0,0.0,8.0,8.0,0.9,1.44,0.0,0.0,0.0,0.0,0.0,0.0,0.0,1.0,10.0,9.0,2.1,1.7600000000000002,1.0,0.0,1.0,1.0,0.8,0.31999999999999995,1.0,0.0,0.0,0.0,0.0,0.0,0.0,0.0,9.0,9.0,1.1,1.7600000000000002,0.0,0.0,0.0,0.0,0.0,0.0,0.0,1.0,9.0,8.0,1.9,1.44,1.0,6.615,73.1066666667,66.4916666667,21.84583333334,20.582166666676,6.615,0.0,7.853,7.853,4.711799999999999,3.7694400000000003,7.853,0.0,0.5953947,0.5953947,0.05954010500000001,0.107170919,0.0,194.0,229.0,35.0,204.1,14.139999999999997,194.0,-10.660869410621926,0.9255634876028377,1,0.8456112652043635
K2NiScH6,1.0,28.0,27.0,9.3,9.959999999999999,1.0,3.0,92.0,89.0,63.0,34.8,92.0,1.00794,58.6934,57.68546,18.7893552,21.337698239999998,1.00794,14.01,1814.0,1799.99,429.912,536.4351999999999,14.01,1.0,10.0,9.0,2.1,1.7600000000000002,1.0,1.0,4.0,3.0,2.2,1.44,1.0,31.0,203.0,172.0,88.6,69.12,31.0,0.82,2.2,1.3800000000000003,1.811,0.48660000000000014,2.2,1.0,2.0,1.0,1.2,0.31999999999999995,1.0,0.0,0.0,0.0,0.0,0.0,0.0,0.0,8.0,8.0,0.9,1.44,0.0,0.0,0.0,0.0,0.0,0.0,0.0,1.0,10.0,9.0,2.1,1.7600000000000002,1.0,0.0,1.0,1.0,0.8,0.31999999999999995,1.0,0.0,0.0,0.0,0.0,0.0,0.0,0.0,9.0,9.0,1.1,1.7600000000000002,0.0,0.0,0.0,0.0,0.0,0.0,0.0,1.0,9.0,8.0,1.9,1.44,1.0,6.615,73.1066666667,66.4916666667,21.84583333334,20.582166666676,6.615,0.0,7.853,7.853,4.711799999999999,3.7694400000000003,7.853,0.0,0.5953947,0.5953947,0.05954010500000001,0.107170919,0.0,194.0,229.0,35.0,204.1,14.139999999999997,194.0,-10.660869410621926,0.9255634876028377,1,0.8456112652043635
K2FeCuH6,1.0,29.0,28.0,9.9,10.680000000000001,1.0,3.0,92.0,89.0,67.7,29.160000000000004,92.0,1.00794,63.546,62.53806,20.363524,23.2267008,1.00794,14.01,1811.0,1796.99,392.589,476.71840000000003,14.01,1.0,11.0,10.0,2.7,2.72,1.0,1.0,4.0,3.0,2.2,1.44,1.0,31.0,203.0,172.0,85.6,65.52000000000001,31.0,0.82,2.2,1.3800000000000003,1.857,0.4202000000000002,2.2,1.0,2.0,1.0,1.1,0.18000000000000008,1.0,0.0,0.0,0.0,0.0,0.0,0.0,0.0,10.0,10.0,1.6,2.56,0.0,0.0,0.0,0.0,0.0,0.0,0.0,1.0,11.0,10.0,2.7,2.72,1.0,0.0,1.0,1.0,0.9,0.18,1.0,0.0,0.0,0.0,0.0,0.0,0.0,0.0,4.0,4.0,0.4,0.7200000000000001,0.0,0.0,0.0,0.0,0.0,0.0,0.0,1.0,4.0,3.0,1.3,0.54,1.0,6.615,73.1066666667,66.4916666667,20.770333333339998,20.934533333344,6.615,0.0,7.853,7.853,4.711799999999999,3.7694400000000003,7.853,0.0,2.1106628,2.1106628,0.21106628,0.37991930399999996,0.0,194.0,229.0,35.0,207.6,16.32,194.0,-10.251556650213498,0.6757411963441083,1,0.8452107163878481
K2CuFeH6,1.0,29.0,28.0,9.9,10.680000000000001,1.0,3.0,92.0,89.0,67.7,29.160000000000004,92.0,1.00794,63.546,62.53806,20.363524,23.2267008,1.00794,14.01,1811.0,1796.99,392.589,476.71840000000003,14.01,1.0,11.0,10.0,2.7,2.72,1.0,1.0,4.0,3.0,2.2,1.44,1.0,31.0,203.0,172.0,85.6,65.52000000000001,31.0,0.82,2.2,1.3800000000000003,1.857,0.4202000000000002,2.2,1.0,2.0,1.0,1.1,0.18000000000000008,1.0,0.0,0.0,0.0,0.0,0.0,0.0,0.0,10.0,10.0,1.6,2.56,0.0,0.0,0.0,0.0,0.0,0.0,0.0,1.0,11.0,10.0,2.7,2.72,1.0,0.0,1.0,1.0,0.9,0.18,1.0,0.0,0.0,0.0,0.0,0.0,0.0,0.0,4.0,4.0,0.4,0.7200000000000001,0.0,0.0,0.0,0.0,0.0,0.0,0.0,1.0,4.0,3.0,1.3,0.54,1.0,6.615,73.1066666667,66.4916666667,20.770333333339998,20.934533333344,6.615,0.0,7.853,7.853,4.711799999999999,3.7694400000000003,7.853,0.0,2.1106628,2.1106628,0.21106628,0.37991930399999996,0.0,194.0,229.0,35.0,207.6,16.32,194.0,-10.251556650213498,0.6757411963441083,1,0.8452107163878481
Na2AlTiH6,1.0,22.0,21.0,6.3,6.359999999999999,1.0,2.0,92.0,90.0,67.2,30.919999999999995,92.0,1.00794,47.867,46.85906,12.687571715999999,14.015558059199998,1.00794,14.01,1941.0,1926.99,370.027,427.2204,14.01,1.0,13.0,12.0,2.5,2.4,1.0,1.0,4.0,3.0,1.9,1.08,1.0,31.0,166.0,135.0,79.9,58.67999999999999,31.0,0.93,2.2,1.27,1.8210000000000002,0.4548,2.2,1.0,2.0,1.0,1.2,0.31999999999999995,1.0,0.0,1.0,1.0,0.1,0.18000000000000002,0.0,0.0,2.0,2.0,0.2,0.36000000000000004,0.0,0.0,0.0,0.0,0.0,0.0,0.0,1.0,4.0,3.0,1.5,0.8,1.0,0.0,1.0,1.0,0.8,0.31999999999999995,1.0,0.0,5.0,5.0,0.5,0.9,0.0,0.0,8.0,8.0,0.8,1.4400000000000002,0.0,0.0,0.0,0.0,0.0,0.0,0.0,1.0,8.0,7.0,2.1,1.7600000000000002,1.0,6.615,29.2433333333,22.6283333333,13.134666666660001,7.823599999992001,6.615,0.0,7.853,7.853,4.711799999999999,3.7694400000000003,7.853,0.0,2.25333333333e-05,2.25333333333e-05,2.25333333333e-06,4.055999999993999e-06,0.0,194.0,229.0,35.0,204.1,14.139999999999997,194.0,-7.53379030779183,-2.504005788832161,1,0.8451681386244627
Na2TiAlH6,1.0,22.0,21.0,6.3,6.359999999999999,1.0,2.0,92.0,90.0,67.2,30.920000000000005,92.0,1.00794,47.867,46.85906,12.687571715999999,14.015558059199998,1.00794,14.01,1941.0,1926.99,370.027,427.2204,14.01,1.0,13.0,12.0,2.5,2.4,1.0,1.0,4.0,3.0,1.9,1.08,1.0,31.0,166.0,135.0,79.9,58.67999999999999,31.0,0.93,2.2,1.27,1.8210000000000002,0.4548000000000001,2.2,1.0,2.0,1.0,1.2,0.31999999999999995,1.0,0.0,1.0,1.0,0.1,0.18000000000000002,0.0,0.0,2.0,2.0,0.2,0.36000000000000004,0.0,0.0,0.0,0.0,0.0,0.0,0.0,1.0,4.0,3.0,1.5,0.8,1.0,0.0,1.0,1.0,0.8,0.31999999999999995,1.0,0.0,5.0,5.0,0.5,0.9,0.0,0.0,8.0,8.0,0.8,1.4400000000000002,0.0,0.0,0.0,0.0,0.0,0.0,0.0,1.0,8.0,7.0,2.1,1.7600000000000002,1.0,6.615,29.2433333333,22.6283333333,13.134666666660001,7.823599999992001,6.615,0.0,7.853,7.853,4.711799999999999,3.7694400000000003,7.853,0.0,2.25333333333e-05,2.25333333333e-05,2.25333333333e-06,4.055999999994e-06,0.0,194.0,229.0,35.0,204.1,14.139999999999997,194.0,-7.533790307791831,-2.5040057888321607,1,0.8451681386244627
Cs2TiMnH6,1.0,55.0,54.0,16.3,18.360000000000003,1.0,5.0,92.0,87.0,65.7,31.560000000000002,92.0,1.00794,132.9054519,131.8975119,37.46635888,43.750102656,1.00794,14.01,1941.0,1926.99,414.724,526.1104,14.01,1.0,7.0,6.0,1.9,1.44,1.0,1.0,6.0,5.0,2.6,1.9200000000000004,1.0,31.0,244.0,213.0,97.3,79.55999999999999,31.0,0.79,2.2,1.4100000000000001,1.7870000000000001,0.49560000000000015,2.2,1.0,2.0,1.0,1.2,0.31999999999999995,1.0,0.0,0.0,0.0,0.0,0.0,0.0,0.0,5.0,5.0,0.7,1.1199999999999999,0.0,0.0,0.0,0.0,0.0,0.0,0.0,1.0,7.0,6.0,1.9,1.44,1.0,0.0,1.0,1.0,0.8,0.31999999999999995,1.0,0.0,0.0,0.0,0.0,0.0,0.0,0.0,8.0,8.0,1.3,2.08,0.0,0.0,0.0,0.0,0.0,0.0,0.0,1.0,8.0,7.0,2.1,1.7600000000000002,1.0,6.615,115.765,109.15,29.83975862069,34.370096551724,6.615,0.0,7.853,7.853,4.711799999999999,3.7694400000000003,7.853,0.0,0.000310120689655,0.000310120689655,3.326540229883e-05,5.5371057471234e-05,0.0,194.0,229.0,35.0,203.3,13.020000000000005,194.0,-12.531411048564868,4.3257999656478825,1,0.8446079111727967
Rb2TiVH6,1.0,37.0,36.0,12.5,13.8,1.0,4.0,92.0,88.0,64.9,32.519999999999996,92.0,1.00794,85.4678,84.45985999999999,27.579174000000002,31.885480799999993,1.00794,14.01,2183.0,2168.99,483.29800000000006,631.4808,14.01,1.0,5.0,4.0,1.7,1.1199999999999999,1.0,1.0,5.0,4.0,2.4,1.6799999999999997,1.0,31.0,220.0,189.0,93.9,75.47999999999999,31.0,0.82,2.2,1.3800000000000003,1.8010000000000002,0.4788000000000001,2.2,1.0,2.0,1.0,1.2,0.31999999999999995,1.0,0.0,0.0,0.0,0.0,0.0,0.0,0.0,3.0,3.0,0.5,0.8,0.0,0.0,0.0,0.0,0.0,0.0,0.0,1.0,5.0,4.0,1.7,1.1199999999999999,1.0,0.0,1.0,1.0,0.8,0.31999999999999995,1.0,0.0,0.0,0.0,0.0,0.0,0.0,0.0,8.0,8.0,1.5,2.4,0.0,0.0,0.0,0.0,0.0,0.0,0.0,1.0,8.0,7.0,2.3,2.0799999999999996,1.0,6.615,90.7225,84.1075,25.083499999999997,26.255599999999998,6.615,0.0,7.853,7.853,4.711799999999999,3.7694400000000003,7.853,0.0,2.25333333333e-05,2.25333333333e-05,2.25333333333e-06,4.055999999994e-06,0.0,194.0,229.0,35.0,204.5,14.7,194.0,-12.018766028524324,2.206611434977559,1,0.8446079111727967
Rb2VTiH6,1.0,37.0,36.0,12.5,13.8,1.0,4.0,92.0,88.0,64.9,32.519999999999996,92.0,1.00794,85.4678,84.45985999999999,27.579174000000002,31.885480799999993,1.00794,14.01,2183.0,2168.99,483.29800000000006,631.4808,14.01,1.0,5.0,4.0,1.7,1.1199999999999999,1.0,1.0,5.0,4.0,2.4,1.6799999999999997,1.0,31.0,220.0,189.0,93.9,75.47999999999999,31.0,0.82,2.2,1.3800000000000003,1.8010000000000002,0.4788000000000001,2.2,1.0,2.0,1.0,1.2,0.31999999999999995,1.0,0.0,0.0,0.0,0.0,0.0,0.0,0.0,3.0,3.0,0.5,0.8,0.0,0.0,0.0,0.0,0.0,0.0,0.0,1.0,5.0,4.0,1.7,1.1199999999999999,1.0,0.0,1.0,1.0,0.8,0.31999999999999995,1.0,0.0,0.0,0.0,0.0,0.0,0.0,0.0,8.0,8.0,1.5,2.4,0.0,0.0,0.0,0.0,0.0,0.0,0.0,1.0,8.0,7.0,2.3,2.0799999999999996,1.0,6.615,90.7225,84.1075,25.083499999999997,26.255599999999998,6.615,0.0,7.853,7.853,4.711799999999999,3.7694400000000003,7.853,0.0,2.25333333333e-05,2.25333333333e-05,2.25333333333e-06,4.055999999993999e-06,0.0,194.0,229.0,35.0,204.5,14.7,194.0,-12.018766028524324,2.206611434977559,1,0.8446079111727967
Cs2MnTiH6,1.0,55.0,54.0,16.3,18.360000000000003,1.0,5.0,92.0,87.0,65.7,31.560000000000002,92.0,1.00794,132.9054519,131.8975119,37.46635888,43.750102656,1.00794,14.01,1941.0,1926.99,414.724,526.1104,14.01,1.0,7.0,6.0,1.9,1.44,1.0,1.0,6.0,5.0,2.6,1.9200000000000004,1.0,31.0,244.0,213.0,97.3,79.55999999999999,31.0,0.79,2.2,1.4100000000000001,1.7870000000000001,0.49560000000000015,2.2,1.0,2.0,1.0,1.2,0.31999999999999995,1.0,0.0,0.0,0.0,0.0,0.0,0.0,0.0,5.0,5.0,0.7,1.1199999999999999,0.0,0.0,0.0,0.0,0.0,0.0,0.0,1.0,7.0,6.0,1.9,1.44,1.0,0.0,1.0,1.0,0.8,0.31999999999999995,1.0,0.0,0.0,0.0,0.0,0.0,0.0,0.0,8.0,8.0,1.3,2.08,0.0,0.0,0.0,0.0,0.0,0.0,0.0,1.0,8.0,7.0,2.1,1.7600000000000002,1.0,6.615,115.765,109.15,29.839758620690002,34.370096551724,6.615,0.0,7.853,7.853,4.711799999999999,3.7694400000000003,7.853,0.0,0.000310120689655,0.000310120689655,3.326540229883e-05,5.5371057471234e-05,0.0,194.0,229.0,35.0,203.3,13.020000000000005,194.0,-12.531411048564868,4.325799965647883,1,0.8446079111727967
Ca2NiTiH6,1.0,28.0,27.0,9.6,10.319999999999999,1.0,7.0,92.0,85.0,67.0,30.0,92.0,1.00794,58.6934,57.68546,19.276404,21.9221568,1.00794,14.01,1941.0,1926.99,598.306,701.1551999999999,14.01,1.0,10.0,9.0,2.4,1.8399999999999999,1.0,1.0,4.0,3.0,2.2,1.44,1.0,31.0,176.0,145.0,82.2,61.44000000000001,31.0,1.0,2.2,1.2000000000000002,1.8650000000000002,0.41100000000000003,2.2,1.0,2.0,1.0,1.4,0.48,1.0,0.0,0.0,0.0,0.0,0.0,0.0,0.0,8.0,8.0,1.0,1.6,0.0,0.0,0.0,0.0,0.0,0.0,0.0,1.0,10.0,9.0,2.4,1.8399999999999999,1.0,0.0,1.0,1.0,0.6,0.4800000000000001,1.0,0.0,0.0,0.0,0.0,0.0,0.0,0.0,8.0,8.0,1.0,1.6,0.0,0.0,0.0,0.0,0.0,0.0,0.0,0.0,8.0,8.0,1.6,1.36,1.0,6.615,37.77,31.155,14.224,9.911600000000002,6.615,0.0,7.853,7.853,4.711799999999999,3.7694400000000003,7.853,0.0,0.5953947,0.5953947,0.05954172333333334,0.10717059533333335,0.0,194.0,225.0,31.0,203.3,13.020000000000005,194.0,-9.586295239733268,-0.2744581103955313,1,0.8440055865002839
Ca2TiNiH6,1.0,28.0,27.0,9.6,10.319999999999999,1.0,7.0,92.0,85.0,67.0,30.0,92.0,1.00794,58.6934,57.68546,19.276404,21.9221568,1.00794,14.01,1941.0,1926.99,598.306,701.1551999999999,14.01,1.0,10.0,9.0,2.4,1.8399999999999999,1.0,1.0,4.0,3.0,2.2,1.44,1.0,31.0,176.0,145.0,82.2,61.44000000000001,31.0,1.0,2.2,1.2000000000000002,1.8650000000000002,0.41100000000000003,2.2,1.0,2.0,1.0,1.4,0.48,1.0,0.0,0.0,0.0,0.0,0.0,0.0,0.0,8.0,8.0,1.0,1.6,0.0,0.0,0.0,0.0,0.0,0.0,0.0,1.0,10.0,9.0,2.4,1.8399999999999999,1.0,0.0,1.0,1.0,0.6,0.4800000000000001,1.0,0.0,0.0,0.0,0.0,0.0,0.0,0.0,8.0,8.0,1.0,1.6,0.0,0.0,0.0,0.0,0.0,0.0,0.0,0.0,8.0,8.0,1.6,1.36,1.0,6.615,37.77,31.155,14.224,9.9116,6.615,0.0,7.853,7.853,4.711799999999999,3.7694400000000003,7.853,0.0,0.5953947,0.5953947,0.05954172333333334,0.10717059533333335,0.0,194.0,225.0,31.0,203.3,13.020000000000005,194.0,-9.586295239733268,-0.2744581103955313,1,0.8440055865002839
Cs2CuMnH6,1.0,55.0,54.0,17.0,19.2,1.0,5.0,92.0,87.0,67.8,29.04,92.0,1.00794,132.9054519,131.8975119,39.034258879999996,45.631582656,1.00794,14.01,1519.0,1504.99,356.40099999999995,432.79359999999997,14.01,1.0,11.0,10.0,2.6,2.56,1.0,1.0,6.0,5.0,2.6,1.9200000000000004,1.0,31.0,244.0,213.0,94.5,76.2,31.0,0.79,2.2,1.4100000000000001,1.823,0.4678000000000001,2.2,1.0,2.0,1.0,1.1,0.18000000000000008,1.0,0.0,0.0,0.0,0.0,0.0,0.0,0.0,10.0,10.0,1.5,2.4,0.0,0.0,0.0,0.0,0.0,0.0,0.0,1.0,11.0,10.0,2.6,2.56,1.0,0.0,1.0,1.0,0.9,0.18,1.0,0.0,0.0,0.0,0.0,0.0,0.0,0.0,5.0,5.0,0.5,0.9,0.0,0.0,0.0,0.0,0.0,0.0,0.0,1.0,5.0,4.0,1.4,0.72,1.0,6.615,115.765,109.15,29.277758620689998,34.594896551724005,6.615,0.0,7.853,7.853,4.711799999999999,3.7694400000000003,7.853,0.0,0.000310120689655,0.000310120689655,3.10120689655e-05,5.58217241379e-05,0.0,194.0,229.0,35.0,206.4,14.88,194.0,-11.64886107785321,4.2761863484670934,1,0.8436294069417873
Cs2MnCuH6,1.0,55.0,54.0,17.0,19.2,1.0,5.0,92.0,87.0,67.8,29.04,92.0,1.00794,132.9054519,131.8975119,39.034258879999996,45.631582656,1.00794,14.01,1519.0,1504.99,356.40099999999995,432.79359999999997,14.01,1.0,11.0,10.0,2.6,2.56,1.0,1.0,6.0,5.0,2.6,1.9200000000000004,1.0,31.0,244.0,213.0,94.5,76.2,31.0,0.79,2.2,1.4100000000000001,1.823,0.4678000000000001,2.2,1.0,2.0,1.0,1.1,0.18000000000000008,1.0,0.0,0.0,0.0,0.0,0.0,0.0,0.0,10.0,10.0,1.5,2.4,0.0,0.0,0.0,0.0,0.0,0.0,0.0,1.0,11.0,10.0,2.6,2.56,1.0,0.0,1.0,1.0,0.9,0.18,1.0,0.0,0.0,0.0,0.0,0.0,0.0,0.0,5.0,5.0,0.5,0.9,0.0,0.0,0.0,0.0,0.0,0.0,0.0,1.0,5.0,4.0,1.4,0.72,1.0,6.615,115.765,109.15,29.277758620689998,34.594896551724005,6.615,0.0,7.853,7.853,4.711799999999999,3.7694400000000003,7.853,0.0,0.000310120689655,0.000310120689655,3.10120689655e-05,5.58217241379e-05,0.0,194.0,229.0,35.0,206.4,14.88,194.0,-11.64886107785321,4.2761863484670934,1,0.8436294069417873
Cs2ScAlH6,1.0,55.0,54.0,15.0,17.2,1.0,5.0,92.0,87.0,64.6,34.56,92.0,1.00794,132.9054519,131.8975119,34.37959944000001,41.52560349600001,1.00794,14.01,1814.0,1799.99,343.47099999999995,412.1056,14.01,1.0,13.0,12.0,2.4,2.2399999999999998,1.0,1.0,6.0,5.0,2.5,1.8,1.0,31.0,244.0,213.0,96.5,78.6,31.0,0.79,2.2,1.4100000000000001,1.775,0.5100000000000001,2.2,1.0,2.0,1.0,1.2,0.31999999999999995,1.0,0.0,1.0,1.0,0.1,0.18000000000000002,0.0,0.0,1.0,1.0,0.1,0.18000000000000002,0.0,0.0,0.0,0.0,0.0,0.0,0.0,1.0,3.0,2.0,1.4,0.6399999999999999,1.0,0.0,1.0,1.0,0.8,0.31999999999999995,1.0,0.0,5.0,5.0,0.5,0.9,0.0,0.0,9.0,9.0,0.9,1.6200000000000003,0.0,0.0,0.0,0.0,0.0,0.0,0.0,1.0,9.0,8.0,2.2,1.9200000000000004,1.0,6.615,115.765,109.15,30.9935,33.9086,6.615,0.0,7.853,7.853,4.711799999999999,3.7694400000000003,7.853,0.0,6.35e-06,6.35e-06,6.350000000000001e-07,1.1430000000000001e-06,0.0,194.0,229.0,35.0,204.1,14.139999999999997,194.0,-10.283169565746535,2.9378584716680263,1,0.8429936880072136
Cs2AlScH6,1.0,55.0,54.0,15.0,17.2,1.0,5.0,92.0,87.0,64.6,34.56,92.0,1.00794,132.9054519,131.8975119,34.37959944000001,41.52560349600001,1.00794,14.01,1814.0,1799.99,343.471,412.10560000000004,14.01,1.0,13.0,12.0,2.4,2.2399999999999998,1.0,1.0,6.0,5.0,2.5,1.8,1.0,31.0,244.0,213.0,96.5,78.6,31.0,0.79,2.2,1.4100000000000001,1.775,0.5100000000000001,2.2,1.0,2.0,1.0,1.2,0.31999999999999995,1.0,0.0,1.0,1.0,0.1,0.18000000000000002,0.0,0.0,1.0,1.0,0.1,0.18000000000000002,0.0,0.0,0.0,0.0,0.0,0.0,0.0,1.0,3.0,2.0,1.4,0.6399999999999999,1.0,0.0,1.0,1.0,0.8,0.31999999999999995,1.0,0.0,5.0,5.0,0.5,0.9,0.0,0.0,9.0,9.0,0.9,1.6200000000000003,0.0,0.0,0.0,0.0,0.0,0.0,0.0,1.0,9.0,8.0,2.2,1.9200000000000004,1.0,6.615,115.765,109.15,30.9935,33.9086,6.615,0.0,7.853,7.853,4.711799999999999,3.7694400000000003,7.853,0.0,6.35e-06,6.35e-06,6.350000000000001e-07,1.1430000000000001e-06,0.0,194.0,229.0,35.0,204.1,14.139999999999997,194.0,-10.283169565746535,2.9378584716680263,1,0.8429936880072136
K2CoTiH6,1.0,27.0,26.0,9.3,9.959999999999999,1.0,3.0,92.0,89.0,65.9,31.32,92.0,1.00794,58.933195,57.925255,19.1044435,21.715804199999997,1.00794,14.01,1941.0,1926.99,446.61199999999997,563.1551999999999,14.01,1.0,9.0,8.0,2.1,1.7600000000000002,1.0,1.0,4.0,3.0,2.2,1.44,1.0,31.0,203.0,172.0,87.8,68.16,31.0,0.82,2.2,1.3800000000000003,1.826,0.4596000000000001,2.2,1.0,2.0,1.0,1.2,0.31999999999999995,1.0,0.0,0.0,0.0,0.0,0.0,0.0,0.0,7.0,7.0,0.9,1.44,0.0,0.0,0.0,0.0,0.0,0.0,0.0,1.0,9.0,8.0,2.1,1.7600000000000002,1.0,0.0,1.0,1.0,0.8,0.31999999999999995,1.0,0.0,0.0,0.0,0.0,0.0,0.0,0.0,8.0,8.0,1.1,1.7600000000000002,0.0,0.0,0.0,0.0,0.0,0.0,0.0,1.0,8.0,7.0,1.9,1.44,1.0,6.615,73.1066666667,66.4916666667,21.28383333334,20.729133333344,6.615,0.0,7.853,7.853,4.711799999999999,3.7694400000000003,7.853,0.0,1.5484712,1.5484712,0.15484937333333332,0.27872436533333333,0.0,194.0,229.0,35.0,201.0,11.2,194.0,-10.787294481719336,0.7843606874299861,1,0.8426175771971498
K2MnTiH6,1.0,25.0,24.0,9.1,9.719999999999999,1.0,3.0,92.0,89.0,65.3,32.04,92.0,1.00794,54.938045,53.930105000000005,18.7049285,21.2363862,1.00794,14.01,1941.0,1926.99,421.712,523.3152,14.01,1.0,7.0,6.0,1.9,1.44,1.0,1.0,4.0,3.0,2.2,1.44,1.0,31.0,203.0,172.0,89.1,69.72,31.0,0.82,2.2,1.3800000000000003,1.793,0.4884000000000002,2.2,1.0,2.0,1.0,1.2,0.31999999999999995,1.0,0.0,0.0,0.0,0.0,0.0,0.0,0.0,5.0,5.0,0.7,1.1199999999999999,0.0,0.0,0.0,0.0,0.0,0.0,0.0,1.0,7.0,6.0,1.9,1.44,1.0,0.0,1.0,1.0,0.8,0.31999999999999995,1.0,0.0,0.0,0.0,0.0,0.0,0.0,0.0,8.0,8.0,1.3,2.08,0.0,0.0,0.0,0.0,0.0,0.0,0.0,1.0,8.0,7.0,2.1,1.7600000000000002,1.0,6.615,73.1066666667,66.4916666667,21.308091954029997,20.719429885067996,6.615,0.0,7.853,7.853,4.711799999999999,3.7694400000000003,7.853,0.0,0.000310120689655,0.000310120689655,3.326540229883e-05,5.5371057471234e-05,0.0,194.0,229.0,35.0,203.3,13.020000000000005,194.0,-10.890351468561509,0.5600459224402702,1,0.8426175771971498
K2TiMnH6,1.0,25.0,24.0,9.1,9.719999999999999,1.0,3.0,92.0,89.0,65.3,32.04,92.0,1.00794,54.938045,53.930105000000005,18.7049285,21.2363862,1.00794,14.01,1941.0,1926.99,421.712,523.3152,14.01,1.0,7.0,6.0,1.9,1.44,1.0,1.0,4.0,3.0,2.2,1.44,1.0,31.0,203.0,172.0,89.1,69.72,31.0,0.82,2.2,1.3800000000000003,1.793,0.4884000000000001,2.2,1.0,2.0,1.0,1.2,0.31999999999999995,1.0,0.0,0.0,0.0,0.0,0.0,0.0,0.0,5.0,5.0,0.7,1.1199999999999999,0.0,0.0,0.0,0.0,0.0,0.0,0.0,1.0,7.0,6.0,1.9,1.44,1.0,0.0,1.0,1.0,0.8,0.31999999999999995,1.0,0.0,0.0,0.0,0.0,0.0,0.0,0.0,8.0,8.0,1.3,2.08,0.0,0.0,0.0,0.0,0.0,0.0,0.0,1.0,8.0,7.0,2.1,1.7600000000000002,1.0,6.615,73.1066666667,66.4916666667,21.308091954029997,20.719429885067996,6.615,0.0,7.853,7.853,4.711799999999999,3.7694400000000003,7.853,0.0,0.000310120689655,0.000310120689655,3.326540229883e-05,5.5371057471234e-05,0.0,194.0,229.0,35.0,203.3,13.020000000000005,194.0,-10.890351468561509,0.5600459224402701,1,0.8426175771971498
K2TiCoH6,1.0,27.0,26.0,9.3,9.959999999999999,1.0,3.0,92.0,89.0,65.9,31.32,92.0,1.00794,58.933195,57.925255,19.104443500000002,21.7158042,1.00794,14.01,1941.0,1926.99,446.61199999999997,563.1551999999999,14.01,1.0,9.0,8.0,2.1,1.7600000000000002,1.0,1.0,4.0,3.0,2.2,1.44,1.0,31.0,203.0,172.0,87.8,68.16,31.0,0.82,2.2,1.3800000000000003,1.826,0.4596000000000001,2.2,1.0,2.0,1.0,1.2,0.31999999999999995,1.0,0.0,0.0,0.0,0.0,0.0,0.0,0.0,7.0,7.0,0.9,1.44,0.0,0.0,0.0,0.0,0.0,0.0,0.0,1.0,9.0,8.0,2.1,1.7600000000000002,1.0,0.0,1.0,1.0,0.8,0.31999999999999995,1.0,0.0,0.0,0.0,0.0,0.0,0.0,0.0,8.0,8.0,1.1,1.7600000000000002,0.0,0.0,0.0,0.0,0.0,0.0,0.0,1.0,8.0,7.0,1.9,1.44,1.0,6.615,73.1066666667,66.4916666667,21.28383333334,20.729133333344,6.615,0.0,7.853,7.853,4.711799999999999,3.7694400000000003,7.853,0.0,1.5484712,1.5484712,0.15484937333333332,0.27872436533333333,0.0,194.0,229.0,35.0,201.0,11.2,194.0,-10.787294481719336,0.7843606874299862,1,0.8426175771971498
Rb2FeCuH6,1.0,37.0,36.0,13.5,15.0,1.0,4.0,92.0,88.0,67.9,28.919999999999998,92.0,1.00794,85.4678,84.45985999999999,29.637424,34.3553808,1.00794,14.01,1811.0,1796.99,387.775,478.64400000000006,14.01,1.0,11.0,10.0,2.7,2.72,1.0,1.0,5.0,4.0,2.4,1.6799999999999997,1.0,31.0,220.0,189.0,89.0,69.6,31.0,0.82,2.2,1.3800000000000003,1.857,0.4202000000000002,2.2,1.0,2.0,1.0,1.1,0.18000000000000008,1.0,0.0,0.0,0.0,0.0,0.0,0.0,0.0,10.0,10.0,1.6,2.56,0.0,0.0,0.0,0.0,0.0,0.0,0.0,1.0,11.0,10.0,2.7,2.72,1.0,0.0,1.0,1.0,0.9,0.18,1.0,0.0,0.0,0.0,0.0,0.0,0.0,0.0,4.0,4.0,0.4,0.7200000000000001,0.0,0.0,0.0,0.0,0.0,0.0,0.0,1.0,4.0,3.0,1.3,0.54,1.0,6.615,90.7225,84.1075,24.293499999999998,26.5716,6.615,0.0,7.853,7.853,4.711799999999999,3.7694400000000003,7.853,0.0,2.1106628,2.1106628,0.21106628,0.37991930399999996,0.0,194.0,229.0,35.0,207.6,16.32,194.0,-10.970956353528651,2.2617024096473277,1,0.8422170283806344
Rb2CuFeH6,1.0,37.0,36.0,13.5,15.0,1.0,4.0,92.0,88.0,67.9,28.919999999999998,92.0,1.00794,85.4678,84.45985999999999,29.637424,34.3553808,1.00794,14.01,1811.0,1796.99,387.775,478.64400000000006,14.01,1.0,11.0,10.0,2.7,2.72,1.0,1.0,5.0,4.0,2.4,1.6799999999999997,1.0,31.0,220.0,189.0,89.0,69.6,31.0,0.82,2.2,1.3800000000000003,1.857,0.4202000000000002,2.2,1.0,2.0,1.0,1.1,0.18000000000000008,1.0,0.0,0.0,0.0,0.0,0.0,0.0,0.0,10.0,10.0,1.6,2.56,0.0,0.0,0.0,0.0,0.0,0.0,0.0,1.0,11.0,10.0,2.7,2.72,1.0,0.0,1.0,1.0,0.9,0.18,1.0,0.0,0.0,0.0,0.0,0.0,0.0,0.0,4.0,4.0,0.4,0.7200000000000001,0.0,0.0,0.0,0.0,0.0,0.0,0.0,1.0,4.0,3.0,1.3,0.54,1.0,6.615,90.7225,84.1075,24.293499999999998,26.5716,6.615,0.0,7.853,7.853,4.711799999999999,3.7694400000000003,7.853,0.0,2.1106628,2.1106628,0.21106628,0.37991930399999996,0.0,194.0,229.0,35.0,207.6,16.32,194.0,-10.970956353528651,2.2617024096473277,1,0.8422170283806344
Rb2ScTiH6,1.0,37.0,36.0,12.3,13.560000000000002,1.0,4.0,92.0,88.0,61.4,36.720000000000006,92.0,1.00794,85.4678,84.45985999999999,26.9806152,31.167210239999996,1.00794,14.01,1941.0,1926.99,446.398,572.4408000000001,14.01,1.0,4.0,3.0,1.5,0.8,1.0,1.0,5.0,4.0,2.4,1.6799999999999997,1.0,31.0,220.0,189.0,95.6,77.52000000000001,31.0,0.82,2.2,1.3800000000000003,1.7740000000000002,0.5112,2.2,1.0,2.0,1.0,1.2,0.31999999999999995,1.0,0.0,0.0,0.0,0.0,0.0,0.0,0.0,2.0,2.0,0.3,0.48,0.0,0.0,0.0,0.0,0.0,0.0,0.0,1.0,4.0,3.0,1.5,0.8,1.0,0.0,1.0,1.0,0.8,0.31999999999999995,1.0,0.0,0.0,0.0,0.0,0.0,0.0,0.0,9.0,9.0,1.7,2.7199999999999998,0.0,0.0,0.0,0.0,0.0,0.0,0.0,1.0,9.0,8.0,2.5,2.4,1.0,6.615,90.7225,84.1075,26.006,25.886599999999998,6.615,0.0,7.853,7.853,4.711799999999999,3.7694400000000003,7.853,0.0,2.25333333333e-05,2.25333333333e-05,2.8883333333300003e-06,4.621333333328001e-06,0.0,194.0,229.0,35.0,201.0,11.2,194.0,-12.414484708878176,2.421308348768264,1,0.8419272238771892
Rb2TiScH6,1.0,37.0,36.0,12.3,13.560000000000002,1.0,4.0,92.0,88.0,61.4,36.720000000000006,92.0,1.00794,85.4678,84.45985999999999,26.9806152,31.167210239999996,1.00794,14.01,1941.0,1926.99,446.398,572.4408000000001,14.01,1.0,4.0,3.0,1.5,0.8,1.0,1.0,5.0,4.0,2.4,1.6799999999999997,1.0,31.0,220.0,189.0,95.6,77.52000000000001,31.0,0.82,2.2,1.3800000000000003,1.7740000000000002,0.5112,2.2,1.0,2.0,1.0,1.2,0.31999999999999995,1.0,0.0,0.0,0.0,0.0,0.0,0.0,0.0,2.0,2.0,0.3,0.48,0.0,0.0,0.0,0.0,0.0,0.0,0.0,1.0,4.0,3.0,1.5,0.8,1.0,0.0,1.0,1.0,0.8,0.31999999999999995,1.0,0.0,0.0,0.0,0.0,0.0,0.0,0.0,9.0,9.0,1.7,2.7199999999999998,0.0,0.0,0.0,0.0,0.0,0.0,0.0,1.0,9.0,8.0,2.5,2.4,1.0,6.615,90.7225,84.1075,26.006,25.886599999999998,6.615,0.0,7.853,7.853,4.711799999999999,3.7694400000000003,7.853,0.0,2.25333333333e-05,2.25333333333e-05,2.8883333333300003e-06,4.621333333328001e-06,0.0,194.0,229.0,35.0,201.0,11.2,194.0,-12.414484708878176,2.421308348768264,1,0.8419272238771892
Ca2ScCrH6,1.0,24.0,23.0,9.1,9.719999999999999,1.0,7.0,92.0,85.0,62.6,35.279999999999994,92.0,1.00794,51.9961,50.98816,18.3155652,20.76915024,1.00794,14.01,2180.0,2165.99,630.806,740.1551999999999,14.01,1.0,6.0,5.0,1.9,1.08,1.0,1.0,4.0,3.0,2.2,1.44,1.0,31.0,176.0,145.0,84.7,64.44000000000001,31.0,1.0,2.2,1.2000000000000002,1.8220000000000003,0.45360000000000006,2.2,1.0,2.0,1.0,1.3,0.41999999999999993,1.0,0.0,0.0,0.0,0.0,0.0,0.0,0.0,5.0,5.0,0.6,0.96,0.0,0.0,0.0,0.0,0.0,0.0,0.0,1.0,6.0,5.0,1.9,1.08,1.0,0.0,1.0,1.0,0.7,0.41999999999999993,1.0,0.0,0.0,0.0,0.0,0.0,0.0,0.0,9.0,9.0,1.4,2.2399999999999998,0.0,0.0,0.0,0.0,0.0,0.0,0.0,0.0,9.0,9.0,2.1,2.16,1.0,6.615,37.77,31.155,14.8655,10.6357,6.615,0.0,7.853,7.853,4.711799999999999,3.7694400000000003,7.853,0.0,6.35e-06,6.35e-06,6.350000000000001e-07,1.1430000000000001e-06,0.0,194.0,229.0,35.0,203.7,13.579999999999995,194.0,-10.600174241610498,-0.2438346300132328,1,0.8411377148683816
Ca2CrScH6,1.0,24.0,23.0,9.1,9.719999999999999,1.0,7.0,92.0,85.0,62.6,35.279999999999994,92.0,1.00794,51.9961,50.98816,18.3155652,20.76915024,1.00794,14.01,2180.0,2165.99,630.806,740.1551999999999,14.01,1.0,6.0,5.0,1.9,1.08,1.0,1.0,4.0,3.0,2.2,1.44,1.0,31.0,176.0,145.0,84.7,64.44000000000001,31.0,1.0,2.2,1.2000000000000002,1.8220000000000003,0.45360000000000006,2.2,1.0,2.0,1.0,1.3,0.42000000000000004,1.0,0.0,0.0,0.0,0.0,0.0,0.0,0.0,5.0,5.0,0.6,0.9600000000000002,0.0,0.0,0.0,0.0,0.0,0.0,0.0,1.0,6.0,5.0,1.9,1.08,1.0,0.0,1.0,1.0,0.7,0.42000000000000004,1.0,0.0,0.0,0.0,0.0,0.0,0.0,0.0,9.0,9.0,1.4,2.2399999999999998,0.0,0.0,0.0,0.0,0.0,0.0,0.0,0.0,9.0,9.0,2.1,2.16,1.0,6.615,37.77,31.155,14.8655,10.6357,6.615,0.0,7.853,7.853,4.711799999999999,3.7694400000000003,7.853,0.0,6.35e-06,6.35e-06,6.350000000000001e-07,1.1430000000000001e-06,0.0,194.0,229.0,35.0,203.7,13.579999999999995,194.0,-10.600174241610498,-0.24383463001323302,1,0.8411377148683816
Cs2NiVH6,1.0,55.0,54.0,16.7,18.839999999999996,1.0,5.0,92.0,87.0,66.9,30.119999999999997,92.0,1.00794,132.9054519,131.8975119,38.14934438,44.569685256,1.00794,14.01,2183.0,2168.99,459.82400000000007,598.2704000000001,14.01,1.0,10.0,9.0,2.3,2.0799999999999996,1.0,1.0,6.0,5.0,2.6,1.9200000000000004,1.0,31.0,244.0,213.0,95.1,76.92,31.0,0.79,2.2,1.4100000000000001,1.832,0.4572000000000001,2.2,1.0,2.0,1.0,1.2,0.31999999999999995,1.0,0.0,0.0,0.0,0.0,0.0,0.0,0.0,8.0,8.0,1.1,1.7600000000000002,0.0,0.0,0.0,0.0,0.0,0.0,0.0,1.0,10.0,9.0,2.3,2.0799999999999996,1.0,0.0,1.0,1.0,0.8,0.31999999999999995,1.0,0.0,0.0,0.0,0.0,0.0,0.0,0.0,7.0,7.0,0.9,1.44,0.0,0.0,0.0,0.0,0.0,0.0,0.0,1.0,7.0,6.0,1.7,1.1199999999999999,1.0,6.615,115.765,109.15,29.454999999999995,34.523999999999994,6.615,0.0,7.853,7.853,4.711799999999999,3.7694400000000003,7.853,0.0,0.5953947,0.5953947,0.059539470000000004,0.107171046,0.0,194.0,229.0,35.0,207.6,16.32,194.0,-11.95934666671844,4.273983475049409,1,0.84
Cs2VNiH6,1.0,55.0,54.0,16.7,18.839999999999996,1.0,5.0,92.0,87.0,66.9,30.119999999999997,92.0,1.00794,132.9054519,131.8975119,38.14934438,44.569685256,1.00794,14.01,2183.0,2168.99,459.82400000000007,598.2704000000001,14.01,1.0,10.0,9.0,2.3,2.0799999999999996,1.0,1.0,6.0,5.0,2.6,1.9200000000000004,1.0,31.0,244.0,213.0,95.1,76.92,31.0,0.79,2.2,1.4100000000000001,1.832,0.4572000000000001,2.2,1.0,2.0,1.0,1.2,0.31999999999999995,1.0,0.0,0.0,0.0,0.0,0.0,0.0,0.0,8.0,8.0,1.1,1.7600000000000002,0.0,0.0,0.0,0.0,0.0,0.0,0.0,1.0,10.0,9.0,2.3,2.0799999999999996,1.0,0.0,1.0,1.0,0.8,0.31999999999999995,1.0,0.0,0.0,0.0,0.0,0.0,0.0,0.0,7.0,7.0,0.9,1.44,0.0,0.0,0.0,0.0,0.0,0.0,0.0,1.0,7.0,6.0,1.7,1.1199999999999999,1.0,6.615,115.765,109.15,29.454999999999995,34.523999999999994,6.615,0.0,7.853,7.853,4.711799999999999,3.7694400000000003,7.853,0.0,0.5953947,0.5953947,0.059539470000000004,0.107171046,0.0,194.0,229.0,35.0,207.6,16.32,194.0,-11.95934666671844,4.273983475049409,1,0.84
K2ZnCoH6,1.0,30.0,29.0,10.1,10.919999999999998,1.0,3.0,92.0,89.0,68.5,28.3,92.0,1.00794,65.38,64.37205999999999,20.8557435,23.817364199999997,1.00794,14.01,1768.0,1753.99,321.78,369.32399999999996,14.01,1.0,12.0,11.0,2.9,3.04,1.0,1.0,4.0,3.0,2.2,1.44,1.0,31.0,203.0,172.0,84.0,63.6,31.0,0.82,2.2,1.3800000000000003,1.8370000000000002,0.44420000000000004,2.2,1.0,2.0,1.0,1.2,0.31999999999999995,1.0,0.0,0.0,0.0,0.0,0.0,0.0,0.0,10.0,10.0,1.7,2.7199999999999998,0.0,0.0,0.0,0.0,0.0,0.0,0.0,1.0,12.0,11.0,2.9,3.04,1.0,0.0,1.0,1.0,0.8,0.31999999999999995,1.0,0.0,0.0,0.0,0.0,0.0,0.0,0.0,3.0,3.0,0.3,0.54,0.0,0.0,0.0,0.0,0.0,0.0,0.0,0.0,3.0,3.0,1.1,0.38000000000000006,1.0,6.615,73.1066666667,66.4916666667,21.01083333334,20.838333333343996,6.615,0.0,7.853,7.853,4.711799999999999,3.7694400000000003,7.853,0.0,1.5484712,1.5484712,0.15484712,0.278724816,0.0,194.0,229.0,35.0,201.0,11.2,194.0,-9.685677520554934,0.43885885990320517,1,0.84
K2CoZnH6,1.0,30.0,29.0,10.1,10.919999999999998,1.0,3.0,92.0,89.0,68.5,28.3,92.0,1.00794,65.38,64.37205999999999,20.8557435,23.817364199999997,1.00794,14.01,1768.0,1753.99,321.78,369.32399999999996,14.01,1.0,12.0,11.0,2.9,3.04,1.0,1.0,4.0,3.0,2.2,1.44,1.0,31.0,203.0,172.0,84.0,63.6,31.0,0.82,2.2,1.3800000000000003,1.8370000000000002,0.44420000000000004,2.2,1.0,2.0,1.0,1.2,0.31999999999999995,1.0,0.0,0.0,0.0,0.0,0.0,0.0,0.0,10.0,10.0,1.7,2.7199999999999998,0.0,0.0,0.0,0.0,0.0,0.0,0.0,1.0,12.0,11.0,2.9,3.04,1.0,0.0,1.0,1.0,0.8,0.31999999999999995,1.0,0.0,0.0,0.0,0.0,0.0,0.0,0.0,3.0,3.0,0.3,0.54,0.0,0.0,0.0,0.0,0.0,0.0,0.0,0.0,3.0,3.0,1.1,0.38000000000000006,1.0,6.615,73.1066666667,66.4916666667,21.01083333334,20.838333333343996,6.615,0.0,7.853,7.853,4.711799999999999,3.7694400000000003,7.853,0.0,1.5484712,1.5484712,0.15484712,0.278724816,0.0,194.0,229.0,35.0,201.0,11.2,194.0,-9.685677520554934,0.43885885990320517,1,0.84
Cs2ScVH6,1.0,55.0,54.0,16.0,18.0,1.0,5.0,92.0,87.0,61.9,36.120000000000005,92.0,1.00794,132.9054519,131.8975119,36.77559558,42.92118669600001,1.00794,14.01,2183.0,2168.99,468.4240000000001,612.0304,14.01,1.0,5.0,4.0,1.6,0.9600000000000002,1.0,1.0,6.0,5.0,2.6,1.9200000000000004,1.0,31.0,244.0,213.0,99.7,82.44000000000001,31.0,0.79,2.2,1.4100000000000001,1.7770000000000004,0.5076,2.2,1.0,2.0,1.0,1.2,0.31999999999999995,1.0,0.0,0.0,0.0,0.0,0.0,0.0,0.0,3.0,3.0,0.4,0.64,0.0,0.0,0.0,0.0,0.0,0.0,0.0,1.0,5.0,4.0,1.6,0.9600000000000002,1.0,0.0,1.0,1.0,0.8,0.31999999999999995,1.0,0.0,0.0,0.0,0.0,0.0,0.0,0.0,9.0,9.0,1.6,2.56,0.0,0.0,0.0,0.0,0.0,0.0,0.0,1.0,9.0,8.0,2.4,2.2399999999999998,1.0,6.615,115.765,109.15,30.646499999999996,34.047399999999996,6.615,0.0,7.853,7.853,4.711799999999999,3.7694400000000003,7.853,0.0,6.35e-06,6.35e-06,6.350000000000001e-07,1.1430000000000001e-06,0.0,194.0,229.0,35.0,204.5,14.7,194.0,-13.133228656527049,4.481035236062095,1,0.84
Cs2VScH6,1.0,55.0,54.0,16.0,18.0,1.0,5.0,92.0,87.0,61.9,36.120000000000005,92.0,1.00794,132.9054519,131.8975119,36.77559558,42.92118669600001,1.00794,14.01,2183.0,2168.99,468.4240000000001,612.0304,14.01,1.0,5.0,4.0,1.6,0.9600000000000002,1.0,1.0,6.0,5.0,2.6,1.9200000000000004,1.0,31.0,244.0,213.0,99.7,82.44000000000001,31.0,0.79,2.2,1.4100000000000001,1.7770000000000004,0.5076,2.2,1.0,2.0,1.0,1.2,0.31999999999999995,1.0,0.0,0.0,0.0,0.0,0.0,0.0,0.0,3.0,3.0,0.4,0.64,0.0,0.0,0.0,0.0,0.0,0.0,0.0,1.0,5.0,4.0,1.6,0.9600000000000002,1.0,0.0,1.0,1.0,0.8,0.31999999999999995,1.0,0.0,0.0,0.0,0.0,0.0,0.0,0.0,9.0,9.0,1.6,2.56,0.0,0.0,0.0,0.0,0.0,0.0,0.0,1.0,9.0,8.0,2.4,2.2399999999999998,1.0,6.615,115.765,109.15,30.646499999999996,34.047399999999996,6.615,0.0,7.853,7.853,4.711799999999999,3.7694400000000003,7.853,0.0,6.35e-06,6.35e-06,6.350000000000001e-07,1.1430000000000001e-06,0.0,194.0,229.0,35.0,204.5,14.7,194.0,-13.133228656527049,4.481035236062095,1,0.84
Ca2FeNiH6,1.0,28.0,27.0,10.0,10.8,1.0,7.0,92.0,85.0,68.2,28.560000000000002,92.0,1.00794,58.6934,57.68546,20.074204,22.879516799999998,1.00794,14.01,1811.0,1796.99,585.306,685.5552,14.01,1.0,10.0,9.0,2.8,2.4799999999999995,1.0,1.0,4.0,3.0,2.2,1.44,1.0,31.0,176.0,145.0,79.4,58.08,31.0,1.0,2.2,1.2000000000000002,1.8940000000000001,0.37040000000000006,2.2,1.0,2.0,1.0,1.4,0.48,1.0,0.0,0.0,0.0,0.0,0.0,0.0,0.0,8.0,8.0,1.4,2.2399999999999998,0.0,0.0,0.0,0.0,0.0,0.0,0.0,1.0,10.0,9.0,2.8,2.4799999999999995,1.0,0.0,1.0,1.0,0.6,0.4800000000000001,1.0,0.0,0.0,0.0,0.0,0.0,0.0,0.0,4.0,4.0,0.6,0.96,0.0,0.0,0.0,0.0,0.0,0.0,0.0,0.0,4.0,4.0,1.2,0.72,1.0,6.615,37.77,31.155,13.628,9.6568,6.615,0.0,7.853,7.853,4.711799999999999,3.7694400000000003,7.853,0.0,2.1106628,2.1106628,0.27060575,0.43296919999999994,0.0,194.0,229.0,35.0,206.8,15.360000000000003,194.0,-9.338884565722264,-0.5519692365769469,1,0.8399381955403622
Ca2NiFeH6,1.0,28.0,27.0,10.0,10.8,1.0,7.0,92.0,85.0,68.2,28.560000000000002,92.0,1.00794,58.6934,57.68546,20.074204,22.879516799999998,1.00794,14.01,1811.0,1796.99,585.306,685.5552,14.01,1.0,10.0,9.0,2.8,2.4799999999999995,1.0,1.0,4.0,3.0,2.2,1.44,1.0,31.0,176.0,145.0,79.4,58.08,31.0,1.0,2.2,1.2000000000000002,1.8940000000000001,0.37040000000000006,2.2,1.0,2.0,1.0,1.4,0.48,1.0,0.0,0.0,0.0,0.0,0.0,0.0,0.0,8.0,8.0,1.4,2.2399999999999998,0.0,0.0,0.0,0.0,0.0,0.0,0.0,1.0,10.0,9.0,2.8,2.4799999999999995,1.0,0.0,1.0,1.0,0.6,0.4800000000000001,1.0,0.0,0.0,0.0,0.0,0.0,0.0,0.0,4.0,4.0,0.6,0.96,0.0,0.0,0.0,0.0,0.0,0.0,0.0,0.0,4.0,4.0,1.2,0.72,1.0,6.615,37.77,31.155,13.628000000000004,9.6568,6.615,0.0,7.853,7.853,4.711799999999999,3.7694400000000003,7.853,0.0,2.1106628,2.1106628,0.27060575,0.43296919999999994,0.0,194.0,229.0,35.0,206.8,15.360000000000003,194.0,-9.338884565722266,-0.5519692365769467,1,0.8399381955403622
K2NiCuH6,1.0,29.0,28.0,10.1,10.919999999999998,1.0,3.0,92.0,89.0,68.3,28.439999999999998,92.0,1.00794,63.546,62.53806,20.648363999999997,23.568508799999996,1.00794,14.01,1728.0,1713.99,384.289,463.4384,14.01,1.0,11.0,10.0,2.9,3.04,1.0,1.0,4.0,3.0,2.2,1.44,1.0,31.0,203.0,172.0,84.8,64.55999999999999,31.0,0.82,2.2,1.3800000000000003,1.8649999999999998,0.41800000000000026,2.2,1.0,2.0,1.0,1.1,0.18000000000000008,1.0,0.0,0.0,0.0,0.0,0.0,0.0,0.0,10.0,10.0,1.8,2.88,0.0,0.0,0.0,0.0,0.0,0.0,0.0,1.0,11.0,10.0,2.9,3.04,1.0,0.0,1.0,1.0,0.9,0.18,1.0,0.0,0.0,0.0,0.0,0.0,0.0,0.0,2.0,2.0,0.2,0.36000000000000004,0.0,0.0,0.0,0.0,0.0,0.0,0.0,1.0,2.0,1.0,1.1,0.18000000000000008,1.0,6.615,73.1066666667,66.4916666667,20.729333333339998,20.950933333344,6.615,0.0,7.853,7.853,4.711799999999999,3.7694400000000003,7.853,0.0,0.5953947,0.5953947,0.059539470000000004,0.107171046,0.0,194.0,229.0,35.0,207.2,15.839999999999998,194.0,-9.744068286308499,0.29751744279848036,1,0.8398186275606447
K2CuNiH6,1.0,29.0,28.0,10.1,10.919999999999998,1.0,3.0,92.0,89.0,68.3,28.439999999999998,92.0,1.00794,63.546,62.53806,20.648364,23.5685088,1.00794,14.01,1728.0,1713.99,384.289,463.4384,14.01,1.0,11.0,10.0,2.9,3.04,1.0,1.0,4.0,3.0,2.2,1.44,1.0,31.0,203.0,172.0,84.8,64.55999999999999,31.0,0.82,2.2,1.3800000000000003,1.8650000000000002,0.418,2.2,1.0,2.0,1.0,1.1,0.18000000000000008,1.0,0.0,0.0,0.0,0.0,0.0,0.0,0.0,10.0,10.0,1.8,2.88,0.0,0.0,0.0,0.0,0.0,0.0,0.0,1.0,11.0,10.0,2.9,3.04,1.0,0.0,1.0,1.0,0.9,0.18,1.0,0.0,0.0,0.0,0.0,0.0,0.0,0.0,2.0,2.0,0.2,0.36000000000000004,0.0,0.0,0.0,0.0,0.0,0.0,0.0,1.0,2.0,1.0,1.1,0.18000000000000008,1.0,6.615,73.1066666667,66.4916666667,20.729333333339998,20.950933333344,6.615,0.0,7.853,7.853,4.711799999999999,3.7694400000000003,7.853,0.0,0.5953947,0.5953947,0.059539470000000004,0.107171046,0.0,194.0,229.0,35.0,207.2,15.839999999999998,194.0,-9.744068286308499,0.2975174427984803,1,0.8398186275606447
Ca2CrNiH6,1.0,28.0,27.0,9.8,10.559999999999999,1.0,7.0,92.0,85.0,67.6,29.28,92.0,1.00794,58.6934,57.68546,19.689314000000003,22.417648800000002,1.00794,14.01,2180.0,2165.99,622.206,729.8352,14.01,1.0,10.0,9.0,2.6,2.16,1.0,1.0,4.0,3.0,2.2,1.44,1.0,31.0,176.0,145.0,80.1,58.92,31.0,1.0,2.2,1.2000000000000002,1.8770000000000002,0.3942,2.2,1.0,2.0,1.0,1.3,0.42000000000000004,1.0,0.0,0.0,0.0,0.0,0.0,0.0,0.0,8.0,8.0,1.3,2.08,0.0,0.0,0.0,0.0,0.0,0.0,0.0,1.0,10.0,9.0,2.6,2.16,1.0,0.0,1.0,1.0,0.7,0.42000000000000004,1.0,0.0,0.0,0.0,0.0,0.0,0.0,0.0,5.0,5.0,0.7,1.1199999999999999,0.0,0.0,0.0,0.0,0.0,0.0,0.0,0.0,6.0,6.0,1.4,1.0399999999999998,1.0,6.615,37.77,31.155,13.674000000000001,9.6384,6.615,0.0,7.853,7.853,4.711799999999999,3.7694400000000003,7.853,0.0,0.5953947,0.5953947,0.059539470000000004,0.107171046,0.0,194.0,229.0,35.0,206.8,15.360000000000003,194.0,-9.44791701954709,-0.5743794303289284,1,0.8396231837930082
Ca2CrFeH6,1.0,26.0,25.0,9.6,10.319999999999999,1.0,7.0,92.0,85.0,67.0,30.0,92.0,1.00794,55.845,54.83706,19.404474,22.0758408,1.00794,14.01,2180.0,2165.99,630.5060000000001,739.7952,14.01,1.0,8.0,7.0,2.4,1.8399999999999999,1.0,1.0,4.0,3.0,2.2,1.44,1.0,31.0,176.0,145.0,80.9,59.879999999999995,31.0,1.0,2.2,1.2000000000000002,1.8690000000000002,0.39720000000000005,2.2,1.0,2.0,1.0,1.3,0.42000000000000004,1.0,0.0,0.0,0.0,0.0,0.0,0.0,0.0,6.0,6.0,1.1,1.7600000000000002,0.0,0.0,0.0,0.0,0.0,0.0,0.0,1.0,8.0,7.0,2.4,1.8399999999999999,1.0,0.0,1.0,1.0,0.7,0.42000000000000004,1.0,0.0,0.0,0.0,0.0,0.0,0.0,0.0,5.0,5.0,0.9,1.44,0.0,0.0,0.0,0.0,0.0,0.0,0.0,0.0,6.0,6.0,1.6,1.36,1.0,6.615,37.77,31.155,13.715,9.622,6.615,0.0,7.853,7.853,4.711799999999999,3.7694400000000003,7.853,0.0,2.1106628,2.1106628,0.21106628,0.37991930399999996,0.0,194.0,229.0,35.0,207.2,15.839999999999998,194.0,-10.049563823791855,-0.4937449663193672,1,0.8396231837930082
Ca2FeCrH6,1.0,26.0,25.0,9.6,10.319999999999999,1.0,7.0,92.0,85.0,67.0,30.0,92.0,1.00794,55.845,54.83706,19.404474,22.075840799999998,1.00794,14.01,2180.0,2165.99,630.5060000000001,739.7952,14.01,1.0,8.0,7.0,2.4,1.8399999999999999,1.0,1.0,4.0,3.0,2.2,1.44,1.0,31.0,176.0,145.0,80.9,59.879999999999995,31.0,1.0,2.2,1.2000000000000002,1.8690000000000002,0.39720000000000005,2.2,1.0,2.0,1.0,1.3,0.41999999999999993,1.0,0.0,0.0,0.0,0.0,0.0,0.0,0.0,6.0,6.0,1.1,1.7600000000000002,0.0,0.0,0.0,0.0,0.0,0.0,0.0,1.0,8.0,7.0,2.4,1.8399999999999999,1.0,0.0,1.0,1.0,0.7,0.41999999999999993,1.0,0.0,0.0,0.0,0.0,0.0,0.0,0.0,5.0,5.0,0.9,1.44,0.0,0.0,0.0,0.0,0.0,0.0,0.0,0.0,6.0,6.0,1.6,1.36,1.0,6.615,37.77,31.155,13.715,9.622,6.615,0.0,7.853,7.853,4.711799999999999,3.7694400000000003,7.853,0.0,2.1106628,2.1106628,0.21106628,0.37991930399999996,0.0,194.0,229.0,35.0,207.2,15.839999999999998,194.0,-10.049563823791855,-0.493744966319367,1,0.8396231837930082
Ca2NiCrH6,1.0,28.0,27.0,9.8,10.559999999999999,1.0,7.0,92.0,85.0,67.6,29.28,92.0,1.00794,58.6934,57.68546,19.689314000000003,22.4176488,1.00794,14.01,2180.0,2165.99,622.206,729.8352,14.01,1.0,10.0,9.0,2.6,2.16,1.0,1.0,4.0,3.0,2.2,1.44,1.0,31.0,176.0,145.0,80.1,58.92,31.0,1.0,2.2,1.2000000000000002,1.8770000000000002,0.3942,2.2,1.0,2.0,1.0,1.3,0.41999999999999993,1.0,0.0,0.0,0.0,0.0,0.0,0.0,0.0,8.0,8.0,1.3,2.08,0.0,0.0,0.0,0.0,0.0,0.0,0.0,1.0,10.0,9.0,2.6,2.16,1.0,0.0,1.0,1.0,0.7,0.41999999999999993,1.0,0.0,0.0,0.0,0.0,0.0,0.0,0.0,5.0,5.0,0.7,1.1199999999999999,0.0,0.0,0.0,0.0,0.0,0.0,0.0,0.0,6.0,6.0,1.4,1.0399999999999998,1.0,6.615,37.77,31.155,13.674000000000001,9.6384,6.615,0.0,7.853,7.853,4.711799999999999,3.7694400000000003,7.853,0.0,0.5953947,0.5953947,0.059539470000000004,0.107171046,0.0,194.0,229.0,35.0,206.8,15.360000000000003,194.0,-9.44791701954709,-0.5743794303289281,1,0.8396231837930082
K2TiVH6,1.0,23.0,22.0,8.9,9.48,1.0,3.0,92.0,89.0,64.7,32.760000000000005,92.0,1.00794,50.9415,49.93356,18.305274,20.7568008,1.00794,14.01,2183.0,2168.99,488.11199999999997,629.5552,14.01,1.0,5.0,4.0,1.7,1.1199999999999999,1.0,1.0,4.0,3.0,2.2,1.44,1.0,31.0,203.0,172.0,90.5,71.4,31.0,0.82,2.2,1.3800000000000003,1.8010000000000002,0.4788000000000001,2.2,1.0,2.0,1.0,1.2,0.31999999999999995,1.0,0.0,0.0,0.0,0.0,0.0,0.0,0.0,3.0,3.0,0.5,0.8,0.0,0.0,0.0,0.0,0.0,0.0,0.0,1.0,5.0,4.0,1.7,1.1199999999999999,1.0,0.0,1.0,1.0,0.8,0.31999999999999995,1.0,0.0,0.0,0.0,0.0,0.0,0.0,0.0,8.0,8.0,1.5,2.4,0.0,0.0,0.0,0.0,0.0,0.0,0.0,1.0,8.0,7.0,2.3,2.0799999999999996,1.0,6.615,73.1066666667,66.4916666667,21.560333333339997,20.618533333343997,6.615,0.0,7.853,7.853,4.711799999999999,3.7694400000000003,7.853,0.0,2.25333333333e-05,2.25333333333e-05,2.25333333333e-06,4.055999999994e-06,0.0,194.0,229.0,35.0,204.5,14.7,194.0,-11.268250331712853,0.46389382095044607,1,0.839075291325567
K2VTiH6,1.0,23.0,22.0,8.9,9.48,1.0,3.0,92.0,89.0,64.7,32.760000000000005,92.0,1.00794,50.9415,49.93356,18.305274,20.756800799999997,1.00794,14.01,2183.0,2168.99,488.11199999999997,629.5552,14.01,1.0,5.0,4.0,1.7,1.1199999999999999,1.0,1.0,4.0,3.0,2.2,1.44,1.0,31.0,203.0,172.0,90.5,71.4,31.0,0.82,2.2,1.3800000000000003,1.8010000000000002,0.4788000000000001,2.2,1.0,2.0,1.0,1.2,0.31999999999999995,1.0,0.0,0.0,0.0,0.0,0.0,0.0,0.0,3.0,3.0,0.5,0.8,0.0,0.0,0.0,0.0,0.0,0.0,0.0,1.0,5.0,4.0,1.7,1.1199999999999999,1.0,0.0,1.0,1.0,0.8,0.31999999999999995,1.0,0.0,0.0,0.0,0.0,0.0,0.0,0.0,8.0,8.0,1.5,2.4,0.0,0.0,0.0,0.0,0.0,0.0,0.0,1.0,8.0,7.0,2.3,2.0799999999999996,1.0,6.615,73.1066666667,66.4916666667,21.560333333339997,20.618533333343997,6.615,0.0,7.853,7.853,4.711799999999999,3.7694400000000003,7.853,0.0,2.25333333333e-05,2.25333333333e-05,2.25333333333e-06,4.055999999993999e-06,0.0,194.0,229.0,35.0,204.5,14.7,194.0,-11.268250331712853,0.46389382095044596,1,0.839075291325567
K2ZnCuH6,1.0,30.0,29.0,10.3,11.16,1.0,3.0,92.0,89.0,69.1,27.48,92.0,1.00794,65.38,64.37205999999999,21.317023999999996,24.370900799999998,1.00794,14.01,1357.77,1343.76,280.75699999999995,320.0964,14.01,1.0,12.0,11.0,3.1,3.3600000000000003,1.0,1.0,4.0,3.0,2.2,1.44,1.0,31.0,203.0,172.0,84.6,64.32000000000001,31.0,0.82,2.2,1.3800000000000003,1.839,0.44540000000000013,2.2,1.0,2.0,1.0,1.1,0.18000000000000008,1.0,0.0,0.0,0.0,0.0,0.0,0.0,0.0,10.0,10.0,2.0,3.2,0.0,0.0,0.0,0.0,0.0,0.0,0.0,1.0,12.0,11.0,3.1,3.3600000000000003,1.0,0.0,1.0,1.0,0.9,0.18,1.0,0.0,0.0,0.0,0.0,0.0,0.0,0.0,0.0,0.0,0.0,0.0,0.0,0.0,0.0,0.0,0.0,0.0,0.0,0.0,1.0,1.0,0.9,0.18,1.0,6.615,73.1066666667,66.4916666667,21.09333333334,20.805333333344,6.615,0.0,7.853,7.853,4.711799999999999,3.7694400000000003,7.853,0.0,0.0,0.0,0.0,0.0,0.0,194.0,229.0,35.0,204.1,14.139999999999997,194.0,-9.371176816342269,0.22578408242164036,1,0.8385852788959549
K2CuZnH6,1.0,30.0,29.0,10.3,11.16,1.0,3.0,92.0,89.0,69.1,27.48,92.0,1.00794,65.38,64.37205999999999,21.317024,24.370900799999998,1.00794,14.01,1357.77,1343.76,280.75699999999995,320.0964,14.01,1.0,12.0,11.0,3.1,3.3600000000000003,1.0,1.0,4.0,3.0,2.2,1.44,1.0,31.0,203.0,172.0,84.6,64.32000000000001,31.0,0.82,2.2,1.3800000000000003,1.839,0.44540000000000013,2.2,1.0,2.0,1.0,1.1,0.18000000000000008,1.0,0.0,0.0,0.0,0.0,0.0,0.0,0.0,10.0,10.0,2.0,3.2,0.0,0.0,0.0,0.0,0.0,0.0,0.0,1.0,12.0,11.0,3.1,3.3600000000000003,1.0,0.0,1.0,1.0,0.9,0.18,1.0,0.0,0.0,0.0,0.0,0.0,0.0,0.0,0.0,0.0,0.0,0.0,0.0,0.0,0.0,0.0,0.0,0.0,0.0,0.0,1.0,1.0,0.9,0.18,1.0,6.615,73.1066666667,66.4916666667,21.09333333334,20.805333333344,6.615,0.0,7.853,7.853,4.711799999999999,3.7694400000000003,7.853,0.0,0.0,0.0,0.0,0.0,0.0,194.0,229.0,35.0,204.1,14.139999999999997,194.0,-9.371176816342269,0.22578408242164047,1,0.8385852788959549
Ca2CuFeH6,1.0,29.0,28.0,10.1,10.919999999999998,1.0,7.0,92.0,85.0,68.5,28.2,92.0,1.00794,63.546,62.53806,20.559464,23.4618288,1.00794,14.01,1811.0,1796.99,548.2830000000001,641.1276,14.01,1.0,11.0,10.0,2.9,2.6399999999999997,1.0,1.0,4.0,3.0,2.2,1.44,1.0,31.0,176.0,145.0,80.2,59.040000000000006,31.0,1.0,2.2,1.2000000000000002,1.893,0.3698000000000001,2.2,1.0,2.0,1.0,1.3,0.42000000000000004,1.0,0.0,0.0,0.0,0.0,0.0,0.0,0.0,10.0,10.0,1.6,2.56,0.0,0.0,0.0,0.0,0.0,0.0,0.0,1.0,11.0,10.0,2.9,2.6399999999999997,1.0,0.0,1.0,1.0,0.7,0.42000000000000004,1.0,0.0,0.0,0.0,0.0,0.0,0.0,0.0,4.0,4.0,0.4,0.7200000000000001,0.0,0.0,0.0,0.0,0.0,0.0,0.0,0.0,4.0,4.0,1.1,0.5800000000000001,1.0,6.615,37.77,31.155,13.703000000000003,9.626800000000003,6.615,0.0,7.853,7.853,4.711799999999999,3.7694400000000003,7.853,0.0,2.1106628,2.1106628,0.21106628,0.37991930399999996,0.0,194.0,229.0,35.0,206.8,15.360000000000003,194.0,-9.33536314840557,-0.44739357787137135,1,0.8371939328277357
Ca2FeCuH6,1.0,29.0,28.0,10.1,10.919999999999998,1.0,7.0,92.0,85.0,68.5,28.2,92.0,1.00794,63.546,62.53806,20.559464,23.4618288,1.00794,14.01,1811.0,1796.99,548.2830000000001,641.1276,14.01,1.0,11.0,10.0,2.9,2.6399999999999997,1.0,1.0,4.0,3.0,2.2,1.44,1.0,31.0,176.0,145.0,80.2,59.040000000000006,31.0,1.0,2.2,1.2000000000000002,1.893,0.3698000000000001,2.2,1.0,2.0,1.0,1.3,0.41999999999999993,1.0,0.0,0.0,0.0,0.0,0.0,0.0,0.0,10.0,10.0,1.6,2.56,0.0,0.0,0.0,0.0,0.0,0.0,0.0,1.0,11.0,10.0,2.9,2.6399999999999997,1.0,0.0,1.0,1.0,0.7,0.41999999999999993,1.0,0.0,0.0,0.0,0.0,0.0,0.0,0.0,4.0,4.0,0.4,0.7200000000000001,0.0,0.0,0.0,0.0,0.0,0.0,0.0,0.0,4.0,4.0,1.1,0.58,1.0,6.615,37.77,31.155,13.703,9.6268,6.615,0.0,7.853,7.853,4.711799999999999,3.7694400000000003,7.853,0.0,2.1106628,2.1106628,0.21106628,0.37991930399999996,0.0,194.0,229.0,35.0,206.8,15.360000000000003,194.0,-9.33536314840557,-0.44739357787137124,1,0.8371939328277357
Ca2NiCoH6,1.0,28.0,27.0,10.1,10.919999999999998,1.0,7.0,92.0,85.0,68.5,28.2,92.0,1.00794,58.933195,57.925255,20.3830235,23.2501002,1.00794,14.01,1768.0,1753.99,581.0060000000001,680.3952,14.01,1.0,10.0,9.0,2.9,2.6399999999999997,1.0,1.0,4.0,3.0,2.2,1.44,1.0,31.0,176.0,145.0,78.8,57.35999999999999,31.0,1.0,2.2,1.2000000000000002,1.8990000000000002,0.36340000000000006,2.2,1.0,2.0,1.0,1.4,0.48,1.0,0.0,0.0,0.0,0.0,0.0,0.0,0.0,8.0,8.0,1.5,2.4,0.0,0.0,0.0,0.0,0.0,0.0,0.0,1.0,10.0,9.0,2.9,2.6399999999999997,1.0,0.0,1.0,1.0,0.6,0.4800000000000001,1.0,0.0,0.0,0.0,0.0,0.0,0.0,0.0,3.0,3.0,0.5,0.8,0.0,0.0,0.0,0.0,0.0,0.0,0.0,0.0,3.0,3.0,1.1,0.56,1.0,6.615,37.77,31.155,13.579500000000001,9.676200000000001,6.615,0.0,7.853,7.853,4.711799999999999,3.7694400000000003,7.853,0.0,1.5484712,1.5484712,0.21438659000000002,0.34301854400000004,0.0,194.0,225.0,31.0,203.3,13.020000000000005,194.0,-9.125892676404519,-0.727473929806471,1,0.8370407534525063
Ca2CoNiH6,1.0,28.0,27.0,10.1,10.919999999999998,1.0,7.0,92.0,85.0,68.5,28.2,92.0,1.00794,58.933195,57.925255,20.3830235,23.2501002,1.00794,14.01,1768.0,1753.99,581.0060000000001,680.3952,14.01,1.0,10.0,9.0,2.9,2.6399999999999997,1.0,1.0,4.0,3.0,2.2,1.44,1.0,31.0,176.0,145.0,78.8,57.35999999999999,31.0,1.0,2.2,1.2000000000000002,1.8990000000000002,0.36340000000000006,2.2,1.0,2.0,1.0,1.4,0.48,1.0,0.0,0.0,0.0,0.0,0.0,0.0,0.0,8.0,8.0,1.5,2.4,0.0,0.0,0.0,0.0,0.0,0.0,0.0,1.0,10.0,9.0,2.9,2.6399999999999997,1.0,0.0,1.0,1.0,0.6,0.4800000000000001,1.0,0.0,0.0,0.0,0.0,0.0,0.0,0.0,3.0,3.0,0.5,0.8,0.0,0.0,0.0,0.0,0.0,0.0,0.0,0.0,3.0,3.0,1.1,0.56,1.0,6.615,37.77,31.155,13.579500000000001,9.676200000000001,6.615,0.0,7.853,7.853,4.711799999999999,3.7694400000000003,7.853,0.0,1.5484712,1.5484712,0.21438659000000002,0.34301854400000004,0.0,194.0,225.0,31.0,203.3,13.020000000000005,194.0,-9.125892676404519,-0.727473929806471,1,0.8370407534525063
Na2FeScH6,1.0,26.0,25.0,7.5,7.8,1.0,2.0,92.0,90.0,62.2,35.760000000000005,92.0,1.00794,55.845,54.83706,15.282809056000001,17.1298428672,1.00794,14.01,1814.0,1799.99,445.08000000000004,546.9680000000001,14.01,1.0,8.0,7.0,1.9,1.44,1.0,1.0,4.0,3.0,2.0,1.2,1.0,31.0,170.0,139.0,82.0,61.2,31.0,0.93,2.2,1.27,1.825,0.4510000000000002,2.2,1.0,2.0,1.0,1.2,0.31999999999999995,1.0,0.0,0.0,0.0,0.0,0.0,0.0,0.0,6.0,6.0,0.7,1.1199999999999999,0.0,0.0,0.0,0.0,0.0,0.0,0.0,1.0,8.0,7.0,1.9,1.44,1.0,0.0,1.0,1.0,0.8,0.31999999999999995,1.0,0.0,0.0,0.0,0.0,0.0,0.0,0.0,9.0,9.0,1.3,2.08,0.0,0.0,0.0,0.0,0.0,0.0,0.0,1.0,9.0,8.0,2.1,1.7600000000000002,1.0,6.615,29.2433333333,22.6283333333,13.114166666660001,8.275833333324,6.615,0.0,7.853,7.853,4.711799999999999,3.7694400000000003,7.853,0.0,2.1106628,2.1106628,0.21106691500000002,0.379919177,0.0,194.0,229.0,35.0,204.5,14.7,194.0,-10.427941524186153,-0.3759090056137116,1,0.8364964094335241
Na2ScFeH6,1.0,26.0,25.0,7.5,7.8,1.0,2.0,92.0,90.0,62.2,35.760000000000005,92.0,1.00794,55.845,54.83706,15.282809056,17.1298428672,1.00794,14.01,1814.0,1799.99,445.08000000000004,546.9680000000001,14.01,1.0,8.0,7.0,1.9,1.44,1.0,1.0,4.0,3.0,2.0,1.2,1.0,31.0,170.0,139.0,82.0,61.2,31.0,0.93,2.2,1.27,1.825,0.4510000000000002,2.2,1.0,2.0,1.0,1.2,0.31999999999999995,1.0,0.0,0.0,0.0,0.0,0.0,0.0,0.0,6.0,6.0,0.7,1.1199999999999999,0.0,0.0,0.0,0.0,0.0,0.0,0.0,1.0,8.0,7.0,1.9,1.44,1.0,0.0,1.0,1.0,0.8,0.31999999999999995,1.0,0.0,0.0,0.0,0.0,0.0,0.0,0.0,9.0,9.0,1.3,2.08,0.0,0.0,0.0,0.0,0.0,0.0,0.0,1.0,9.0,8.0,2.1,1.7600000000000002,1.0,6.615,29.2433333333,22.6283333333,13.114166666660001,8.275833333323998,6.615,0.0,7.853,7.853,4.711799999999999,3.7694400000000003,7.853,0.0,2.1106628,2.1106628,0.21106691500000002,0.37991917700000005,0.0,194.0,229.0,35.0,204.5,14.7,194.0,-10.427941524186153,-0.3759090056137116,1,0.8364964094335241
Cs2CoVH6,1.0,55.0,54.0,16.6,18.72,1.0,5.0,92.0,87.0,66.6,30.48,92.0,1.00794,132.9054519,131.8975119,38.173323880000005,44.598460656,1.00794,14.01,2183.0,2168.99,463.82400000000007,604.6704000000001,14.01,1.0,9.0,8.0,2.2,1.9200000000000004,1.0,1.0,6.0,5.0,2.6,1.9200000000000004,1.0,31.0,244.0,213.0,95.3,77.16,31.0,0.79,2.2,1.4100000000000001,1.829,0.4554,2.2,1.0,2.0,1.0,1.2,0.31999999999999995,1.0,0.0,0.0,0.0,0.0,0.0,0.0,0.0,7.0,7.0,1.0,1.6,0.0,0.0,0.0,0.0,0.0,0.0,0.0,1.0,9.0,8.0,2.2,1.9200000000000004,1.0,0.0,1.0,1.0,0.8,0.31999999999999995,1.0,0.0,0.0,0.0,0.0,0.0,0.0,0.0,7.0,7.0,1.0,1.6,0.0,0.0,0.0,0.0,0.0,0.0,0.0,1.0,7.0,6.0,1.8,1.28,1.0,6.615,115.765,109.15,29.4475,34.527,6.615,0.0,7.853,7.853,4.711799999999999,3.7694400000000003,7.853,0.0,1.5484712,1.5484712,0.15484712,0.278724816,0.0,194.0,229.0,35.0,204.5,14.7,194.0,-12.29300654076203,4.3586648397503955,1,0.8363087885985749
Cs2ScFeH6,1.0,55.0,54.0,16.3,18.360000000000003,1.0,5.0,92.0,87.0,62.8,35.04,92.0,1.00794,132.9054519,131.8975119,37.26594558000001,43.509606696000006,1.00794,14.01,1814.0,1799.99,431.22400000000005,552.5104,14.01,1.0,8.0,7.0,1.9,1.44,1.0,1.0,6.0,5.0,2.6,1.9200000000000004,1.0,31.0,244.0,213.0,97.6,79.92,31.0,0.79,2.2,1.4100000000000001,1.7970000000000002,0.4902000000000001,2.2,1.0,2.0,1.0,1.2,0.31999999999999995,1.0,0.0,0.0,0.0,0.0,0.0,0.0,0.0,6.0,6.0,0.7,1.1199999999999999,0.0,0.0,0.0,0.0,0.0,0.0,0.0,1.0,8.0,7.0,1.9,1.44,1.0,0.0,1.0,1.0,0.8,0.31999999999999995,1.0,0.0,0.0,0.0,0.0,0.0,0.0,0.0,9.0,9.0,1.3,2.08,0.0,0.0,0.0,0.0,0.0,0.0,0.0,1.0,9.0,8.0,2.1,1.7600000000000002,1.0,6.615,115.765,109.15,30.4185,34.1386,6.615,0.0,7.853,7.853,4.711799999999999,3.7694400000000003,7.853,0.0,2.1106628,2.1106628,0.21106691500000002,0.37991917700000005,0.0,194.0,229.0,35.0,204.5,14.7,194.0,-12.902270094769499,4.74865940327016,1,0.8363087885985749
Cs2FeVH6,1.0,55.0,54.0,16.5,18.6,1.0,5.0,92.0,87.0,66.3,30.839999999999996,92.0,1.00794,132.9054519,131.8975119,37.86450438000001,44.227877256000006,1.00794,14.01,2183.0,2168.99,468.1240000000001,611.5504000000001,14.01,1.0,8.0,7.0,2.1,1.7600000000000002,1.0,1.0,6.0,5.0,2.6,1.9200000000000004,1.0,31.0,244.0,213.0,95.9,77.88,31.0,0.79,2.2,1.4100000000000001,1.8240000000000003,0.4524,2.2,1.0,2.0,1.0,1.2,0.31999999999999995,1.0,0.0,0.0,0.0,0.0,0.0,0.0,0.0,6.0,6.0,0.9,1.44,0.0,0.0,0.0,0.0,0.0,0.0,0.0,1.0,8.0,7.0,2.1,1.7600000000000002,1.0,0.0,1.0,1.0,0.8,0.31999999999999995,1.0,0.0,0.0,0.0,0.0,0.0,0.0,0.0,7.0,7.0,1.1,1.7600000000000002,0.0,0.0,0.0,0.0,0.0,0.0,0.0,1.0,7.0,6.0,1.9,1.44,1.0,6.615,115.765,109.15,29.496,34.507600000000004,6.615,0.0,7.853,7.853,4.711799999999999,3.7694400000000003,7.853,0.0,2.1106628,2.1106628,0.21106628,0.37991930399999996,0.0,194.0,229.0,35.0,208.0,16.8,194.0,-12.574657022800999,4.396091801412312,1,0.8363087885985749
Cs2FeScH6,1.0,55.0,54.0,16.3,18.360000000000003,1.0,5.0,92.0,87.0,62.8,35.04,92.0,1.00794,132.9054519,131.8975119,37.26594558000001,43.509606696000006,1.00794,14.01,1814.0,1799.99,431.22400000000005,552.5104,14.01,1.0,8.0,7.0,1.9,1.44,1.0,1.0,6.0,5.0,2.6,1.9200000000000004,1.0,31.0,244.0,213.0,97.6,79.92,31.0,0.79,2.2,1.4100000000000001,1.7970000000000002,0.4902,2.2,1.0,2.0,1.0,1.2,0.31999999999999995,1.0,0.0,0.0,0.0,0.0,0.0,0.0,0.0,6.0,6.0,0.7,1.1199999999999999,0.0,0.0,0.0,0.0,0.0,0.0,0.0,1.0,8.0,7.0,1.9,1.44,1.0,0.0,1.0,1.0,0.8,0.31999999999999995,1.0,0.0,0.0,0.0,0.0,0.0,0.0,0.0,9.0,9.0,1.3,2.08,0.0,0.0,0.0,0.0,0.0,0.0,0.0,1.0,9.0,8.0,2.1,1.7600000000000002,1.0,6.615,115.765,109.15,30.4185,34.1386,6.615,0.0,7.853,7.853,4.711799999999999,3.7694400000000003,7.853,0.0,2.1106628,2.1106628,0.21106691500000002,0.379919177,0.0,194.0,229.0,35.0,204.5,14.7,194.0,-12.902270094769499,4.74865940327016,1,0.8363087885985749
Rb2CoVH6,1.0,37.0,36.0,13.0,14.4,1.0,4.0,92.0,88.0,66.4,30.72,92.0,1.00794,85.4678,84.45985999999999,28.6857935,33.2134242,1.00794,14.01,2183.0,2168.99,465.99800000000005,603.8008,14.01,1.0,9.0,8.0,2.2,1.9200000000000004,1.0,1.0,5.0,4.0,2.4,1.6799999999999997,1.0,31.0,220.0,189.0,90.5,71.4,31.0,0.82,2.2,1.3800000000000003,1.8350000000000002,0.44700000000000006,2.2,1.0,2.0,1.0,1.2,0.31999999999999995,1.0,0.0,0.0,0.0,0.0,0.0,0.0,0.0,7.0,7.0,1.0,1.6,0.0,0.0,0.0,0.0,0.0,0.0,0.0,1.0,9.0,8.0,2.2,1.9200000000000004,1.0,0.0,1.0,1.0,0.8,0.31999999999999995,1.0,0.0,0.0,0.0,0.0,0.0,0.0,0.0,7.0,7.0,1.0,1.6,0.0,0.0,0.0,0.0,0.0,0.0,0.0,1.0,7.0,6.0,1.8,1.28,1.0,6.615,90.7225,84.1075,24.439,26.5134,6.615,0.0,7.853,7.853,4.711799999999999,3.7694400000000003,7.853,0.0,1.5484712,1.5484712,0.15484712,0.278724816,0.0,194.0,229.0,35.0,204.5,14.7,194.0,-11.393007796975054,2.284031582878649,1,0.8363087885985749
K2CoVH6,1.0,27.0,26.0,9.4,10.080000000000002,1.0,3.0,92.0,89.0,66.2,30.96,92.0,1.00794,58.933195,57.925255,19.411893499999998,22.084744199999996,1.00794,14.01,2183.0,2168.99,470.812,601.8752000000001,14.01,1.0,9.0,8.0,2.2,1.9200000000000004,1.0,1.0,4.0,3.0,2.2,1.44,1.0,31.0,203.0,172.0,87.1,67.32000000000001,31.0,0.82,2.2,1.3800000000000003,1.8350000000000002,0.44700000000000006,2.2,1.0,2.0,1.0,1.2,0.31999999999999995,1.0,0.0,0.0,0.0,0.0,0.0,0.0,0.0,7.0,7.0,1.0,1.6,0.0,0.0,0.0,0.0,0.0,0.0,0.0,1.0,9.0,8.0,2.2,1.9200000000000004,1.0,0.0,1.0,1.0,0.8,0.31999999999999995,1.0,0.0,0.0,0.0,0.0,0.0,0.0,0.0,7.0,7.0,1.0,1.6,0.0,0.0,0.0,0.0,0.0,0.0,0.0,1.0,7.0,6.0,1.8,1.28,1.0,6.615,73.1066666667,66.4916666667,20.915833333339997,20.876333333343997,6.615,0.0,7.853,7.853,4.711799999999999,3.7694400000000003,7.853,0.0,1.5484712,1.5484712,0.15484712,0.278724816,0.0,194.0,229.0,35.0,204.5,14.7,194.0,-10.662789874222009,0.6435496317762079,1,0.8363087885985749
Rb2TiZnH6,1.0,37.0,36.0,13.2,14.639999999999997,1.0,4.0,92.0,88.0,67.2,30.120000000000005,92.0,1.00794,85.4678,84.45985999999999,29.023024,33.61810079999999,1.00794,14.01,1941.0,1926.99,334.26599999999996,393.02959999999996,14.01,1.0,12.0,11.0,2.4,2.2399999999999998,1.0,1.0,5.0,4.0,2.4,1.6799999999999997,1.0,31.0,220.0,189.0,90.8,71.75999999999999,31.0,0.82,2.2,1.3800000000000003,1.8030000000000002,0.4764000000000001,2.2,1.0,2.0,1.0,1.2,0.31999999999999995,1.0,0.0,0.0,0.0,0.0,0.0,0.0,0.0,10.0,10.0,1.2,1.92,0.0,0.0,0.0,0.0,0.0,0.0,0.0,1.0,12.0,11.0,2.4,2.2399999999999998,1.0,0.0,1.0,1.0,0.8,0.31999999999999995,1.0,0.0,0.0,0.0,0.0,0.0,0.0,0.0,8.0,8.0,0.8,1.4400000000000002,0.0,0.0,0.0,0.0,0.0,0.0,0.0,0.0,8.0,8.0,1.6,1.28,1.0,6.615,90.7225,84.1075,25.1785,26.217599999999997,6.615,0.0,7.853,7.853,4.711799999999999,3.7694400000000003,7.853,0.0,2.25333333333e-05,2.25333333333e-05,2.25333333333e-06,4.055999999994e-06,0.0,194.0,229.0,35.0,201.0,11.2,194.0,-10.82516490230793,2.4355442058954666,1,0.8363087885985749
Rb2TiMnH6,1.0,37.0,36.0,12.7,14.039999999999997,1.0,4.0,92.0,88.0,65.5,31.8,92.0,1.00794,85.4678,84.45985999999999,27.9788285,32.365066199999994,1.00794,14.01,1941.0,1926.99,416.898,525.2408,14.01,1.0,7.0,6.0,1.9,1.44,1.0,1.0,5.0,4.0,2.4,1.6799999999999997,1.0,31.0,220.0,189.0,92.5,73.8,31.0,0.82,2.2,1.3800000000000003,1.793,0.4884000000000001,2.2,1.0,2.0,1.0,1.2,0.31999999999999995,1.0,0.0,0.0,0.0,0.0,0.0,0.0,0.0,5.0,5.0,0.7,1.1199999999999999,0.0,0.0,0.0,0.0,0.0,0.0,0.0,1.0,7.0,6.0,1.9,1.44,1.0,0.0,1.0,1.0,0.8,0.31999999999999995,1.0,0.0,0.0,0.0,0.0,0.0,0.0,0.0,8.0,8.0,1.3,2.08,0.0,0.0,0.0,0.0,0.0,0.0,0.0,1.0,8.0,7.0,2.1,1.7600000000000002,1.0,6.615,90.7225,84.1075,24.83125862069,26.356496551724,6.615,0.0,7.853,7.853,4.711799999999999,3.7694400000000003,7.853,0.0,0.000310120689655,0.000310120689655,3.326540229883e-05,5.5371057471234e-05,0.0,194.0,229.0,35.0,203.3,13.020000000000005,194.0,-11.630717521631421,2.251641857856466,1,0.8363087885985749
Rb2VCoH6,1.0,37.0,36.0,13.0,14.4,1.0,4.0,92.0,88.0,66.4,30.72,92.0,1.00794,85.4678,84.45985999999999,28.6857935,33.2134242,1.00794,14.01,2183.0,2168.99,465.99800000000005,603.8008,14.01,1.0,9.0,8.0,2.2,1.9200000000000004,1.0,1.0,5.0,4.0,2.4,1.6799999999999997,1.0,31.0,220.0,189.0,90.5,71.4,31.0,0.82,2.2,1.3800000000000003,1.8350000000000002,0.44700000000000006,2.2,1.0,2.0,1.0,1.2,0.31999999999999995,1.0,0.0,0.0,0.0,0.0,0.0,0.0,0.0,7.0,7.0,1.0,1.6,0.0,0.0,0.0,0.0,0.0,0.0,0.0,1.0,9.0,8.0,2.2,1.9200000000000004,1.0,0.0,1.0,1.0,0.8,0.31999999999999995,1.0,0.0,0.0,0.0,0.0,0.0,0.0,0.0,7.0,7.0,1.0,1.6,0.0,0.0,0.0,0.0,0.0,0.0,0.0,1.0,7.0,6.0,1.8,1.28,1.0,6.615,90.7225,84.1075,24.439,26.5134,6.615,0.0,7.853,7.853,4.711799999999999,3.7694400000000003,7.853,0.0,1.5484712,1.5484712,0.15484712,0.278724816,0.0,194.0,229.0,35.0,204.5,14.7,194.0,-11.393007796975054,2.284031582878649,1,0.8363087885985749
Rb2MnTiH6,1.0,37.0,36.0,12.7,14.039999999999997,1.0,4.0,92.0,88.0,65.5,31.8,92.0,1.00794,85.4678,84.45985999999999,27.978828500000002,32.3650662,1.00794,14.01,1941.0,1926.99,416.898,525.2408,14.01,1.0,7.0,6.0,1.9,1.44,1.0,1.0,5.0,4.0,2.4,1.6799999999999997,1.0,31.0,220.0,189.0,92.5,73.8,31.0,0.82,2.2,1.3800000000000003,1.793,0.4884000000000002,2.2,1.0,2.0,1.0,1.2,0.31999999999999995,1.0,0.0,0.0,0.0,0.0,0.0,0.0,0.0,5.0,5.0,0.7,1.1199999999999999,0.0,0.0,0.0,0.0,0.0,0.0,0.0,1.0,7.0,6.0,1.9,1.44,1.0,0.0,1.0,1.0,0.8,0.31999999999999995,1.0,0.0,0.0,0.0,0.0,0.0,0.0,0.0,8.0,8.0,1.3,2.08,0.0,0.0,0.0,0.0,0.0,0.0,0.0,1.0,8.0,7.0,2.1,1.7600000000000002,1.0,6.615,90.7225,84.1075,24.83125862069,26.356496551724,6.615,0.0,7.853,7.853,4.711799999999999,3.7694400000000003,7.853,0.0,0.000310120689655,0.000310120689655,3.326540229883e-05,5.5371057471234e-05,0.0,194.0,229.0,35.0,203.3,13.020000000000005,194.0,-11.630717521631421,2.2516418578564665,1,0.8363087885985749
Rb2ZnTiH6,1.0,37.0,36.0,13.2,14.639999999999997,1.0,4.0,92.0,88.0,67.2,30.119999999999994,92.0,1.00794,85.4678,84.45985999999999,29.023024,33.61810079999999,1.00794,14.01,1941.0,1926.99,334.26599999999996,393.02959999999996,14.01,1.0,12.0,11.0,2.4,2.2399999999999998,1.0,1.0,5.0,4.0,2.4,1.6799999999999997,1.0,31.0,220.0,189.0,90.8,71.75999999999999,31.0,0.82,2.2,1.3800000000000003,1.8030000000000002,0.4764000000000001,2.2,1.0,2.0,1.0,1.2,0.31999999999999995,1.0,0.0,0.0,0.0,0.0,0.0,0.0,0.0,10.0,10.0,1.2,1.9200000000000004,0.0,0.0,0.0,0.0,0.0,0.0,0.0,1.0,12.0,11.0,2.4,2.2399999999999998,1.0,0.0,1.0,1.0,0.8,0.31999999999999995,1.0,0.0,0.0,0.0,0.0,0.0,0.0,0.0,8.0,8.0,0.8,1.4400000000000002,0.0,0.0,0.0,0.0,0.0,0.0,0.0,0.0,8.0,8.0,1.6,1.28,1.0,6.615,90.7225,84.1075,25.1785,26.217599999999997,6.615,0.0,7.853,7.853,4.711799999999999,3.7694400000000003,7.853,0.0,2.25333333333e-05,2.25333333333e-05,2.25333333333e-06,4.055999999993999e-06,0.0,194.0,229.0,35.0,201.0,11.2,194.0,-10.82516490230793,2.4355442058954666,1,0.8363087885985749
Cs2VFeH6,1.0,55.0,54.0,16.5,18.6,1.0,5.0,92.0,87.0,66.3,30.839999999999996,92.0,1.00794,132.9054519,131.8975119,37.86450438000001,44.227877256000006,1.00794,14.01,2183.0,2168.99,468.1240000000001,611.5504000000001,14.01,1.0,8.0,7.0,2.1,1.7600000000000002,1.0,1.0,6.0,5.0,2.6,1.9200000000000004,1.0,31.0,244.0,213.0,95.9,77.88,31.0,0.79,2.2,1.4100000000000001,1.8240000000000003,0.4524,2.2,1.0,2.0,1.0,1.2,0.31999999999999995,1.0,0.0,0.0,0.0,0.0,0.0,0.0,0.0,6.0,6.0,0.9,1.44,0.0,0.0,0.0,0.0,0.0,0.0,0.0,1.0,8.0,7.0,2.1,1.7600000000000002,1.0,0.0,1.0,1.0,0.8,0.31999999999999995,1.0,0.0,0.0,0.0,0.0,0.0,0.0,0.0,7.0,7.0,1.1,1.7600000000000002,0.0,0.0,0.0,0.0,0.0,0.0,0.0,1.0,7.0,6.0,1.9,1.44,1.0,6.615,115.765,109.15,29.496,34.507600000000004,6.615,0.0,7.853,7.853,4.711799999999999,3.7694400000000003,7.853,0.0,2.1106628,2.1106628,0.21106628,0.37991930399999996,0.0,194.0,229.0,35.0,208.0,16.8,194.0,-12.574657022800999,4.396091801412312,1,0.8363087885985749
K2VCoH6,1.0,27.0,26.0,9.4,10.080000000000002,1.0,3.0,92.0,89.0,66.2,30.96,92.0,1.00794,58.933195,57.925255,19.4118935,22.0847442,1.00794,14.01,2183.0,2168.99,470.812,601.8752000000001,14.01,1.0,9.0,8.0,2.2,1.9200000000000004,1.0,1.0,4.0,3.0,2.2,1.44,1.0,31.0,203.0,172.0,87.1,67.32000000000001,31.0,0.82,2.2,1.3800000000000003,1.8350000000000002,0.44700000000000006,2.2,1.0,2.0,1.0,1.2,0.31999999999999995,1.0,0.0,0.0,0.0,0.0,0.0,0.0,0.0,7.0,7.0,1.0,1.6,0.0,0.0,0.0,0.0,0.0,0.0,0.0,1.0,9.0,8.0,2.2,1.9200000000000004,1.0,0.0,1.0,1.0,0.8,0.31999999999999995,1.0,0.0,0.0,0.0,0.0,0.0,0.0,0.0,7.0,7.0,1.0,1.6,0.0,0.0,0.0,0.0,0.0,0.0,0.0,1.0,7.0,6.0,1.8,1.28,1.0,6.615,73.1066666667,66.4916666667,20.915833333339997,20.876333333343997,6.615,0.0,7.853,7.853,4.711799999999999,3.7694400000000003,7.853,0.0,1.5484712,1.5484712,0.15484712,0.278724816,0.0,194.0,229.0,35.0,204.5,14.7,194.0,-10.662789874222009,0.643549631776208,1,0.8363087885985749
Cs2VCoH6,1.0,55.0,54.0,16.6,18.72,1.0,5.0,92.0,87.0,66.6,30.48,92.0,1.00794,132.9054519,131.8975119,38.173323880000005,44.598460656,1.00794,14.01,2183.0,2168.99,463.82400000000007,604.6704000000001,14.01,1.0,9.0,8.0,2.2,1.9200000000000004,1.0,1.0,6.0,5.0,2.6,1.9200000000000004,1.0,31.0,244.0,213.0,95.3,77.16,31.0,0.79,2.2,1.4100000000000001,1.829,0.4554000000000002,2.2,1.0,2.0,1.0,1.2,0.31999999999999995,1.0,0.0,0.0,0.0,0.0,0.0,0.0,0.0,7.0,7.0,1.0,1.6,0.0,0.0,0.0,0.0,0.0,0.0,0.0,1.0,9.0,8.0,2.2,1.9200000000000004,1.0,0.0,1.0,1.0,0.8,0.31999999999999995,1.0,0.0,0.0,0.0,0.0,0.0,0.0,0.0,7.0,7.0,1.0,1.6,0.0,0.0,0.0,0.0,0.0,0.0,0.0,1.0,7.0,6.0,1.8,1.28,1.0,6.615,115.765,109.15,29.4475,34.527,6.615,0.0,7.853,7.853,4.711799999999999,3.7694400000000003,7.853,0.0,1.5484712,1.5484712,0.15484712,0.278724816,0.0,194.0,229.0,35.0,204.5,14.7,194.0,-12.29300654076203,4.3586648397503955,1,0.8363087885985749
Cs2ScMnH6,1.0,55.0,54.0,16.2,18.24,1.0,5.0,92.0,87.0,62.5,35.4,92.0,1.00794,132.9054519,131.8975119,37.17525008,43.400772096000004,1.00794,14.01,1814.0,1799.99,402.024,505.79040000000003,14.01,1.0,7.0,6.0,1.8,1.28,1.0,1.0,6.0,5.0,2.6,1.9200000000000004,1.0,31.0,244.0,213.0,98.3,80.75999999999999,31.0,0.79,2.2,1.4100000000000001,1.7690000000000001,0.5172000000000001,2.2,1.0,2.0,1.0,1.2,0.31999999999999995,1.0,0.0,0.0,0.0,0.0,0.0,0.0,0.0,5.0,5.0,0.6,0.96,0.0,0.0,0.0,0.0,0.0,0.0,0.0,1.0,7.0,6.0,1.8,1.28,1.0,0.0,1.0,1.0,0.8,0.31999999999999995,1.0,0.0,0.0,0.0,0.0,0.0,0.0,0.0,9.0,9.0,1.4,2.2399999999999998,0.0,0.0,0.0,0.0,0.0,0.0,0.0,1.0,9.0,8.0,2.2,1.9200000000000004,1.0,6.615,115.765,109.15,30.39425862069,34.148296551724,6.615,0.0,7.853,7.853,4.711799999999999,3.7694400000000003,7.853,0.0,0.000310120689655,0.000310120689655,3.16470689655e-05,5.5694724137900006e-05,0.0,194.0,229.0,35.0,203.3,13.020000000000005,194.0,-12.743854406757618,4.534523899721834,1,0.8346079111727966
Cs2ZnTiH6,1.0,55.0,54.0,16.8,18.96,1.0,5.0,92.0,87.0,67.4,29.839999999999996,92.0,1.00794,132.9054519,131.8975119,38.51055438,45.003137256,1.00794,14.01,1941.0,1926.99,332.092,393.8992,14.01,1.0,12.0,11.0,2.4,2.2399999999999998,1.0,1.0,6.0,5.0,2.6,1.9200000000000004,1.0,31.0,244.0,213.0,95.6,77.52000000000001,31.0,0.79,2.2,1.4100000000000001,1.797,0.48360000000000003,2.2,1.0,2.0,1.0,1.2,0.31999999999999995,1.0,0.0,0.0,0.0,0.0,0.0,0.0,0.0,10.0,10.0,1.2,1.9200000000000004,0.0,0.0,0.0,0.0,0.0,0.0,0.0,1.0,12.0,11.0,2.4,2.2399999999999998,1.0,0.0,1.0,1.0,0.8,0.31999999999999995,1.0,0.0,0.0,0.0,0.0,0.0,0.0,0.0,8.0,8.0,0.8,1.4400000000000002,0.0,0.0,0.0,0.0,0.0,0.0,0.0,0.0,8.0,8.0,1.6,1.28,1.0,6.615,115.765,109.15,30.187,34.2312,6.615,0.0,7.853,7.853,4.711799999999999,3.7694400000000003,7.853,0.0,2.25333333333e-05,2.25333333333e-05,2.25333333333e-06,4.055999999993999e-06,0.0,194.0,229.0,35.0,201.0,11.2,194.0,-11.725354840824881,4.509356208350807,1,0.8346079111727966
Cs2TiZnH6,1.0,55.0,54.0,16.8,18.96,1.0,5.0,92.0,87.0,67.4,29.839999999999996,92.0,1.00794,132.9054519,131.8975119,38.51055438,45.003137256,1.00794,14.01,1941.0,1926.99,332.092,393.89919999999995,14.01,1.0,12.0,11.0,2.4,2.2399999999999998,1.0,1.0,6.0,5.0,2.6,1.9200000000000004,1.0,31.0,244.0,213.0,95.6,77.52000000000001,31.0,0.79,2.2,1.4100000000000001,1.797,0.4836000000000002,2.2,1.0,2.0,1.0,1.2,0.31999999999999995,1.0,0.0,0.0,0.0,0.0,0.0,0.0,0.0,10.0,10.0,1.2,1.92,0.0,0.0,0.0,0.0,0.0,0.0,0.0,1.0,12.0,11.0,2.4,2.2399999999999998,1.0,0.0,1.0,1.0,0.8,0.31999999999999995,1.0,0.0,0.0,0.0,0.0,0.0,0.0,0.0,8.0,8.0,0.8,1.4400000000000002,0.0,0.0,0.0,0.0,0.0,0.0,0.0,0.0,8.0,8.0,1.6,1.28,1.0,6.615,115.765,109.15,30.187,34.2312,6.615,0.0,7.853,7.853,4.711799999999999,3.7694400000000003,7.853,0.0,2.25333333333e-05,2.25333333333e-05,2.25333333333e-06,4.055999999994e-06,0.0,194.0,229.0,35.0,201.0,11.2,194.0,-11.725354840824881,4.509356208350807,1,0.8346079111727966
Cs2MnScH6,1.0,55.0,54.0,16.2,18.24,1.0,5.0,92.0,87.0,62.5,35.4,92.0,1.00794,132.9054519,131.8975119,37.17525008,43.400772096000004,1.00794,14.01,1814.0,1799.99,402.024,505.79040000000003,14.01,1.0,7.0,6.0,1.8,1.28,1.0,1.0,6.0,5.0,2.6,1.9200000000000004,1.0,31.0,244.0,213.0,98.3,80.75999999999999,31.0,0.79,2.2,1.4100000000000001,1.7690000000000001,0.5172000000000001,2.2,1.0,2.0,1.0,1.2,0.31999999999999995,1.0,0.0,0.0,0.0,0.0,0.0,0.0,0.0,5.0,5.0,0.6,0.9600000000000002,0.0,0.0,0.0,0.0,0.0,0.0,0.0,1.0,7.0,6.0,1.8,1.28,1.0,0.0,1.0,1.0,0.8,0.31999999999999995,1.0,0.0,0.0,0.0,0.0,0.0,0.0,0.0,9.0,9.0,1.4,2.2399999999999998,0.0,0.0,0.0,0.0,0.0,0.0,0.0,1.0,9.0,8.0,2.2,1.9200000000000004,1.0,6.615,115.765,109.15,30.39425862069,34.148296551724,6.615,0.0,7.853,7.853,4.711799999999999,3.7694400000000003,7.853,0.0,0.000310120689655,0.000310120689655,3.16470689655e-05,5.5694724137900006e-05,0.0,194.0,229.0,35.0,203.3,13.020000000000005,194.0,-12.743854406757618,4.534523899721834,1,0.8346079111727966
Rb2CoCuH6,1.0,37.0,36.0,13.6,15.12,1.0,4.0,92.0,88.0,68.2,28.560000000000002,92.0,1.00794,85.4678,84.45985999999999,29.946243499999998,34.7259642,1.00794,14.01,1768.0,1753.99,383.475,471.764,14.01,1.0,11.0,10.0,2.8,2.88,1.0,1.0,5.0,4.0,2.4,1.6799999999999997,1.0,31.0,220.0,189.0,88.4,68.88,31.0,0.82,2.2,1.3800000000000003,1.862,0.4168000000000001,2.2,1.0,2.0,1.0,1.1,0.18000000000000008,1.0,0.0,0.0,0.0,0.0,0.0,0.0,0.0,10.0,10.0,1.7,2.7199999999999998,0.0,0.0,0.0,0.0,0.0,0.0,0.0,1.0,11.0,10.0,2.8,2.88,1.0,0.0,1.0,1.0,0.9,0.18,1.0,0.0,0.0,0.0,0.0,0.0,0.0,0.0,3.0,3.0,0.3,0.54,0.0,0.0,0.0,0.0,0.0,0.0,0.0,1.0,3.0,2.0,1.2,0.36,1.0,6.615,90.7225,84.1075,24.244999999999997,26.590999999999998,6.615,0.0,7.853,7.853,4.711799999999999,3.7694400000000003,7.853,0.0,1.5484712,1.5484712,0.15484712,0.278724816,0.0,194.0,229.0,35.0,204.1,14.139999999999997,194.0,-10.74529455907555,2.095077506084848,1,0.8344340567612687
Rb2CuCoH6,1.0,37.0,36.0,13.6,15.12,1.0,4.0,92.0,88.0,68.2,28.560000000000002,92.0,1.00794,85.4678,84.45985999999999,29.946243499999998,34.7259642,1.00794,14.01,1768.0,1753.99,383.475,471.764,14.01,1.0,11.0,10.0,2.8,2.88,1.0,1.0,5.0,4.0,2.4,1.6799999999999997,1.0,31.0,220.0,189.0,88.4,68.88,31.0,0.82,2.2,1.3800000000000003,1.862,0.4168000000000001,2.2,1.0,2.0,1.0,1.1,0.18000000000000008,1.0,0.0,0.0,0.0,0.0,0.0,0.0,0.0,10.0,10.0,1.7,2.7199999999999998,0.0,0.0,0.0,0.0,0.0,0.0,0.0,1.0,11.0,10.0,2.8,2.88,1.0,0.0,1.0,1.0,0.9,0.18,1.0,0.0,0.0,0.0,0.0,0.0,0.0,0.0,3.0,3.0,0.3,0.54,0.0,0.0,0.0,0.0,0.0,0.0,0.0,1.0,3.0,2.0,1.2,0.36,1.0,6.615,90.7225,84.1075,24.244999999999997,26.590999999999998,6.615,0.0,7.853,7.853,4.711799999999999,3.7694400000000003,7.853,0.0,1.5484712,1.5484712,0.15484712,0.278724816,0.0,194.0,229.0,35.0,204.1,14.139999999999997,194.0,-10.74529455907555,2.095077506084848,1,0.8344340567612687
Ca2CoVH6,1.0,27.0,26.0,9.6,10.319999999999999,1.0,7.0,92.0,85.0,67.0,30.0,92.0,1.00794,58.933195,57.925255,19.6078335,22.3198722,1.00794,14.01,2183.0,2168.99,626.5060000000001,734.9952000000001,14.01,1.0,9.0,8.0,2.4,1.8399999999999999,1.0,1.0,4.0,3.0,2.2,1.44,1.0,31.0,176.0,145.0,81.7,60.84000000000001,31.0,1.0,2.2,1.2000000000000002,1.871,0.3966000000000001,2.2,1.0,2.0,1.0,1.4,0.48,1.0,0.0,0.0,0.0,0.0,0.0,0.0,0.0,7.0,7.0,1.0,1.6,0.0,0.0,0.0,0.0,0.0,0.0,0.0,1.0,9.0,8.0,2.4,1.8399999999999999,1.0,0.0,1.0,1.0,0.6,0.4800000000000001,1.0,0.0,0.0,0.0,0.0,0.0,0.0,0.0,7.0,7.0,1.0,1.6,0.0,0.0,0.0,0.0,0.0,0.0,0.0,0.0,7.0,7.0,1.6,1.36,1.0,6.615,37.77,31.155,13.848500000000001,9.568600000000002,6.615,0.0,7.853,7.853,4.711799999999999,3.7694400000000003,7.853,0.0,1.5484712,1.5484712,0.15484712,0.278724816,0.0,194.0,229.0,35.0,203.7,13.579999999999995,194.0,-9.789730190373445,-0.33635617061402795,1,0.8340055865002839
Ca2VCoH6,1.0,27.0,26.0,9.6,10.319999999999999,1.0,7.0,92.0,85.0,67.0,30.0,92.0,1.00794,58.933195,57.925255,19.607833499999998,22.3198722,1.00794,14.01,2183.0,2168.99,626.5060000000001,734.9952000000001,14.01,1.0,9.0,8.0,2.4,1.8399999999999999,1.0,1.0,4.0,3.0,2.2,1.44,1.0,31.0,176.0,145.0,81.7,60.84000000000001,31.0,1.0,2.2,1.2000000000000002,1.871,0.3966000000000001,2.2,1.0,2.0,1.0,1.4,0.48,1.0,0.0,0.0,0.0,0.0,0.0,0.0,0.0,7.0,7.0,1.0,1.6,0.0,0.0,0.0,0.0,0.0,0.0,0.0,1.0,9.0,8.0,2.4,1.8399999999999999,1.0,0.0,1.0,1.0,0.6,0.4800000000000001,1.0,0.0,0.0,0.0,0.0,0.0,0.0,0.0,7.0,7.0,1.0,1.6,0.0,0.0,0.0,0.0,0.0,0.0,0.0,0.0,7.0,7.0,1.6,1.36,1.0,6.615,37.77,31.155,13.848500000000001,9.568600000000002,6.615,0.0,7.853,7.853,4.711799999999999,3.7694400000000003,7.853,0.0,1.5484712,1.5484712,0.15484712,0.278724816,0.0,194.0,229.0,35.0,203.7,13.579999999999995,194.0,-9.789730190373445,-0.33635617061402795,1,0.8340055865002839
Rb2NiCrH6,1.0,37.0,36.0,13.2,14.639999999999997,1.0,4.0,92.0,88.0,67.0,30.0,92.0,1.00794,85.4678,84.45985999999999,28.767273999999997,33.311200799999995,1.00794,14.01,2180.0,2165.99,461.69800000000004,596.9208000000001,14.01,1.0,10.0,9.0,2.4,2.2399999999999998,1.0,1.0,5.0,4.0,2.4,1.6799999999999997,1.0,31.0,220.0,189.0,88.9,69.47999999999999,31.0,0.82,2.2,1.3800000000000003,1.841,0.44460000000000016,2.2,1.0,2.0,1.0,1.1,0.18000000000000008,1.0,0.0,0.0,0.0,0.0,0.0,0.0,0.0,8.0,8.0,1.3,2.08,0.0,0.0,0.0,0.0,0.0,0.0,0.0,1.0,10.0,9.0,2.4,2.2399999999999998,1.0,0.0,1.0,1.0,0.9,0.18,1.0,0.0,0.0,0.0,0.0,0.0,0.0,0.0,5.0,5.0,0.7,1.1199999999999999,0.0,0.0,0.0,0.0,0.0,0.0,0.0,1.0,6.0,5.0,1.6,0.9600000000000002,1.0,6.615,90.7225,84.1075,24.264499999999998,26.583199999999998,6.615,0.0,7.853,7.853,4.711799999999999,3.7694400000000003,7.853,0.0,0.5953947,0.5953947,0.059539470000000004,0.107171046,0.0,194.0,229.0,35.0,207.6,16.32,194.0,-11.089845224467581,2.1708613485356922,1,0.8338232401657438
Rb2CrNiH6,1.0,37.0,36.0,13.2,14.639999999999997,1.0,4.0,92.0,88.0,67.0,30.0,92.0,1.00794,85.4678,84.45985999999999,28.767273999999997,33.311200799999995,1.00794,14.01,2180.0,2165.99,461.69800000000004,596.9208000000001,14.01,1.0,10.0,9.0,2.4,2.2399999999999998,1.0,1.0,5.0,4.0,2.4,1.6799999999999997,1.0,31.0,220.0,189.0,88.9,69.47999999999999,31.0,0.82,2.2,1.3800000000000003,1.841,0.44460000000000016,2.2,1.0,2.0,1.0,1.1,0.18000000000000008,1.0,0.0,0.0,0.0,0.0,0.0,0.0,0.0,8.0,8.0,1.3,2.08,0.0,0.0,0.0,0.0,0.0,0.0,0.0,1.0,10.0,9.0,2.4,2.2399999999999998,1.0,0.0,1.0,1.0,0.9,0.18,1.0,0.0,0.0,0.0,0.0,0.0,0.0,0.0,5.0,5.0,0.7,1.1199999999999999,0.0,0.0,0.0,0.0,0.0,0.0,0.0,1.0,6.0,5.0,1.6,0.9600000000000002,1.0,6.615,90.7225,84.1075,24.264499999999998,26.583199999999998,6.615,0.0,7.853,7.853,4.711799999999999,3.7694400000000003,7.853,0.0,0.5953947,0.5953947,0.059539470000000004,0.107171046,0.0,194.0,229.0,35.0,207.6,16.32,194.0,-11.089845224467581,2.1708613485356922,1,0.8338232401657438
Ca2CuCrH6,1.0,29.0,28.0,9.9,10.680000000000001,1.0,7.0,92.0,85.0,67.9,28.919999999999998,92.0,1.00794,63.546,62.53806,20.174574,22.9999608,1.00794,14.01,2180.0,2165.99,585.1830000000001,685.4076,14.01,1.0,11.0,10.0,2.7,2.3200000000000003,1.0,1.0,4.0,3.0,2.2,1.44,1.0,31.0,176.0,145.0,80.9,59.879999999999995,31.0,1.0,2.2,1.2000000000000002,1.8760000000000001,0.39360000000000006,2.2,1.0,2.0,1.0,1.2,0.31999999999999995,1.0,0.0,0.0,0.0,0.0,0.0,0.0,0.0,10.0,10.0,1.5,2.4,0.0,0.0,0.0,0.0,0.0,0.0,0.0,1.0,11.0,10.0,2.7,2.3200000000000003,1.0,0.0,1.0,1.0,0.8,0.31999999999999995,1.0,0.0,0.0,0.0,0.0,0.0,0.0,0.0,5.0,5.0,0.5,0.9,0.0,0.0,0.0,0.0,0.0,0.0,0.0,0.0,6.0,6.0,1.3,0.9400000000000001,1.0,6.615,37.77,31.155,13.749,9.6084,6.615,0.0,7.853,7.853,4.711799999999999,3.7694400000000003,7.853,0.0,0.0,0.0,0.0,0.0,0.0,194.0,229.0,35.0,206.8,15.360000000000003,194.0,-9.406215595428726,-0.4252273072094682,1,0.8326690243583748
Ca2CrCuH6,1.0,29.0,28.0,9.9,10.680000000000001,1.0,7.0,92.0,85.0,67.9,28.919999999999998,92.0,1.00794,63.546,62.53806,20.174574,22.999960799999997,1.00794,14.01,2180.0,2165.99,585.1830000000001,685.4076000000001,14.01,1.0,11.0,10.0,2.7,2.3200000000000003,1.0,1.0,4.0,3.0,2.2,1.44,1.0,31.0,176.0,145.0,80.9,59.879999999999995,31.0,1.0,2.2,1.2000000000000002,1.8760000000000001,0.39360000000000006,2.2,1.0,2.0,1.0,1.2,0.31999999999999995,1.0,0.0,0.0,0.0,0.0,0.0,0.0,0.0,10.0,10.0,1.5,2.4,0.0,0.0,0.0,0.0,0.0,0.0,0.0,1.0,11.0,10.0,2.7,2.3200000000000003,1.0,0.0,1.0,1.0,0.8,0.31999999999999995,1.0,0.0,0.0,0.0,0.0,0.0,0.0,0.0,5.0,5.0,0.5,0.9,0.0,0.0,0.0,0.0,0.0,0.0,0.0,0.0,6.0,6.0,1.3,0.9400000000000001,1.0,6.615,37.77,31.155,13.749,9.6084,6.615,0.0,7.853,7.853,4.711799999999999,3.7694400000000003,7.853,0.0,0.0,0.0,0.0,0.0,0.0,194.0,229.0,35.0,206.8,15.360000000000003,194.0,-9.406215595428726,-0.4252273072094682,1,0.8326690243583748
K2VMnH6,1.0,25.0,24.0,9.2,9.84,1.0,3.0,92.0,89.0,65.6,31.68,92.0,1.00794,54.938045,53.930105000000005,19.0123785,21.6053262,1.00794,14.01,2183.0,2168.99,445.912,562.0351999999999,14.01,1.0,7.0,6.0,2.0,1.6,1.0,1.0,4.0,3.0,2.2,1.44,1.0,31.0,203.0,172.0,88.4,68.88,31.0,0.82,2.2,1.3800000000000003,1.802,0.4776000000000001,2.2,1.0,2.0,1.0,1.2,0.31999999999999995,1.0,0.0,0.0,0.0,0.0,0.0,0.0,0.0,5.0,5.0,0.8,1.28,0.0,0.0,0.0,0.0,0.0,0.0,0.0,1.0,7.0,6.0,2.0,1.6,1.0,0.0,1.0,1.0,0.8,0.31999999999999995,1.0,0.0,0.0,0.0,0.0,0.0,0.0,0.0,7.0,7.0,1.2,1.92,0.0,0.0,0.0,0.0,0.0,0.0,0.0,1.0,7.0,6.0,2.0,1.6,1.0,6.615,73.1066666667,66.4916666667,20.94009195403,20.866629885068,6.615,0.0,7.853,7.853,4.711799999999999,3.7694400000000003,7.853,0.0,0.000310120689655,0.000310120689655,3.10120689655e-05,5.58217241379e-05,0.0,194.0,229.0,35.0,206.8,15.360000000000003,194.0,-10.77081228017828,0.41861593949886117,1,0.8326175771971498
K2MnVH6,1.0,25.0,24.0,9.2,9.84,1.0,3.0,92.0,89.0,65.6,31.68,92.0,1.00794,54.938045,53.930105000000005,19.0123785,21.6053262,1.00794,14.01,2183.0,2168.99,445.912,562.0351999999999,14.01,1.0,7.0,6.0,2.0,1.6,1.0,1.0,4.0,3.0,2.2,1.44,1.0,31.0,203.0,172.0,88.4,68.88,31.0,0.82,2.2,1.3800000000000003,1.8020000000000003,0.47760000000000014,2.2,1.0,2.0,1.0,1.2,0.31999999999999995,1.0,0.0,0.0,0.0,0.0,0.0,0.0,0.0,5.0,5.0,0.8,1.28,0.0,0.0,0.0,0.0,0.0,0.0,0.0,1.0,7.0,6.0,2.0,1.6,1.0,0.0,1.0,1.0,0.8,0.31999999999999995,1.0,0.0,0.0,0.0,0.0,0.0,0.0,0.0,7.0,7.0,1.2,1.92,0.0,0.0,0.0,0.0,0.0,0.0,0.0,1.0,7.0,6.0,2.0,1.6,1.0,6.615,73.1066666667,66.4916666667,20.94009195403,20.866629885068,6.615,0.0,7.853,7.853,4.711799999999999,3.7694400000000003,7.853,0.0,0.000310120689655,0.000310120689655,3.10120689655e-05,5.58217241379e-05,0.0,194.0,229.0,35.0,206.8,15.360000000000003,194.0,-10.77081228017828,0.41861593949886117,1,0.8326175771971498
K2MnZnH6,1.0,30.0,29.0,9.9,10.680000000000001,1.0,3.0,92.0,89.0,67.9,29.139999999999997,92.0,1.00794,65.38,64.37205999999999,20.4562285,23.337946199999998,1.00794,14.01,1519.0,1504.99,296.88,339.44399999999996,14.01,1.0,12.0,11.0,2.7,2.72,1.0,1.0,4.0,3.0,2.2,1.44,1.0,31.0,203.0,172.0,85.3,65.16,31.0,0.82,2.2,1.3800000000000003,1.8039999999999998,0.4752000000000002,2.2,1.0,2.0,1.0,1.2,0.31999999999999995,1.0,0.0,0.0,0.0,0.0,0.0,0.0,0.0,10.0,10.0,1.5,2.4,0.0,0.0,0.0,0.0,0.0,0.0,0.0,1.0,12.0,11.0,2.7,2.72,1.0,0.0,1.0,1.0,0.8,0.31999999999999995,1.0,0.0,0.0,0.0,0.0,0.0,0.0,0.0,5.0,5.0,0.5,0.9,0.0,0.0,0.0,0.0,0.0,0.0,0.0,0.0,5.0,5.0,1.3,0.74,1.0,6.615,73.1066666667,66.4916666667,21.03509195403,20.828629885068,6.615,0.0,7.853,7.853,4.711799999999999,3.7694400000000003,7.853,0.0,0.000310120689655,0.000310120689655,3.10120689655e-05,5.58217241379e-05,0.0,194.0,229.0,35.0,203.3,13.020000000000005,194.0,-9.692609314620388,0.5423396373536332,1,0.8325557727375119
K2ZnMnH6,1.0,30.0,29.0,9.9,10.680000000000001,1.0,3.0,92.0,89.0,67.9,29.139999999999997,92.0,1.00794,65.38,64.37205999999999,20.456228499999998,23.337946199999998,1.00794,14.01,1519.0,1504.99,296.88,339.44399999999996,14.01,1.0,12.0,11.0,2.7,2.72,1.0,1.0,4.0,3.0,2.2,1.44,1.0,31.0,203.0,172.0,85.3,65.16,31.0,0.82,2.2,1.3800000000000003,1.8039999999999998,0.4752000000000002,2.2,1.0,2.0,1.0,1.2,0.31999999999999995,1.0,0.0,0.0,0.0,0.0,0.0,0.0,0.0,10.0,10.0,1.5,2.4,0.0,0.0,0.0,0.0,0.0,0.0,0.0,1.0,12.0,11.0,2.7,2.72,1.0,0.0,1.0,1.0,0.8,0.31999999999999995,1.0,0.0,0.0,0.0,0.0,0.0,0.0,0.0,5.0,5.0,0.5,0.9,0.0,0.0,0.0,0.0,0.0,0.0,0.0,0.0,5.0,5.0,1.3,0.74,1.0,6.615,73.1066666667,66.4916666667,21.03509195403,20.828629885068,6.615,0.0,7.853,7.853,4.711799999999999,3.7694400000000003,7.853,0.0,0.000310120689655,0.000310120689655,3.10120689655e-05,5.58217241379e-05,0.0,194.0,229.0,35.0,203.3,13.020000000000005,194.0,-9.692609314620388,0.5423396373536331,1,0.8325557727375119
Ca2VScH6,1.0,23.0,22.0,9.0,9.6,1.0,7.0,92.0,85.0,62.3,35.64,92.0,1.00794,50.9415,49.93356,18.210105199999997,20.642598239999998,1.00794,14.01,2183.0,2168.99,631.106,740.5152,14.01,1.0,5.0,4.0,1.8,0.9600000000000002,1.0,1.0,4.0,3.0,2.2,1.44,1.0,31.0,176.0,145.0,86.1,66.12,31.0,1.0,2.2,1.2000000000000002,1.8190000000000002,0.4572000000000001,2.2,1.0,2.0,1.0,1.4,0.48,1.0,0.0,0.0,0.0,0.0,0.0,0.0,0.0,3.0,3.0,0.4,0.64,0.0,0.0,0.0,0.0,0.0,0.0,0.0,1.0,5.0,4.0,1.8,0.9600000000000002,1.0,0.0,1.0,1.0,0.6,0.4800000000000001,1.0,0.0,0.0,0.0,0.0,0.0,0.0,0.0,9.0,9.0,1.6,2.56,0.0,0.0,0.0,0.0,0.0,0.0,0.0,0.0,9.0,9.0,2.2,2.3200000000000003,1.0,6.615,37.77,31.155,15.047500000000003,10.526500000000002,6.615,0.0,7.853,7.853,4.711799999999999,3.7694400000000003,7.853,0.0,6.35e-06,6.35e-06,6.350000000000001e-07,1.1430000000000001e-06,0.0,194.0,229.0,35.0,203.7,13.579999999999995,194.0,-10.618255670820348,-0.2915624173150848,1,0.8311377148683816
Ca2ScVH6,1.0,23.0,22.0,9.0,9.6,1.0,7.0,92.0,85.0,62.3,35.64,92.0,1.00794,50.9415,49.93356,18.2101052,20.64259824,1.00794,14.01,2183.0,2168.99,631.106,740.5152,14.01,1.0,5.0,4.0,1.8,0.9600000000000002,1.0,1.0,4.0,3.0,2.2,1.44,1.0,31.0,176.0,145.0,86.1,66.12,31.0,1.0,2.2,1.2000000000000002,1.8190000000000002,0.4572000000000001,2.2,1.0,2.0,1.0,1.4,0.48,1.0,0.0,0.0,0.0,0.0,0.0,0.0,0.0,3.0,3.0,0.4,0.64,0.0,0.0,0.0,0.0,0.0,0.0,0.0,1.0,5.0,4.0,1.8,0.9600000000000002,1.0,0.0,1.0,1.0,0.6,0.4800000000000001,1.0,0.0,0.0,0.0,0.0,0.0,0.0,0.0,9.0,9.0,1.6,2.56,0.0,0.0,0.0,0.0,0.0,0.0,0.0,0.0,9.0,9.0,2.2,2.3200000000000003,1.0,6.615,37.77,31.155,15.047500000000003,10.526500000000002,6.615,0.0,7.853,7.853,4.711799999999999,3.7694400000000003,7.853,0.0,6.35e-06,6.35e-06,6.350000000000001e-07,1.1430000000000001e-06,0.0,194.0,229.0,35.0,203.7,13.579999999999995,194.0,-10.618255670820348,-0.2915624173150847,1,0.8311377148683816
Cs2VMnH6,1.0,55.0,54.0,16.4,18.48,1.0,5.0,92.0,87.0,66.0,31.2,92.0,1.00794,132.9054519,131.8975119,37.773808880000004,44.119042656000005,1.00794,14.01,2183.0,2168.99,438.9240000000001,564.8304,14.01,1.0,7.0,6.0,2.0,1.6,1.0,1.0,6.0,5.0,2.6,1.9200000000000004,1.0,31.0,244.0,213.0,96.6,78.72,31.0,0.79,2.2,1.4100000000000001,1.796,0.48480000000000006,2.2,1.0,2.0,1.0,1.2,0.31999999999999995,1.0,0.0,0.0,0.0,0.0,0.0,0.0,0.0,5.0,5.0,0.8,1.28,0.0,0.0,0.0,0.0,0.0,0.0,0.0,1.0,7.0,6.0,2.0,1.6,1.0,0.0,1.0,1.0,0.8,0.31999999999999995,1.0,0.0,0.0,0.0,0.0,0.0,0.0,0.0,7.0,7.0,1.2,1.92,0.0,0.0,0.0,0.0,0.0,0.0,0.0,1.0,7.0,6.0,2.0,1.6,1.0,6.615,115.765,109.15,29.471758620690004,34.517296551723994,6.615,0.0,7.853,7.853,4.711799999999999,3.7694400000000003,7.853,0.0,0.000310120689655,0.000310120689655,3.10120689655e-05,5.58217241379e-05,0.0,194.0,229.0,35.0,206.8,15.360000000000003,194.0,-12.411871860181643,4.184369982706473,1,0.8309166997713716
Cs2CrMnH6,1.0,55.0,54.0,16.5,18.6,1.0,5.0,92.0,87.0,66.3,30.839999999999996,92.0,1.00794,132.9054519,131.8975119,37.87926888,44.245594656,1.00794,14.01,2180.0,2165.99,438.6240000000001,564.3504,14.01,1.0,7.0,6.0,2.1,1.7600000000000002,1.0,1.0,6.0,5.0,2.6,1.9200000000000004,1.0,31.0,244.0,213.0,95.2,77.04,31.0,0.79,2.2,1.4100000000000001,1.7990000000000002,0.4812000000000001,2.2,1.0,2.0,1.0,1.1,0.18000000000000008,1.0,0.0,0.0,0.0,0.0,0.0,0.0,0.0,5.0,5.0,1.0,1.6,0.0,0.0,0.0,0.0,0.0,0.0,0.0,1.0,7.0,6.0,2.1,1.7600000000000002,1.0,0.0,1.0,1.0,0.9,0.18,1.0,0.0,0.0,0.0,0.0,0.0,0.0,0.0,5.0,5.0,1.0,1.6,0.0,0.0,0.0,0.0,0.0,0.0,0.0,1.0,6.0,5.0,1.9,1.44,1.0,6.615,115.765,109.15,29.289758620689998,34.590096551724,6.615,0.0,7.853,7.853,4.711799999999999,3.7694400000000003,7.853,0.0,0.000310120689655,0.000310120689655,3.10120689655e-05,5.58217241379e-05,0.0,194.0,229.0,35.0,206.8,15.360000000000003,194.0,-12.442021770144521,4.156118687604671,1,0.8309166997713716
Cs2MnVH6,1.0,55.0,54.0,16.4,18.48,1.0,5.0,92.0,87.0,66.0,31.2,92.0,1.00794,132.9054519,131.8975119,37.773808880000004,44.119042656000005,1.00794,14.01,2183.0,2168.99,438.9240000000001,564.8304,14.01,1.0,7.0,6.0,2.0,1.6,1.0,1.0,6.0,5.0,2.6,1.9200000000000004,1.0,31.0,244.0,213.0,96.6,78.72,31.0,0.79,2.2,1.4100000000000001,1.796,0.48480000000000006,2.2,1.0,2.0,1.0,1.2,0.31999999999999995,1.0,0.0,0.0,0.0,0.0,0.0,0.0,0.0,5.0,5.0,0.8,1.28,0.0,0.0,0.0,0.0,0.0,0.0,0.0,1.0,7.0,6.0,2.0,1.6,1.0,0.0,1.0,1.0,0.8,0.31999999999999995,1.0,0.0,0.0,0.0,0.0,0.0,0.0,0.0,7.0,7.0,1.2,1.92,0.0,0.0,0.0,0.0,0.0,0.0,0.0,1.0,7.0,6.0,2.0,1.6,1.0,6.615,115.765,109.15,29.471758620690004,34.517296551724,6.615,0.0,7.853,7.853,4.711799999999999,3.7694400000000003,7.853,0.0,0.000310120689655,0.000310120689655,3.10120689655e-05,5.58217241379e-05,0.0,194.0,229.0,35.0,206.8,15.360000000000003,194.0,-12.411871860181645,4.184369982706473,1,0.8309166997713716
Cs2MnCrH6,1.0,55.0,54.0,16.5,18.6,1.0,5.0,92.0,87.0,66.3,30.839999999999996,92.0,1.00794,132.9054519,131.8975119,37.87926888,44.245594656,1.00794,14.01,2180.0,2165.99,438.6240000000001,564.3504,14.01,1.0,7.0,6.0,2.1,1.7600000000000002,1.0,1.0,6.0,5.0,2.6,1.9200000000000004,1.0,31.0,244.0,213.0,95.2,77.04,31.0,0.79,2.2,1.4100000000000001,1.7990000000000002,0.4812000000000001,2.2,1.0,2.0,1.0,1.1,0.18000000000000008,1.0,0.0,0.0,0.0,0.0,0.0,0.0,0.0,5.0,5.0,1.0,1.6,0.0,0.0,0.0,0.0,0.0,0.0,0.0,1.0,7.0,6.0,2.1,1.7600000000000002,1.0,0.0,1.0,1.0,0.9,0.18,1.0,0.0,0.0,0.0,0.0,0.0,0.0,0.0,5.0,5.0,1.0,1.6,0.0,0.0,0.0,0.0,0.0,0.0,0.0,1.0,6.0,5.0,1.9,1.44,1.0,6.615,115.765,109.15,29.289758620689998,34.590096551724,6.615,0.0,7.853,7.853,4.711799999999999,3.7694400000000003,7.853,0.0,0.000310120689655,0.000310120689655,3.10120689655e-05,5.58217241379e-05,0.0,194.0,229.0,35.0,206.8,15.360000000000003,194.0,-12.442021770144521,4.156118687604671,1,0.8309166997713716
Rb2NiScH6,1.0,37.0,36.0,12.9,14.280000000000001,1.0,4.0,92.0,88.0,63.2,34.56,92.0,1.00794,85.4678,84.45985999999999,28.063255199999997,32.46637824,1.00794,14.01,1814.0,1799.99,425.09800000000007,538.3608,14.01,1.0,10.0,9.0,2.1,1.7600000000000002,1.0,1.0,5.0,4.0,2.4,1.6799999999999997,1.0,31.0,220.0,189.0,92.0,73.2,31.0,0.82,2.2,1.3800000000000003,1.811,0.48660000000000014,2.2,1.0,2.0,1.0,1.2,0.31999999999999995,1.0,0.0,0.0,0.0,0.0,0.0,0.0,0.0,8.0,8.0,0.9,1.44,0.0,0.0,0.0,0.0,0.0,0.0,0.0,1.0,10.0,9.0,2.1,1.7600000000000002,1.0,0.0,1.0,1.0,0.8,0.31999999999999995,1.0,0.0,0.0,0.0,0.0,0.0,0.0,0.0,9.0,9.0,1.1,1.7600000000000002,0.0,0.0,0.0,0.0,0.0,0.0,0.0,1.0,9.0,8.0,1.9,1.44,1.0,6.615,90.7225,84.1075,25.369,26.141399999999997,6.615,0.0,7.853,7.853,4.711799999999999,3.7694400000000003,7.853,0.0,0.5953947,0.5953947,0.05954010500000001,0.107170919,0.0,194.0,229.0,35.0,204.1,14.139999999999997,194.0,-11.387375311716092,2.5518259820418447,1,0.8309166997713714
Rb2ScNiH6,1.0,37.0,36.0,12.9,14.280000000000001,1.0,4.0,92.0,88.0,63.2,34.56,92.0,1.00794,85.4678,84.45985999999999,28.063255199999997,32.46637824,1.00794,14.01,1814.0,1799.99,425.09800000000007,538.3608,14.01,1.0,10.0,9.0,2.1,1.7600000000000002,1.0,1.0,5.0,4.0,2.4,1.6799999999999997,1.0,31.0,220.0,189.0,92.0,73.2,31.0,0.82,2.2,1.3800000000000003,1.811,0.48660000000000014,2.2,1.0,2.0,1.0,1.2,0.31999999999999995,1.0,0.0,0.0,0.0,0.0,0.0,0.0,0.0,8.0,8.0,0.9,1.44,0.0,0.0,0.0,0.0,0.0,0.0,0.0,1.0,10.0,9.0,2.1,1.7600000000000002,1.0,0.0,1.0,1.0,0.8,0.31999999999999995,1.0,0.0,0.0,0.0,0.0,0.0,0.0,0.0,9.0,9.0,1.1,1.7600000000000002,0.0,0.0,0.0,0.0,0.0,0.0,0.0,1.0,9.0,8.0,1.9,1.44,1.0,6.615,90.7225,84.1075,25.369,26.141399999999997,6.615,0.0,7.853,7.853,4.711799999999999,3.7694400000000003,7.853,0.0,0.5953947,0.5953947,0.05954010500000001,0.107170919,0.0,194.0,229.0,35.0,204.1,14.139999999999997,194.0,-11.387375311716092,2.5518259820418447,1,0.8309166997713714
Cs2ScCoH6,1.0,55.0,54.0,16.4,18.48,1.0,5.0,92.0,87.0,63.1,34.67999999999999,92.0,1.00794,132.9054519,131.8975119,37.574765080000006,43.880190096,1.00794,14.01,1814.0,1799.99,426.9240000000001,545.6304,14.01,1.0,9.0,8.0,2.0,1.6,1.0,1.0,6.0,5.0,2.6,1.9200000000000004,1.0,31.0,244.0,213.0,97.0,79.2,31.0,0.79,2.2,1.4100000000000001,1.8020000000000003,0.4932,2.2,1.0,2.0,1.0,1.2,0.31999999999999995,1.0,0.0,0.0,0.0,0.0,0.0,0.0,0.0,7.0,7.0,0.8,1.28,0.0,0.0,0.0,0.0,0.0,0.0,0.0,1.0,9.0,8.0,2.0,1.6,1.0,0.0,1.0,1.0,0.8,0.31999999999999995,1.0,0.0,0.0,0.0,0.0,0.0,0.0,0.0,9.0,9.0,1.2,1.92,0.0,0.0,0.0,0.0,0.0,0.0,0.0,1.0,9.0,8.0,2.0,1.6,1.0,6.615,115.765,109.15,30.369999999999997,34.158,6.615,0.0,7.853,7.853,4.711799999999999,3.7694400000000003,7.853,0.0,1.5484712,1.5484712,0.154847755,0.278724689,0.0,194.0,229.0,35.0,201.0,11.2,194.0,-12.627870157012705,4.709625276719123,1,0.83
Cs2CoScH6,1.0,55.0,54.0,16.4,18.48,1.0,5.0,92.0,87.0,63.1,34.67999999999999,92.0,1.00794,132.9054519,131.8975119,37.574765080000006,43.880190096,1.00794,14.01,1814.0,1799.99,426.9240000000001,545.6304,14.01,1.0,9.0,8.0,2.0,1.6,1.0,1.0,6.0,5.0,2.6,1.9200000000000004,1.0,31.0,244.0,213.0,97.0,79.2,31.0,0.79,2.2,1.4100000000000001,1.8020000000000003,0.4932,2.2,1.0,2.0,1.0,1.2,0.31999999999999995,1.0,0.0,0.0,0.0,0.0,0.0,0.0,0.0,7.0,7.0,0.8,1.28,0.0,0.0,0.0,0.0,0.0,0.0,0.0,1.0,9.0,8.0,2.0,1.6,1.0,0.0,1.0,1.0,0.8,0.31999999999999995,1.0,0.0,0.0,0.0,0.0,0.0,0.0,0.0,9.0,9.0,1.2,1.92,0.0,0.0,0.0,0.0,0.0,0.0,0.0,1.0,9.0,8.0,2.0,1.6,1.0,6.615,115.765,109.15,30.369999999999997,34.158,6.615,0.0,7.853,7.853,4.711799999999999,3.7694400000000003,7.853,0.0,1.5484712,1.5484712,0.154847755,0.278724689,0.0,194.0,229.0,35.0,201.0,11.2,194.0,-12.627870157012705,4.709625276719123,1,0.83
Na2MnCoH6,1.0,27.0,26.0,8.0,8.4,1.0,2.0,92.0,90.0,66.6,30.48,92.0,1.00794,58.933195,57.925255,16.589841856,18.698282227200004,1.00794,14.01,1768.0,1753.99,411.28000000000003,492.8880000000001,14.01,1.0,9.0,8.0,2.4,2.2399999999999998,1.0,1.0,4.0,3.0,2.0,1.2,1.0,31.0,166.0,135.0,78.3,56.75999999999999,31.0,0.93,2.2,1.27,1.8490000000000002,0.4274,2.2,1.0,2.0,1.0,1.2,0.31999999999999995,1.0,0.0,0.0,0.0,0.0,0.0,0.0,0.0,7.0,7.0,1.2,1.92,0.0,0.0,0.0,0.0,0.0,0.0,0.0,1.0,9.0,8.0,2.4,2.2399999999999998,1.0,0.0,1.0,1.0,0.8,0.31999999999999995,1.0,0.0,0.0,0.0,0.0,0.0,0.0,0.0,5.0,5.0,0.8,1.28,0.0,0.0,0.0,0.0,0.0,0.0,0.0,1.0,5.0,4.0,1.6,0.9600000000000002,1.0,6.615,29.2433333333,22.6283333333,11.89092528735,6.940963218380001,6.615,0.0,7.853,7.853,4.711799999999999,3.7694400000000003,7.853,0.0,1.5484712,1.5484712,0.1548781320689655,0.2787186135862069,0.0,194.0,229.0,35.0,203.3,13.020000000000005,194.0,-9.509782173671704,-0.9794490951297344,1,0.83
Na2CoMnH6,1.0,27.0,26.0,8.0,8.4,1.0,2.0,92.0,90.0,66.6,30.48,92.0,1.00794,58.933195,57.925255,16.589841856,18.698282227200004,1.00794,14.01,1768.0,1753.99,411.28000000000003,492.8880000000001,14.01,1.0,9.0,8.0,2.4,2.2399999999999998,1.0,1.0,4.0,3.0,2.0,1.2,1.0,31.0,166.0,135.0,78.3,56.75999999999999,31.0,0.93,2.2,1.27,1.8490000000000002,0.4274,2.2,1.0,2.0,1.0,1.2,0.31999999999999995,1.0,0.0,0.0,0.0,0.0,0.0,0.0,0.0,7.0,7.0,1.2,1.92,0.0,0.0,0.0,0.0,0.0,0.0,0.0,1.0,9.0,8.0,2.4,2.2399999999999998,1.0,0.0,1.0,1.0,0.8,0.31999999999999995,1.0,0.0,0.0,0.0,0.0,0.0,0.0,0.0,5.0,5.0,0.8,1.28,0.0,0.0,0.0,0.0,0.0,0.0,0.0,1.0,5.0,4.0,1.6,0.9600000000000002,1.0,6.615,29.2433333333,22.6283333333,11.89092528735,6.940963218380001,6.615,0.0,7.853,7.853,4.711799999999999,3.7694400000000003,7.853,0.0,1.5484712,1.5484712,0.1548781320689655,0.2787186135862069,0.0,194.0,229.0,35.0,203.3,13.020000000000005,194.0,-9.509782173671704,-0.9794490951297344,1,0.83
Cs2TiVH6,1.0,55.0,54.0,16.1,18.119999999999997,1.0,5.0,92.0,87.0,65.1,32.28,92.0,1.00794,132.9054519,131.8975119,37.066704380000004,43.270517256,1.00794,14.01,2183.0,2168.99,481.1240000000001,632.3504,14.01,1.0,5.0,4.0,1.7,1.1199999999999999,1.0,1.0,6.0,5.0,2.6,1.9200000000000004,1.0,31.0,244.0,213.0,98.7,81.24000000000001,31.0,0.79,2.2,1.4100000000000001,1.7950000000000004,0.48600000000000004,2.2,1.0,2.0,1.0,1.2,0.31999999999999995,1.0,0.0,0.0,0.0,0.0,0.0,0.0,0.0,3.0,3.0,0.5,0.8,0.0,0.0,0.0,0.0,0.0,0.0,0.0,1.0,5.0,4.0,1.7,1.1199999999999999,1.0,0.0,1.0,1.0,0.8,0.31999999999999995,1.0,0.0,0.0,0.0,0.0,0.0,0.0,0.0,8.0,8.0,1.5,2.4,0.0,0.0,0.0,0.0,0.0,0.0,0.0,1.0,8.0,7.0,2.3,2.0799999999999996,1.0,6.615,115.765,109.15,30.092000000000002,34.2692,6.615,0.0,7.853,7.853,4.711799999999999,3.7694400000000003,7.853,0.0,2.25333333333e-05,2.25333333333e-05,2.25333333333e-06,4.055999999994e-06,0.0,194.0,229.0,35.0,204.5,14.7,194.0,-12.919459555457767,4.280769542768974,1,0.83
Cs2VCuH6,1.0,55.0,54.0,16.8,18.96,1.0,5.0,92.0,87.0,67.2,29.76,92.0,1.00794,132.9054519,131.8975119,38.63460438,45.151997256,1.00794,14.01,2183.0,2168.99,422.80100000000004,539.0336,14.01,1.0,11.0,10.0,2.4,2.2399999999999998,1.0,1.0,6.0,5.0,2.6,1.9200000000000004,1.0,31.0,244.0,213.0,95.9,77.88,31.0,0.79,2.2,1.4100000000000001,1.8310000000000002,0.45660000000000006,2.2,1.0,2.0,1.0,1.1,0.18000000000000008,1.0,0.0,0.0,0.0,0.0,0.0,0.0,0.0,10.0,10.0,1.3,2.08,0.0,0.0,0.0,0.0,0.0,0.0,0.0,1.0,11.0,10.0,2.4,2.2399999999999998,1.0,0.0,1.0,1.0,0.9,0.18,1.0,0.0,0.0,0.0,0.0,0.0,0.0,0.0,7.0,7.0,0.7,1.2599999999999998,0.0,0.0,0.0,0.0,0.0,0.0,0.0,1.0,7.0,6.0,1.6,1.08,1.0,6.615,115.765,109.15,29.529999999999994,34.49399999999999,6.615,0.0,7.853,7.853,4.711799999999999,3.7694400000000003,7.853,0.0,0.0,0.0,0.0,0.0,0.0,194.0,229.0,35.0,207.6,16.32,194.0,-11.938851449740802,4.461014592539689,1,0.83
Cs2CrNiH6,1.0,55.0,54.0,16.8,18.96,1.0,5.0,92.0,87.0,67.2,29.76,92.0,1.00794,132.9054519,131.8975119,38.25480438,44.696237256,1.00794,14.01,2180.0,2165.99,459.52400000000006,597.7904000000001,14.01,1.0,10.0,9.0,2.4,2.2399999999999998,1.0,1.0,6.0,5.0,2.6,1.9200000000000004,1.0,31.0,244.0,213.0,93.7,75.24000000000001,31.0,0.79,2.2,1.4100000000000001,1.8350000000000002,0.453,2.2,1.0,2.0,1.0,1.1,0.18000000000000008,1.0,0.0,0.0,0.0,0.0,0.0,0.0,0.0,8.0,8.0,1.3,2.08,0.0,0.0,0.0,0.0,0.0,0.0,0.0,1.0,10.0,9.0,2.4,2.2399999999999998,1.0,0.0,1.0,1.0,0.9,0.18,1.0,0.0,0.0,0.0,0.0,0.0,0.0,0.0,5.0,5.0,0.7,1.1199999999999999,0.0,0.0,0.0,0.0,0.0,0.0,0.0,1.0,6.0,5.0,1.6,0.9600000000000002,1.0,6.615,115.765,109.15,29.273000000000003,34.596799999999995,6.615,0.0,7.853,7.853,4.711799999999999,3.7694400000000003,7.853,0.0,0.5953947,0.5953947,0.059539470000000004,0.107171046,0.0,194.0,229.0,35.0,207.6,16.32,194.0,-11.98984396825456,4.245494605407441,1,0.83
Cs2VTiH6,1.0,55.0,54.0,16.1,18.119999999999997,1.0,5.0,92.0,87.0,65.1,32.28,92.0,1.00794,132.9054519,131.8975119,37.066704380000004,43.270517256,1.00794,14.01,2183.0,2168.99,481.1240000000001,632.3504,14.01,1.0,5.0,4.0,1.7,1.1199999999999999,1.0,1.0,6.0,5.0,2.6,1.9200000000000004,1.0,31.0,244.0,213.0,98.7,81.24000000000001,31.0,0.79,2.2,1.4100000000000001,1.7950000000000004,0.48600000000000004,2.2,1.0,2.0,1.0,1.2,0.31999999999999995,1.0,0.0,0.0,0.0,0.0,0.0,0.0,0.0,3.0,3.0,0.5,0.8,0.0,0.0,0.0,0.0,0.0,0.0,0.0,1.0,5.0,4.0,1.7,1.1199999999999999,1.0,0.0,1.0,1.0,0.8,0.31999999999999995,1.0,0.0,0.0,0.0,0.0,0.0,0.0,0.0,8.0,8.0,1.5,2.4,0.0,0.0,0.0,0.0,0.0,0.0,0.0,1.0,8.0,7.0,2.3,2.0799999999999996,1.0,6.615,115.765,109.15,30.092000000000002,34.2692,6.615,0.0,7.853,7.853,4.711799999999999,3.7694400000000003,7.853,0.0,2.25333333333e-05,2.25333333333e-05,2.25333333333e-06,4.055999999993999e-06,0.0,194.0,229.0,35.0,204.5,14.7,194.0,-12.919459555457767,4.280769542768974,1,0.83
Cs2NiCrH6,1.0,55.0,54.0,16.8,18.96,1.0,5.0,92.0,87.0,67.2,29.76,92.0,1.00794,132.9054519,131.8975119,38.25480438,44.696237256,1.00794,14.01,2180.0,2165.99,459.52400000000006,597.7904000000001,14.01,1.0,10.0,9.0,2.4,2.2399999999999998,1.0,1.0,6.0,5.0,2.6,1.9200000000000004,1.0,31.0,244.0,213.0,93.7,75.24000000000001,31.0,0.79,2.2,1.4100000000000001,1.8350000000000002,0.453,2.2,1.0,2.0,1.0,1.1,0.18000000000000008,1.0,0.0,0.0,0.0,0.0,0.0,0.0,0.0,8.0,8.0,1.3,2.08,0.0,0.0,0.0,0.0,0.0,0.0,0.0,1.0,10.0,9.0,2.4,2.2399999999999998,1.0,0.0,1.0,1.0,0.9,0.18,1.0,0.0,0.0,0.0,0.0,0.0,0.0,0.0,5.0,5.0,0.7,1.1199999999999999,0.0,0.0,0.0,0.0,0.0,0.0,0.0,1.0,6.0,5.0,1.6,0.9600000000000002,1.0,6.615,115.765,109.15,29.273000000000003,34.596799999999995,6.615,0.0,7.853,7.853,4.711799999999999,3.7694400000000003,7.853,0.0,0.5953947,0.5953947,0.059539470000000004,0.107171046,0.0,194.0,229.0,35.0,207.6,16.32,194.0,-11.98984396825456,4.245494605407441,1,0.83
Cs2CuVH6,1.0,55.0,54.0,16.8,18.96,1.0,5.0,92.0,87.0,67.2,29.76,92.0,1.00794,132.9054519,131.8975119,38.63460438,45.151997256,1.00794,14.01,2183.0,2168.99,422.80100000000004,539.0336,14.01,1.0,11.0,10.0,2.4,2.2399999999999998,1.0,1.0,6.0,5.0,2.6,1.9200000000000004,1.0,31.0,244.0,213.0,95.9,77.88,31.0,0.79,2.2,1.4100000000000001,1.8310000000000002,0.45660000000000006,2.2,1.0,2.0,1.0,1.1,0.18000000000000008,1.0,0.0,0.0,0.0,0.0,0.0,0.0,0.0,10.0,10.0,1.3,2.0799999999999996,0.0,0.0,0.0,0.0,0.0,0.0,0.0,1.0,11.0,10.0,2.4,2.2399999999999998,1.0,0.0,1.0,1.0,0.9,0.18,1.0,0.0,0.0,0.0,0.0,0.0,0.0,0.0,7.0,7.0,0.7,1.2599999999999998,0.0,0.0,0.0,0.0,0.0,0.0,0.0,1.0,7.0,6.0,1.6,1.08,1.0,6.615,115.765,109.15,29.529999999999994,34.49399999999999,6.615,0.0,7.853,7.853,4.711799999999999,3.7694400000000003,7.853,0.0,0.0,0.0,0.0,0.0,0.0,194.0,229.0,35.0,207.6,16.32,194.0,-11.938851449740802,4.461014592539689,1,0.83
K2CoAlH6,1.0,27.0,26.0,8.4,8.88,1.0,3.0,92.0,89.0,68.9,28.54,92.0,1.00794,58.933195,57.925255,17.01589736,19.209548832000003,1.00794,14.01,1768.0,1753.99,345.859,401.9504,14.01,1.0,13.0,12.0,3.0,3.2,1.0,1.0,4.0,3.0,2.1,1.3199999999999998,1.0,31.0,203.0,172.0,83.9,63.48,31.0,0.82,2.2,1.3800000000000003,1.8330000000000002,0.44980000000000003,2.2,1.0,2.0,1.0,1.2,0.31999999999999995,1.0,0.0,1.0,1.0,0.1,0.18000000000000002,0.0,0.0,7.0,7.0,0.7,1.2599999999999998,0.0,0.0,0.0,0.0,0.0,0.0,0.0,1.0,9.0,8.0,2.0,1.6,1.0,0.0,1.0,1.0,0.8,0.31999999999999995,1.0,0.0,5.0,5.0,0.5,0.9,0.0,0.0,3.0,3.0,0.3,0.54,0.0,0.0,0.0,0.0,0.0,0.0,0.0,1.0,5.0,4.0,1.6,0.9600000000000002,1.0,6.615,73.1066666667,66.4916666667,21.262833333339998,20.737533333343997,6.615,0.0,7.853,7.853,4.711799999999999,3.7694400000000003,7.853,0.0,1.5484712,1.5484712,0.15484712,0.278724816,0.0,194.0,229.0,35.0,204.1,14.139999999999997,194.0,-8.06732606477019,-1.0100490072612784,1,0.8298401477970253
K2AlCoH6,1.0,27.0,26.0,8.4,8.88,1.0,3.0,92.0,89.0,68.9,28.54,92.0,1.00794,58.933195,57.925255,17.015897360000004,19.209548832,1.00794,14.01,1768.0,1753.99,345.859,401.95040000000006,14.01,1.0,13.0,12.0,3.0,3.2,1.0,1.0,4.0,3.0,2.1,1.3199999999999998,1.0,31.0,203.0,172.0,83.9,63.48,31.0,0.82,2.2,1.3800000000000003,1.8330000000000002,0.44980000000000003,2.2,1.0,2.0,1.0,1.2,0.31999999999999995,1.0,0.0,1.0,1.0,0.1,0.18000000000000002,0.0,0.0,7.0,7.0,0.7,1.2599999999999998,0.0,0.0,0.0,0.0,0.0,0.0,0.0,1.0,9.0,8.0,2.0,1.6,1.0,0.0,1.0,1.0,0.8,0.31999999999999995,1.0,0.0,5.0,5.0,0.5,0.9,0.0,0.0,3.0,3.0,0.3,0.54,0.0,0.0,0.0,0.0,0.0,0.0,0.0,1.0,5.0,4.0,1.6,0.9600000000000002,1.0,6.615,73.1066666667,66.4916666667,21.262833333339998,20.737533333343997,6.615,0.0,7.853,7.853,4.711799999999999,3.7694400000000003,7.853,0.0,1.5484712,1.5484712,0.15484712,0.278724816,0.0,194.0,229.0,35.0,204.1,14.139999999999997,194.0,-8.06732606477019,-1.0100490072612784,1,0.8298401477970253
Ca2CoCrH6,1.0,27.0,26.0,9.7,10.440000000000001,1.0,7.0,92.0,85.0,67.3,29.639999999999997,92.0,1.00794,58.933195,57.925255,19.713293500000002,22.4464242,1.00794,14.01,2180.0,2165.99,626.206,734.6351999999999,14.01,1.0,9.0,8.0,2.5,2.0,1.0,1.0,4.0,3.0,2.2,1.44,1.0,31.0,176.0,145.0,80.3,59.15999999999999,31.0,1.0,2.2,1.2000000000000002,1.874,0.3924,2.2,1.0,2.0,1.0,1.3,0.41999999999999993,1.0,0.0,0.0,0.0,0.0,0.0,0.0,0.0,7.0,7.0,1.2,1.92,0.0,0.0,0.0,0.0,0.0,0.0,0.0,1.0,9.0,8.0,2.5,2.0,1.0,0.0,1.0,1.0,0.7,0.41999999999999993,1.0,0.0,0.0,0.0,0.0,0.0,0.0,0.0,5.0,5.0,0.8,1.28,0.0,0.0,0.0,0.0,0.0,0.0,0.0,0.0,6.0,6.0,1.5,1.2,1.0,6.615,37.77,31.155,13.666500000000003,9.6414,6.615,0.0,7.853,7.853,4.711799999999999,3.7694400000000003,7.853,0.0,1.5484712,1.5484712,0.15484712,0.278724816,0.0,194.0,229.0,35.0,203.7,13.579999999999995,194.0,-9.779641451165116,-0.5029890298981172,1,0.8296231837930081
Ca2CrCoH6,1.0,27.0,26.0,9.7,10.440000000000001,1.0,7.0,92.0,85.0,67.3,29.639999999999997,92.0,1.00794,58.933195,57.925255,19.713293500000002,22.4464242,1.00794,14.01,2180.0,2165.99,626.206,734.6351999999999,14.01,1.0,9.0,8.0,2.5,2.0,1.0,1.0,4.0,3.0,2.2,1.44,1.0,31.0,176.0,145.0,80.3,59.15999999999999,31.0,1.0,2.2,1.2000000000000002,1.874,0.3924,2.2,1.0,2.0,1.0,1.3,0.42000000000000004,1.0,0.0,0.0,0.0,0.0,0.0,0.0,0.0,7.0,7.0,1.2,1.92,0.0,0.0,0.0,0.0,0.0,0.0,0.0,1.0,9.0,8.0,2.5,2.0,1.0,0.0,1.0,1.0,0.7,0.42000000000000004,1.0,0.0,0.0,0.0,0.0,0.0,0.0,0.0,5.0,5.0,0.8,1.28,0.0,0.0,0.0,0.0,0.0,0.0,0.0,0.0,6.0,6.0,1.5,1.2,1.0,6.615,37.77,31.155,13.666500000000003,9.6414,6.615,0.0,7.853,7.853,4.711799999999999,3.7694400000000003,7.853,0.0,1.5484712,1.5484712,0.15484712,0.278724816,0.0,194.0,229.0,35.0,203.7,13.579999999999995,194.0,-9.779641451165116,-0.5029890298981174,1,0.8296231837930081
Na2CoScH6,1.0,27.0,26.0,7.6,7.919999999999999,1.0,2.0,92.0,90.0,62.5,35.4,92.0,1.00794,58.933195,57.925255,15.591628556,17.500426267199998,1.00794,14.01,1814.0,1799.99,440.78000000000003,540.0880000000001,14.01,1.0,9.0,8.0,2.0,1.6,1.0,1.0,4.0,3.0,2.0,1.2,1.0,31.0,170.0,139.0,81.4,60.48,31.0,0.93,2.2,1.27,1.83,0.45400000000000007,2.2,1.0,2.0,1.0,1.2,0.31999999999999995,1.0,0.0,0.0,0.0,0.0,0.0,0.0,0.0,7.0,7.0,0.8,1.28,0.0,0.0,0.0,0.0,0.0,0.0,0.0,1.0,9.0,8.0,2.0,1.6,1.0,0.0,1.0,1.0,0.8,0.31999999999999995,1.0,0.0,0.0,0.0,0.0,0.0,0.0,0.0,9.0,9.0,1.2,1.92,0.0,0.0,0.0,0.0,0.0,0.0,0.0,1.0,9.0,8.0,2.0,1.6,1.0,6.615,29.2433333333,22.6283333333,13.065666666660002,8.304933333324001,6.615,0.0,7.853,7.853,4.711799999999999,3.7694400000000003,7.853,0.0,1.5484712,1.5484712,0.154847755,0.278724689,0.0,194.0,229.0,35.0,201.0,11.2,194.0,-10.159931615315969,-0.38324569483015153,1,0.8291203187190345
Na2ScCoH6,1.0,27.0,26.0,7.6,7.919999999999999,1.0,2.0,92.0,90.0,62.5,35.4,92.0,1.00794,58.933195,57.925255,15.591628556,17.500426267199998,1.00794,14.01,1814.0,1799.99,440.78000000000003,540.0880000000001,14.01,1.0,9.0,8.0,2.0,1.6,1.0,1.0,4.0,3.0,2.0,1.2,1.0,31.0,170.0,139.0,81.4,60.48,31.0,0.93,2.2,1.27,1.83,0.45400000000000007,2.2,1.0,2.0,1.0,1.2,0.31999999999999995,1.0,0.0,0.0,0.0,0.0,0.0,0.0,0.0,7.0,7.0,0.8,1.28,0.0,0.0,0.0,0.0,0.0,0.0,0.0,1.0,9.0,8.0,2.0,1.6,1.0,0.0,1.0,1.0,0.8,0.31999999999999995,1.0,0.0,0.0,0.0,0.0,0.0,0.0,0.0,9.0,9.0,1.2,1.92,0.0,0.0,0.0,0.0,0.0,0.0,0.0,1.0,9.0,8.0,2.0,1.6,1.0,6.615,29.2433333333,22.6283333333,13.065666666660002,8.304933333324001,6.615,0.0,7.853,7.853,4.711799999999999,3.7694400000000003,7.853,0.0,1.5484712,1.5484712,0.154847755,0.278724689,0.0,194.0,229.0,35.0,201.0,11.2,194.0,-10.159931615315969,-0.38324569483015153,1,0.8291203187190345
K2TiCuH6,1.0,29.0,28.0,9.5,10.2,1.0,3.0,92.0,89.0,66.5,30.6,92.0,1.00794,63.546,62.53806,19.565724,22.2693408,1.00794,14.01,1941.0,1926.99,405.589,497.51840000000004,14.01,1.0,11.0,10.0,2.3,2.0799999999999996,1.0,1.0,4.0,3.0,2.2,1.44,1.0,31.0,203.0,172.0,88.4,68.88,31.0,0.82,2.2,1.3800000000000003,1.828,0.46080000000000004,2.2,1.0,2.0,1.0,1.1,0.18000000000000008,1.0,0.0,0.0,0.0,0.0,0.0,0.0,0.0,10.0,10.0,1.2,1.92,0.0,0.0,0.0,0.0,0.0,0.0,0.0,1.0,11.0,10.0,2.3,2.0799999999999996,1.0,0.0,1.0,1.0,0.9,0.18,1.0,0.0,0.0,0.0,0.0,0.0,0.0,0.0,8.0,8.0,0.8,1.4400000000000002,0.0,0.0,0.0,0.0,0.0,0.0,0.0,1.0,8.0,7.0,1.7,1.2599999999999998,1.0,6.615,73.1066666667,66.4916666667,21.36633333334,20.696133333344,6.615,0.0,7.853,7.853,4.711799999999999,3.7694400000000003,7.853,0.0,2.25333333333e-05,2.25333333333e-05,2.25333333333e-06,4.055999999994e-06,0.0,194.0,229.0,35.0,204.1,14.139999999999997,194.0,-10.44120638286011,0.9465151037682734,1,0.8280889688020663
K2CuTiH6,1.0,29.0,28.0,9.5,10.2,1.0,3.0,92.0,89.0,66.5,30.6,92.0,1.00794,63.546,62.53806,19.565724,22.269340800000002,1.00794,14.01,1941.0,1926.99,405.589,497.51840000000004,14.01,1.0,11.0,10.0,2.3,2.0799999999999996,1.0,1.0,4.0,3.0,2.2,1.44,1.0,31.0,203.0,172.0,88.4,68.88,31.0,0.82,2.2,1.3800000000000003,1.828,0.46080000000000004,2.2,1.0,2.0,1.0,1.1,0.18000000000000008,1.0,0.0,0.0,0.0,0.0,0.0,0.0,0.0,10.0,10.0,1.2,1.9200000000000004,0.0,0.0,0.0,0.0,0.0,0.0,0.0,1.0,11.0,10.0,2.3,2.0799999999999996,1.0,0.0,1.0,1.0,0.9,0.18,1.0,0.0,0.0,0.0,0.0,0.0,0.0,0.0,8.0,8.0,0.8,1.4400000000000002,0.0,0.0,0.0,0.0,0.0,0.0,0.0,1.0,8.0,7.0,1.7,1.2599999999999998,1.0,6.615,73.1066666667,66.4916666667,21.36633333334,20.696133333344,6.615,0.0,7.853,7.853,4.711799999999999,3.7694400000000003,7.853,0.0,2.25333333333e-05,2.25333333333e-05,2.25333333333e-06,4.055999999993999e-06,0.0,194.0,229.0,35.0,204.1,14.139999999999997,194.0,-10.44120638286011,0.9465151037682734,1,0.8280889688020663
Ca2CuMnH6,1.0,29.0,28.0,10.0,10.8,1.0,7.0,92.0,85.0,68.2,28.560000000000002,92.0,1.00794,63.546,62.53806,20.4687685,23.3529942,1.00794,14.01,1519.0,1504.99,519.0830000000001,606.0876000000001,14.01,1.0,11.0,10.0,2.8,2.4799999999999995,1.0,1.0,4.0,3.0,2.2,1.44,1.0,31.0,176.0,145.0,80.9,59.879999999999995,31.0,1.0,2.2,1.2000000000000002,1.8650000000000002,0.409,2.2,1.0,2.0,1.0,1.3,0.42000000000000004,1.0,0.0,0.0,0.0,0.0,0.0,0.0,0.0,10.0,10.0,1.5,2.4,0.0,0.0,0.0,0.0,0.0,0.0,0.0,1.0,11.0,10.0,2.8,2.4799999999999995,1.0,0.0,1.0,1.0,0.7,0.42000000000000004,1.0,0.0,0.0,0.0,0.0,0.0,0.0,0.0,5.0,5.0,0.5,0.9,0.0,0.0,0.0,0.0,0.0,0.0,0.0,0.0,5.0,5.0,1.2,0.76,1.0,6.615,37.77,31.155,13.678758620690001,9.636496551724,6.615,0.0,7.853,7.853,4.711799999999999,3.7694400000000003,7.853,0.0,0.000310120689655,0.000310120689655,3.10120689655e-05,5.58217241379e-05,0.0,194.0,225.0,31.0,205.6,13.919999999999998,194.0,-9.11645808544686,-0.5228890196494085,1,0.8271321283680979
Ca2MnCuH6,1.0,29.0,28.0,10.0,10.8,1.0,7.0,92.0,85.0,68.2,28.560000000000002,92.0,1.00794,63.546,62.53806,20.4687685,23.3529942,1.00794,14.01,1519.0,1504.99,519.0830000000001,606.0876000000001,14.01,1.0,11.0,10.0,2.8,2.4799999999999995,1.0,1.0,4.0,3.0,2.2,1.44,1.0,31.0,176.0,145.0,80.9,59.879999999999995,31.0,1.0,2.2,1.2000000000000002,1.8649999999999998,0.40900000000000014,2.2,1.0,2.0,1.0,1.3,0.41999999999999993,1.0,0.0,0.0,0.0,0.0,0.0,0.0,0.0,10.0,10.0,1.5,2.4,0.0,0.0,0.0,0.0,0.0,0.0,0.0,1.0,11.0,10.0,2.8,2.4799999999999995,1.0,0.0,1.0,1.0,0.7,0.41999999999999993,1.0,0.0,0.0,0.0,0.0,0.0,0.0,0.0,5.0,5.0,0.5,0.9,0.0,0.0,0.0,0.0,0.0,0.0,0.0,0.0,5.0,5.0,1.2,0.76,1.0,6.615,37.77,31.155,13.678758620690001,9.636496551724,6.615,0.0,7.853,7.853,4.711799999999999,3.7694400000000003,7.853,0.0,0.000310120689655,0.000310120689655,3.10120689655e-05,5.58217241379e-05,0.0,194.0,225.0,31.0,205.6,13.919999999999998,194.0,-9.11645808544686,-0.5228890196494083,1,0.8271321283680979
Rb2CrCoH6,1.0,37.0,36.0,13.1,14.52,1.0,4.0,92.0,88.0,66.7,30.360000000000003,92.0,1.00794,85.4678,84.45985999999999,28.7912535,33.3399762,1.00794,14.01,2180.0,2165.99,465.69800000000004,603.3208000000001,14.01,1.0,9.0,8.0,2.3,2.0799999999999996,1.0,1.0,5.0,4.0,2.4,1.6799999999999997,1.0,31.0,220.0,189.0,89.1,69.72,31.0,0.82,2.2,1.3800000000000003,1.8380000000000003,0.4427999999999999,2.2,1.0,2.0,1.0,1.1,0.18000000000000008,1.0,0.0,0.0,0.0,0.0,0.0,0.0,0.0,7.0,7.0,1.2,1.92,0.0,0.0,0.0,0.0,0.0,0.0,0.0,1.0,9.0,8.0,2.3,2.0799999999999996,1.0,0.0,1.0,1.0,0.9,0.18,1.0,0.0,0.0,0.0,0.0,0.0,0.0,0.0,5.0,5.0,0.8,1.28,0.0,0.0,0.0,0.0,0.0,0.0,0.0,1.0,6.0,5.0,1.7,1.1199999999999999,1.0,6.615,90.7225,84.1075,24.256999999999998,26.586199999999998,6.615,0.0,7.853,7.853,4.711799999999999,3.7694400000000003,7.853,0.0,1.5484712,1.5484712,0.15484712,0.278724816,0.0,194.0,229.0,35.0,204.5,14.7,194.0,-11.423505098511166,2.2555427132366797,1,0.8266293073380083
Rb2CoCrH6,1.0,37.0,36.0,13.1,14.52,1.0,4.0,92.0,88.0,66.7,30.360000000000003,92.0,1.00794,85.4678,84.45985999999999,28.7912535,33.3399762,1.00794,14.01,2180.0,2165.99,465.69800000000004,603.3208000000001,14.01,1.0,9.0,8.0,2.3,2.0799999999999996,1.0,1.0,5.0,4.0,2.4,1.6799999999999997,1.0,31.0,220.0,189.0,89.1,69.72,31.0,0.82,2.2,1.3800000000000003,1.8380000000000003,0.44279999999999997,2.2,1.0,2.0,1.0,1.1,0.18000000000000008,1.0,0.0,0.0,0.0,0.0,0.0,0.0,0.0,7.0,7.0,1.2,1.92,0.0,0.0,0.0,0.0,0.0,0.0,0.0,1.0,9.0,8.0,2.3,2.0799999999999996,1.0,0.0,1.0,1.0,0.9,0.18,1.0,0.0,0.0,0.0,0.0,0.0,0.0,0.0,5.0,5.0,0.8,1.28,0.0,0.0,0.0,0.0,0.0,0.0,0.0,1.0,6.0,5.0,1.7,1.1199999999999999,1.0,6.615,90.7225,84.1075,24.256999999999998,26.586199999999998,6.615,0.0,7.853,7.853,4.711799999999999,3.7694400000000003,7.853,0.0,1.5484712,1.5484712,0.15484712,0.278724816,0.0,194.0,229.0,35.0,204.5,14.7,194.0,-11.423505098511166,2.2555427132366797,1,0.8266293073380083
Rb2NiTiH6,1.0,37.0,36.0,13.0,14.4,1.0,4.0,92.0,88.0,66.4,30.72,92.0,1.00794,85.4678,84.45985999999999,28.354363999999997,32.815708799999996,1.00794,14.01,1941.0,1926.99,437.79800000000006,558.6808000000001,14.01,1.0,10.0,9.0,2.2,1.9200000000000004,1.0,1.0,5.0,4.0,2.4,1.6799999999999997,1.0,31.0,220.0,189.0,91.0,72.0,31.0,0.82,2.2,1.3800000000000003,1.829,0.4614000000000001,2.2,1.0,2.0,1.0,1.2,0.31999999999999995,1.0,0.0,0.0,0.0,0.0,0.0,0.0,0.0,8.0,8.0,1.0,1.6,0.0,0.0,0.0,0.0,0.0,0.0,0.0,1.0,10.0,9.0,2.2,1.9200000000000004,1.0,0.0,1.0,1.0,0.8,0.31999999999999995,1.0,0.0,0.0,0.0,0.0,0.0,0.0,0.0,8.0,8.0,1.0,1.6,0.0,0.0,0.0,0.0,0.0,0.0,0.0,1.0,8.0,7.0,1.8,1.28,1.0,6.615,90.7225,84.1075,24.8145,26.3632,6.615,0.0,7.853,7.853,4.711799999999999,3.7694400000000003,7.853,0.0,0.5953947,0.5953947,0.05954172333333334,0.10717059533333335,0.0,194.0,229.0,35.0,204.1,14.139999999999997,194.0,-11.177016302962741,2.3416766007268963,1,0.8263087885985749
Rb2MnVH6,1.0,37.0,36.0,12.8,14.160000000000002,1.0,4.0,92.0,88.0,65.8,31.439999999999998,92.0,1.00794,85.4678,84.45985999999999,28.2862785,32.734006199999996,1.00794,14.01,2183.0,2168.99,441.09800000000007,563.9608000000001,14.01,1.0,7.0,6.0,2.0,1.6,1.0,1.0,5.0,4.0,2.4,1.6799999999999997,1.0,31.0,220.0,189.0,91.8,72.96,31.0,0.82,2.2,1.3800000000000003,1.8020000000000003,0.47760000000000014,2.2,1.0,2.0,1.0,1.2,0.31999999999999995,1.0,0.0,0.0,0.0,0.0,0.0,0.0,0.0,5.0,5.0,0.8,1.28,0.0,0.0,0.0,0.0,0.0,0.0,0.0,1.0,7.0,6.0,2.0,1.6,1.0,0.0,1.0,1.0,0.8,0.31999999999999995,1.0,0.0,0.0,0.0,0.0,0.0,0.0,0.0,7.0,7.0,1.2,1.92,0.0,0.0,0.0,0.0,0.0,0.0,0.0,1.0,7.0,6.0,2.0,1.6,1.0,6.615,90.7225,84.1075,24.46325862069,26.503696551723998,6.615,0.0,7.853,7.853,4.711799999999999,3.7694400000000003,7.853,0.0,0.000310120689655,0.000310120689655,3.10120689655e-05,5.58217241379e-05,0.0,194.0,229.0,35.0,206.8,15.360000000000003,194.0,-11.511178333248195,2.1102118749150582,1,0.8263087885985749
Rb2VMnH6,1.0,37.0,36.0,12.8,14.160000000000002,1.0,4.0,92.0,88.0,65.8,31.439999999999998,92.0,1.00794,85.4678,84.45985999999999,28.286278499999998,32.734006199999996,1.00794,14.01,2183.0,2168.99,441.09800000000007,563.9608000000001,14.01,1.0,7.0,6.0,2.0,1.6,1.0,1.0,5.0,4.0,2.4,1.6799999999999997,1.0,31.0,220.0,189.0,91.8,72.96,31.0,0.82,2.2,1.3800000000000003,1.802,0.4776000000000001,2.2,1.0,2.0,1.0,1.2,0.31999999999999995,1.0,0.0,0.0,0.0,0.0,0.0,0.0,0.0,5.0,5.0,0.8,1.28,0.0,0.0,0.0,0.0,0.0,0.0,0.0,1.0,7.0,6.0,2.0,1.6,1.0,0.0,1.0,1.0,0.8,0.31999999999999995,1.0,0.0,0.0,0.0,0.0,0.0,0.0,0.0,7.0,7.0,1.2,1.92,0.0,0.0,0.0,0.0,0.0,0.0,0.0,1.0,7.0,6.0,2.0,1.6,1.0,6.615,90.7225,84.1075,24.46325862069,26.503696551723998,6.615,0.0,7.853,7.853,4.711799999999999,3.7694400000000003,7.853,0.0,0.000310120689655,0.000310120689655,3.10120689655e-05,5.58217241379e-05,0.0,194.0,229.0,35.0,206.8,15.360000000000003,194.0,-11.511178333248195,2.1102118749150582,1,0.8263087885985749
Rb2TiNiH6,1.0,37.0,36.0,13.0,14.4,1.0,4.0,92.0,88.0,66.4,30.72,92.0,1.00794,85.4678,84.45985999999999,28.354363999999997,32.815708799999996,1.00794,14.01,1941.0,1926.99,437.79800000000006,558.6808000000001,14.01,1.0,10.0,9.0,2.2,1.9200000000000004,1.0,1.0,5.0,4.0,2.4,1.6799999999999997,1.0,31.0,220.0,189.0,91.0,72.0,31.0,0.82,2.2,1.3800000000000003,1.829,0.4614000000000001,2.2,1.0,2.0,1.0,1.2,0.31999999999999995,1.0,0.0,0.0,0.0,0.0,0.0,0.0,0.0,8.0,8.0,1.0,1.6,0.0,0.0,0.0,0.0,0.0,0.0,0.0,1.0,10.0,9.0,2.2,1.9200000000000004,1.0,0.0,1.0,1.0,0.8,0.31999999999999995,1.0,0.0,0.0,0.0,0.0,0.0,0.0,0.0,8.0,8.0,1.0,1.6,0.0,0.0,0.0,0.0,0.0,0.0,0.0,1.0,8.0,7.0,1.8,1.28,1.0,6.615,90.7225,84.1075,24.8145,26.363199999999996,6.615,0.0,7.853,7.853,4.711799999999999,3.7694400000000003,7.853,0.0,0.5953947,0.5953947,0.05954172333333334,0.10717059533333335,0.0,194.0,229.0,35.0,204.1,14.139999999999997,194.0,-11.177016302962741,2.3416766007268963,1,0.8263087885985749
K2CoCuH6,1.0,29.0,28.0,10.0,10.8,1.0,3.0,92.0,89.0,68.0,28.8,92.0,1.00794,63.546,62.53806,20.6723435,23.597284199999997,1.00794,14.01,1768.0,1753.99,388.289,469.8384,14.01,1.0,11.0,10.0,2.8,2.88,1.0,1.0,4.0,3.0,2.2,1.44,1.0,31.0,203.0,172.0,85.0,64.8,31.0,0.82,2.2,1.3800000000000003,1.862,0.4168000000000001,2.2,1.0,2.0,1.0,1.1,0.18000000000000008,1.0,0.0,0.0,0.0,0.0,0.0,0.0,0.0,10.0,10.0,1.7,2.7199999999999998,0.0,0.0,0.0,0.0,0.0,0.0,0.0,1.0,11.0,10.0,2.8,2.88,1.0,0.0,1.0,1.0,0.9,0.18,1.0,0.0,0.0,0.0,0.0,0.0,0.0,0.0,3.0,3.0,0.3,0.54,0.0,0.0,0.0,0.0,0.0,0.0,0.0,1.0,3.0,2.0,1.2,0.36,1.0,6.615,73.1066666667,66.4916666667,20.721833333339998,20.953933333343997,6.615,0.0,7.853,7.853,4.711799999999999,3.7694400000000003,7.853,0.0,1.5484712,1.5484712,0.15484712,0.278724816,0.0,194.0,229.0,35.0,204.1,14.139999999999997,194.0,-10.025894855760395,0.5091162927816273,1,0.825210716387848
K2CuCoH6,1.0,29.0,28.0,10.0,10.8,1.0,3.0,92.0,89.0,68.0,28.8,92.0,1.00794,63.546,62.53806,20.6723435,23.5972842,1.00794,14.01,1768.0,1753.99,388.289,469.8384,14.01,1.0,11.0,10.0,2.8,2.88,1.0,1.0,4.0,3.0,2.2,1.44,1.0,31.0,203.0,172.0,85.0,64.8,31.0,0.82,2.2,1.3800000000000003,1.862,0.4168000000000001,2.2,1.0,2.0,1.0,1.1,0.18000000000000008,1.0,0.0,0.0,0.0,0.0,0.0,0.0,0.0,10.0,10.0,1.7,2.7199999999999998,0.0,0.0,0.0,0.0,0.0,0.0,0.0,1.0,11.0,10.0,2.8,2.88,1.0,0.0,1.0,1.0,0.9,0.18,1.0,0.0,0.0,0.0,0.0,0.0,0.0,0.0,3.0,3.0,0.3,0.54,0.0,0.0,0.0,0.0,0.0,0.0,0.0,1.0,3.0,2.0,1.2,0.36,1.0,6.615,73.1066666667,66.4916666667,20.721833333339998,20.953933333343997,6.615,0.0,7.853,7.853,4.711799999999999,3.7694400000000003,7.853,0.0,1.5484712,1.5484712,0.15484712,0.278724816,0.0,194.0,229.0,35.0,204.1,14.139999999999997,194.0,-10.025894855760395,0.5091162927816273,1,0.825210716387848
Na2MnScH6,1.0,25.0,24.0,7.4,7.6800000000000015,1.0,2.0,92.0,90.0,61.9,36.120000000000005,92.0,1.00794,54.938045,53.930105000000005,15.192113555999999,17.0210082672,1.00794,14.01,1814.0,1799.99,415.88,500.24799999999993,14.01,1.0,7.0,6.0,1.8,1.28,1.0,1.0,4.0,3.0,2.0,1.2,1.0,31.0,170.0,139.0,82.7,62.040000000000006,31.0,0.93,2.2,1.27,1.7970000000000002,0.48360000000000003,2.2,1.0,2.0,1.0,1.2,0.31999999999999995,1.0,0.0,0.0,0.0,0.0,0.0,0.0,0.0,5.0,5.0,0.6,0.9600000000000002,0.0,0.0,0.0,0.0,0.0,0.0,0.0,1.0,7.0,6.0,1.8,1.28,1.0,0.0,1.0,1.0,0.8,0.31999999999999995,1.0,0.0,0.0,0.0,0.0,0.0,0.0,0.0,9.0,9.0,1.4,2.2399999999999998,0.0,0.0,0.0,0.0,0.0,0.0,0.0,1.0,9.0,8.0,2.2,1.9200000000000004,1.0,6.615,29.2433333333,22.6283333333,13.089925287350002,8.29037816091,6.615,0.0,7.853,7.853,4.711799999999999,3.7694400000000003,7.853,0.0,0.000310120689655,0.000310120689655,3.16470689655e-05,5.5694724137900006e-05,0.0,194.0,229.0,35.0,203.3,13.020000000000005,194.0,-10.262459010523798,-0.6073062129923116,1,0.8249623828903685
Na2ScMnH6,1.0,25.0,24.0,7.4,7.6800000000000015,1.0,2.0,92.0,90.0,61.9,36.120000000000005,92.0,1.00794,54.938045,53.930105000000005,15.192113555999999,17.0210082672,1.00794,14.01,1814.0,1799.99,415.88,500.24799999999993,14.01,1.0,7.0,6.0,1.8,1.28,1.0,1.0,4.0,3.0,2.0,1.2,1.0,31.0,170.0,139.0,82.7,62.040000000000006,31.0,0.93,2.2,1.27,1.7970000000000002,0.48360000000000003,2.2,1.0,2.0,1.0,1.2,0.31999999999999995,1.0,0.0,0.0,0.0,0.0,0.0,0.0,0.0,5.0,5.0,0.6,0.96,0.0,0.0,0.0,0.0,0.0,0.0,0.0,1.0,7.0,6.0,1.8,1.28,1.0,0.0,1.0,1.0,0.8,0.31999999999999995,1.0,0.0,0.0,0.0,0.0,0.0,0.0,0.0,9.0,9.0,1.4,2.2399999999999998,0.0,0.0,0.0,0.0,0.0,0.0,0.0,1.0,9.0,8.0,2.2,1.9200000000000004,1.0,6.615,29.2433333333,22.6283333333,13.089925287350002,8.29037816091,6.615,0.0,7.853,7.853,4.711799999999999,3.7694400000000003,7.853,0.0,0.000310120689655,0.000310120689655,3.16470689655e-05,5.5694724137900006e-05,0.0,194.0,229.0,35.0,203.3,13.020000000000005,194.0,-10.262459010523798,-0.6073062129923116,1,0.8249623828903685
Ca2CrMnH6,1.0,25.0,24.0,9.5,10.2,1.0,7.0,92.0,85.0,66.7,30.360000000000003,92.0,1.00794,54.938045,53.930105000000005,19.3137785,21.967006200000004,1.00794,14.01,2180.0,2165.99,601.306,704.7552,14.01,1.0,7.0,6.0,2.3,1.6799999999999997,1.0,1.0,4.0,3.0,2.2,1.44,1.0,31.0,176.0,145.0,81.6,60.720000000000006,31.0,1.0,2.2,1.2000000000000002,1.841,0.4308000000000002,2.2,1.0,2.0,1.0,1.3,0.42000000000000004,1.0,0.0,0.0,0.0,0.0,0.0,0.0,0.0,5.0,5.0,1.0,1.6,0.0,0.0,0.0,0.0,0.0,0.0,0.0,1.0,7.0,6.0,2.3,1.6799999999999997,1.0,0.0,1.0,1.0,0.7,0.42000000000000004,1.0,0.0,0.0,0.0,0.0,0.0,0.0,0.0,5.0,5.0,1.0,1.6,0.0,0.0,0.0,0.0,0.0,0.0,0.0,0.0,6.0,6.0,1.7,1.52,1.0,6.615,37.77,31.155,13.690758620690001,9.631696551724001,6.615,0.0,7.853,7.853,4.711799999999999,3.7694400000000003,7.853,0.0,0.000310120689655,0.000310120689655,3.10120689655e-05,5.58217241379e-05,0.0,194.0,229.0,35.0,206.0,14.4,194.0,-9.883049426797555,-0.7253304063721904,1,0.8246462793459068
Ca2MnCrH6,1.0,25.0,24.0,9.5,10.2,1.0,7.0,92.0,85.0,66.7,30.360000000000003,92.0,1.00794,54.938045,53.930105000000005,19.3137785,21.967006200000004,1.00794,14.01,2180.0,2165.99,601.306,704.7552,14.01,1.0,7.0,6.0,2.3,1.6799999999999997,1.0,1.0,4.0,3.0,2.2,1.44,1.0,31.0,176.0,145.0,81.6,60.720000000000006,31.0,1.0,2.2,1.2000000000000002,1.841,0.4308000000000002,2.2,1.0,2.0,1.0,1.3,0.41999999999999993,1.0,0.0,0.0,0.0,0.0,0.0,0.0,0.0,5.0,5.0,1.0,1.6,0.0,0.0,0.0,0.0,0.0,0.0,0.0,1.0,7.0,6.0,2.3,1.6799999999999997,1.0,0.0,1.0,1.0,0.7,0.41999999999999993,1.0,0.0,0.0,0.0,0.0,0.0,0.0,0.0,5.0,5.0,1.0,1.6,0.0,0.0,0.0,0.0,0.0,0.0,0.0,0.0,6.0,6.0,1.7,1.52,1.0,6.615,37.77,31.155,13.690758620690001,9.631696551724001,6.615,0.0,7.853,7.853,4.711799999999999,3.7694400000000003,7.853,0.0,0.000310120689655,0.000310120689655,3.10120689655e-05,5.58217241379e-05,0.0,194.0,229.0,35.0,206.0,14.4,194.0,-9.883049426797555,-0.7253304063721902,1,0.8246462793459068
Ca2VNiH6,1.0,28.0,27.0,9.7,10.440000000000001,1.0,7.0,92.0,85.0,67.3,29.639999999999997,92.0,1.00794,58.6934,57.68546,19.583854,22.2910968,1.00794,14.01,2183.0,2168.99,622.5060000000001,730.1952,14.01,1.0,10.0,9.0,2.5,2.0,1.0,1.0,4.0,3.0,2.2,1.44,1.0,31.0,176.0,145.0,81.5,60.6,31.0,1.0,2.2,1.2000000000000002,1.874,0.3984000000000001,2.2,1.0,2.0,1.0,1.4,0.48,1.0,0.0,0.0,0.0,0.0,0.0,0.0,0.0,8.0,8.0,1.1,1.7600000000000002,0.0,0.0,0.0,0.0,0.0,0.0,0.0,1.0,10.0,9.0,2.5,2.0,1.0,0.0,1.0,1.0,0.6,0.4800000000000001,1.0,0.0,0.0,0.0,0.0,0.0,0.0,0.0,7.0,7.0,0.9,1.44,0.0,0.0,0.0,0.0,0.0,0.0,0.0,0.0,7.0,7.0,1.5,1.2,1.0,6.615,37.77,31.155,13.856,9.5656,6.615,0.0,7.853,7.853,4.711799999999999,3.7694400000000003,7.853,0.0,0.5953947,0.5953947,0.059539470000000004,0.107171046,0.0,194.0,229.0,35.0,206.8,15.360000000000003,194.0,-9.458005758755421,-0.4077465710448388,1,0.8240055865002839
Ca2NiVH6,1.0,28.0,27.0,9.7,10.440000000000001,1.0,7.0,92.0,85.0,67.3,29.639999999999997,92.0,1.00794,58.6934,57.68546,19.583854,22.2910968,1.00794,14.01,2183.0,2168.99,622.5060000000001,730.1952,14.01,1.0,10.0,9.0,2.5,2.0,1.0,1.0,4.0,3.0,2.2,1.44,1.0,31.0,176.0,145.0,81.5,60.6,31.0,1.0,2.2,1.2000000000000002,1.874,0.3984000000000001,2.2,1.0,2.0,1.0,1.4,0.48,1.0,0.0,0.0,0.0,0.0,0.0,0.0,0.0,8.0,8.0,1.1,1.7600000000000002,0.0,0.0,0.0,0.0,0.0,0.0,0.0,1.0,10.0,9.0,2.5,2.0,1.0,0.0,1.0,1.0,0.6,0.4800000000000001,1.0,0.0,0.0,0.0,0.0,0.0,0.0,0.0,7.0,7.0,0.9,1.44,0.0,0.0,0.0,0.0,0.0,0.0,0.0,0.0,7.0,7.0,1.5,1.2,1.0,6.615,37.77,31.155,13.856,9.5656,6.615,0.0,7.853,7.853,4.711799999999999,3.7694400000000003,7.853,0.0,0.5953947,0.5953947,0.059539470000000004,0.107171046,0.0,194.0,229.0,35.0,206.8,15.360000000000003,194.0,-9.458005758755421,-0.4077465710448388,1,0.8240055865002839
K2ScCrH6,1.0,24.0,23.0,8.9,9.48,1.0,3.0,92.0,89.0,61.8,36.239999999999995,92.0,1.00794,51.9961,50.98816,18.1196252,20.534022240000002,1.00794,14.01,2180.0,2165.99,475.11199999999997,608.7552,14.01,1.0,6.0,5.0,1.7,1.1199999999999999,1.0,1.0,4.0,3.0,2.2,1.44,1.0,31.0,203.0,172.0,90.1,70.92,31.0,0.82,2.2,1.3800000000000003,1.786,0.4968000000000001,2.2,1.0,2.0,1.0,1.1,0.18000000000000008,1.0,0.0,0.0,0.0,0.0,0.0,0.0,0.0,5.0,5.0,0.6,0.96,0.0,0.0,0.0,0.0,0.0,0.0,0.0,1.0,6.0,5.0,1.7,1.1199999999999999,1.0,0.0,1.0,1.0,0.9,0.18,1.0,0.0,0.0,0.0,0.0,0.0,0.0,0.0,9.0,9.0,1.4,2.2399999999999998,0.0,0.0,0.0,0.0,0.0,0.0,0.0,1.0,9.0,8.0,2.3,2.0799999999999996,1.0,6.615,73.1066666667,66.4916666667,21.93283333334,20.529966666676,6.615,0.0,7.853,7.853,4.711799999999999,3.7694400000000003,7.853,0.0,6.35e-06,6.35e-06,6.350000000000001e-07,1.1430000000000001e-06,0.0,194.0,229.0,35.0,204.5,14.7,194.0,-11.501815608033272,0.8516828779919616,1,0.8231337281520058
K2CrScH6,1.0,24.0,23.0,8.9,9.48,1.0,3.0,92.0,89.0,61.8,36.239999999999995,92.0,1.00794,51.9961,50.98816,18.1196252,20.534022240000002,1.00794,14.01,2180.0,2165.99,475.11199999999997,608.7552,14.01,1.0,6.0,5.0,1.7,1.1199999999999999,1.0,1.0,4.0,3.0,2.2,1.44,1.0,31.0,203.0,172.0,90.1,70.92,31.0,0.82,2.2,1.3800000000000003,1.786,0.4968000000000001,2.2,1.0,2.0,1.0,1.1,0.18000000000000008,1.0,0.0,0.0,0.0,0.0,0.0,0.0,0.0,5.0,5.0,0.6,0.9600000000000002,0.0,0.0,0.0,0.0,0.0,0.0,0.0,1.0,6.0,5.0,1.7,1.1199999999999999,1.0,0.0,1.0,1.0,0.9,0.18,1.0,0.0,0.0,0.0,0.0,0.0,0.0,0.0,9.0,9.0,1.4,2.2399999999999998,0.0,0.0,0.0,0.0,0.0,0.0,0.0,1.0,9.0,8.0,2.3,2.0799999999999996,1.0,6.615,73.1066666667,66.4916666667,21.93283333334,20.529966666676,6.615,0.0,7.853,7.853,4.711799999999999,3.7694400000000003,7.853,0.0,6.35e-06,6.35e-06,6.350000000000001e-07,1.1430000000000001e-06,0.0,194.0,229.0,35.0,204.5,14.7,194.0,-11.501815608033272,0.8516828779919616,1,0.8231337281520058
Ca2TiCrH6,1.0,24.0,23.0,9.2,9.84,1.0,7.0,92.0,85.0,65.8,31.439999999999998,92.0,1.00794,51.9961,50.98816,18.606673999999998,21.118480799999997,1.00794,14.01,2180.0,2165.99,643.5060000000001,755.3952,14.01,1.0,6.0,5.0,2.0,1.2,1.0,1.0,4.0,3.0,2.2,1.44,1.0,31.0,176.0,145.0,83.7,63.24000000000001,31.0,1.0,2.2,1.2000000000000002,1.8400000000000003,0.43200000000000005,2.2,1.0,2.0,1.0,1.3,0.41999999999999993,1.0,0.0,0.0,0.0,0.0,0.0,0.0,0.0,5.0,5.0,0.7,1.1199999999999999,0.0,0.0,0.0,0.0,0.0,0.0,0.0,1.0,6.0,5.0,2.0,1.2,1.0,0.0,1.0,1.0,0.7,0.41999999999999993,1.0,0.0,0.0,0.0,0.0,0.0,0.0,0.0,8.0,8.0,1.3,2.08,0.0,0.0,0.0,0.0,0.0,0.0,0.0,0.0,8.0,8.0,2.0,2.0,1.0,6.615,37.77,31.155,14.311000000000002,9.859400000000003,6.615,0.0,7.853,7.853,4.711799999999999,3.7694400000000003,7.853,0.0,2.25333333333e-05,2.25333333333e-05,2.25333333333e-06,4.055999999994e-06,0.0,194.0,229.0,35.0,203.7,13.579999999999995,194.0,-10.37540958491477,-0.45795697466117247,1,0.8231204422711229
Ca2CoTiH6,1.0,27.0,26.0,9.5,10.2,1.0,7.0,92.0,85.0,66.7,30.360000000000003,92.0,1.00794,58.933195,57.925255,19.300383500000002,21.9509322,1.00794,14.01,1941.0,1926.99,602.306,705.9552,14.01,1.0,9.0,8.0,2.3,1.6799999999999997,1.0,1.0,4.0,3.0,2.2,1.44,1.0,31.0,176.0,145.0,82.4,61.67999999999999,31.0,1.0,2.2,1.2000000000000002,1.862,0.40920000000000006,2.2,1.0,2.0,1.0,1.4,0.48,1.0,0.0,0.0,0.0,0.0,0.0,0.0,0.0,7.0,7.0,0.9,1.44,0.0,0.0,0.0,0.0,0.0,0.0,0.0,1.0,9.0,8.0,2.3,1.6799999999999997,1.0,0.0,1.0,1.0,0.6,0.4800000000000001,1.0,0.0,0.0,0.0,0.0,0.0,0.0,0.0,8.0,8.0,1.1,1.7600000000000002,0.0,0.0,0.0,0.0,0.0,0.0,0.0,0.0,8.0,8.0,1.7,1.52,1.0,6.615,37.77,31.155,14.216500000000002,9.916100000000002,6.615,0.0,7.853,7.853,4.711799999999999,3.7694400000000003,7.853,0.0,1.5484712,1.5484712,0.15484937333333332,0.27872436533333333,0.0,194.0,225.0,31.0,200.2,9.919999999999993,194.0,-9.924876428489318,-0.2045637078883867,1,0.8231204422711229
Ca2VFeH6,1.0,26.0,25.0,9.5,10.2,1.0,7.0,92.0,85.0,66.7,30.360000000000003,92.0,1.00794,55.845,54.83706,19.299014,21.949288799999998,1.00794,14.01,2183.0,2168.99,630.806,740.1551999999999,14.01,1.0,8.0,7.0,2.3,1.6799999999999997,1.0,1.0,4.0,3.0,2.2,1.44,1.0,31.0,176.0,145.0,82.3,61.55999999999999,31.0,1.0,2.2,1.2000000000000002,1.866,0.4008000000000001,2.2,1.0,2.0,1.0,1.4,0.48,1.0,0.0,0.0,0.0,0.0,0.0,0.0,0.0,6.0,6.0,0.9,1.44,0.0,0.0,0.0,0.0,0.0,0.0,0.0,1.0,8.0,7.0,2.3,1.6799999999999997,1.0,0.0,1.0,1.0,0.6,0.4800000000000001,1.0,0.0,0.0,0.0,0.0,0.0,0.0,0.0,7.0,7.0,1.1,1.7600000000000002,0.0,0.0,0.0,0.0,0.0,0.0,0.0,0.0,7.0,7.0,1.7,1.52,1.0,6.615,37.77,31.155,13.897000000000002,9.549200000000003,6.615,0.0,7.853,7.853,4.711799999999999,3.7694400000000003,7.853,0.0,2.1106628,2.1106628,0.21106628,0.37991930399999996,0.0,194.0,229.0,35.0,207.2,15.839999999999998,194.0,-10.059999954573419,-0.32734968157544375,1,0.8231204422711229
Ca2CrTiH6,1.0,24.0,23.0,9.2,9.84,1.0,7.0,92.0,85.0,65.8,31.439999999999998,92.0,1.00794,51.9961,50.98816,18.606674,21.118480799999997,1.00794,14.01,2180.0,2165.99,643.5060000000001,755.3952,14.01,1.0,6.0,5.0,2.0,1.2,1.0,1.0,4.0,3.0,2.2,1.44,1.0,31.0,176.0,145.0,83.7,63.24000000000001,31.0,1.0,2.2,1.2000000000000002,1.8400000000000003,0.43200000000000005,2.2,1.0,2.0,1.0,1.3,0.42000000000000004,1.0,0.0,0.0,0.0,0.0,0.0,0.0,0.0,5.0,5.0,0.7,1.1199999999999999,0.0,0.0,0.0,0.0,0.0,0.0,0.0,1.0,6.0,5.0,2.0,1.2,1.0,0.0,1.0,1.0,0.7,0.42000000000000004,1.0,0.0,0.0,0.0,0.0,0.0,0.0,0.0,8.0,8.0,1.3,2.08,0.0,0.0,0.0,0.0,0.0,0.0,0.0,0.0,8.0,8.0,2.0,2.0,1.0,6.615,37.77,31.155,14.311000000000002,9.859400000000003,6.615,0.0,7.853,7.853,4.711799999999999,3.7694400000000003,7.853,0.0,2.25333333333e-05,2.25333333333e-05,2.25333333333e-06,4.055999999993999e-06,0.0,194.0,229.0,35.0,203.7,13.579999999999995,194.0,-10.37540958491477,-0.4579569746611727,1,0.8231204422711229
Ca2FeVH6,1.0,26.0,25.0,9.5,10.2,1.0,7.0,92.0,85.0,66.7,30.360000000000003,92.0,1.00794,55.845,54.83706,19.299014,21.949288799999998,1.00794,14.01,2183.0,2168.99,630.806,740.1551999999999,14.01,1.0,8.0,7.0,2.3,1.6799999999999997,1.0,1.0,4.0,3.0,2.2,1.44,1.0,31.0,176.0,145.0,82.3,61.55999999999999,31.0,1.0,2.2,1.2000000000000002,1.866,0.4008000000000001,2.2,1.0,2.0,1.0,1.4,0.48,1.0,0.0,0.0,0.0,0.0,0.0,0.0,0.0,6.0,6.0,0.9,1.44,0.0,0.0,0.0,0.0,0.0,0.0,0.0,1.0,8.0,7.0,2.3,1.6799999999999997,1.0,0.0,1.0,1.0,0.6,0.4800000000000001,1.0,0.0,0.0,0.0,0.0,0.0,0.0,0.0,7.0,7.0,1.1,1.7600000000000002,0.0,0.0,0.0,0.0,0.0,0.0,0.0,0.0,7.0,7.0,1.7,1.52,1.0,6.615,37.77,31.155,13.897000000000002,9.549200000000003,6.615,0.0,7.853,7.853,4.711799999999999,3.7694400000000003,7.853,0.0,2.1106628,2.1106628,0.21106628,0.37991930399999996,0.0,194.0,229.0,35.0,207.2,15.839999999999998,194.0,-10.059999954573419,-0.32734968157544375,1,0.8231204422711229
Ca2TiCoH6,1.0,27.0,26.0,9.5,10.2,1.0,7.0,92.0,85.0,66.7,30.360000000000003,92.0,1.00794,58.933195,57.925255,19.3003835,21.9509322,1.00794,14.01,1941.0,1926.99,602.306,705.9552,14.01,1.0,9.0,8.0,2.3,1.6799999999999997,1.0,1.0,4.0,3.0,2.2,1.44,1.0,31.0,176.0,145.0,82.4,61.67999999999999,31.0,1.0,2.2,1.2000000000000002,1.862,0.40920000000000006,2.2,1.0,2.0,1.0,1.4,0.48,1.0,0.0,0.0,0.0,0.0,0.0,0.0,0.0,7.0,7.0,0.9,1.44,0.0,0.0,0.0,0.0,0.0,0.0,0.0,1.0,9.0,8.0,2.3,1.6799999999999997,1.0,0.0,1.0,1.0,0.6,0.4800000000000001,1.0,0.0,0.0,0.0,0.0,0.0,0.0,0.0,8.0,8.0,1.1,1.7600000000000002,0.0,0.0,0.0,0.0,0.0,0.0,0.0,0.0,8.0,8.0,1.7,1.52,1.0,6.615,37.77,31.155,14.216500000000002,9.916100000000002,6.615,0.0,7.853,7.853,4.711799999999999,3.7694400000000003,7.853,0.0,1.5484712,1.5484712,0.15484937333333332,0.27872436533333333,0.0,194.0,225.0,31.0,200.2,9.919999999999993,194.0,-9.924876428489318,-0.20456370788838682,1,0.8231204422711229
K2FeVH6,1.0,26.0,25.0,9.3,9.959999999999999,1.0,3.0,92.0,89.0,65.9,31.32,92.0,1.00794,55.845,54.83706,19.103074,21.7141608,1.00794,14.01,2183.0,2168.99,475.11199999999997,608.7552,14.01,1.0,8.0,7.0,2.1,1.7600000000000002,1.0,1.0,4.0,3.0,2.2,1.44,1.0,31.0,203.0,172.0,87.7,68.04,31.0,0.82,2.2,1.3800000000000003,1.83,0.4440000000000001,2.2,1.0,2.0,1.0,1.2,0.31999999999999995,1.0,0.0,0.0,0.0,0.0,0.0,0.0,0.0,6.0,6.0,0.9,1.44,0.0,0.0,0.0,0.0,0.0,0.0,0.0,1.0,8.0,7.0,2.1,1.7600000000000002,1.0,0.0,1.0,1.0,0.8,0.31999999999999995,1.0,0.0,0.0,0.0,0.0,0.0,0.0,0.0,7.0,7.0,1.1,1.7600000000000002,0.0,0.0,0.0,0.0,0.0,0.0,0.0,1.0,7.0,6.0,1.9,1.44,1.0,6.615,73.1066666667,66.4916666667,20.964333333339997,20.856933333344,6.615,0.0,7.853,7.853,4.711799999999999,3.7694400000000003,7.853,0.0,2.1106628,2.1106628,0.21106628,0.37991930399999996,0.0,194.0,229.0,35.0,208.0,16.8,194.0,-10.938183085919777,0.6494041501211046,1,0.8226175771971498
K2VFeH6,1.0,26.0,25.0,9.3,9.959999999999999,1.0,3.0,92.0,89.0,65.9,31.32,92.0,1.00794,55.845,54.83706,19.103074,21.7141608,1.00794,14.01,2183.0,2168.99,475.11199999999997,608.7552,14.01,1.0,8.0,7.0,2.1,1.7600000000000002,1.0,1.0,4.0,3.0,2.2,1.44,1.0,31.0,203.0,172.0,87.7,68.04,31.0,0.82,2.2,1.3800000000000003,1.83,0.4440000000000001,2.2,1.0,2.0,1.0,1.2,0.31999999999999995,1.0,0.0,0.0,0.0,0.0,0.0,0.0,0.0,6.0,6.0,0.9,1.44,0.0,0.0,0.0,0.0,0.0,0.0,0.0,1.0,8.0,7.0,2.1,1.7600000000000002,1.0,0.0,1.0,1.0,0.8,0.31999999999999995,1.0,0.0,0.0,0.0,0.0,0.0,0.0,0.0,7.0,7.0,1.1,1.7600000000000002,0.0,0.0,0.0,0.0,0.0,0.0,0.0,1.0,7.0,6.0,1.9,1.44,1.0,6.615,73.1066666667,66.4916666667,20.964333333339997,20.856933333344,6.615,0.0,7.853,7.853,4.711799999999999,3.7694400000000003,7.853,0.0,2.1106628,2.1106628,0.21106628,0.37991930399999996,0.0,194.0,229.0,35.0,208.0,16.8,194.0,-10.938183085919777,0.6494041501211046,1,0.8226175771971498
Na2AlScH6,1.0,21.0,20.0,6.2,6.24,1.0,2.0,92.0,90.0,64.0,35.4,92.0,1.00794,44.955912,43.947972,12.396462916,13.6662274992,1.00794,14.01,1814.0,1799.99,357.327,411.98040000000003,14.01,1.0,13.0,12.0,2.4,2.2399999999999998,1.0,1.0,4.0,3.0,1.9,1.08,1.0,31.0,170.0,139.0,80.9,59.879999999999995,31.0,0.93,2.2,1.27,1.8030000000000002,0.4764000000000001,2.2,1.0,2.0,1.0,1.2,0.31999999999999995,1.0,0.0,1.0,1.0,0.1,0.18000000000000002,0.0,0.0,1.0,1.0,0.1,0.18000000000000002,0.0,0.0,0.0,0.0,0.0,0.0,0.0,1.0,3.0,2.0,1.4,0.6399999999999999,1.0,0.0,1.0,1.0,0.8,0.31999999999999995,1.0,0.0,5.0,5.0,0.5,0.9,0.0,0.0,9.0,9.0,0.9,1.6200000000000003,0.0,0.0,0.0,0.0,0.0,0.0,0.0,1.0,9.0,8.0,2.2,1.9200000000000004,1.0,6.615,29.2433333333,22.6283333333,13.68916666666,8.488999999992,6.615,0.0,7.853,7.853,4.711799999999999,3.7694400000000003,7.853,0.0,6.35e-06,6.35e-06,6.350000000000001e-07,1.1430000000000001e-06,0.0,194.0,229.0,35.0,204.1,14.139999999999997,194.0,-7.769815590646885,-2.337563472423621,1,0.8219930781778938
Na2ScAlH6,1.0,21.0,20.0,6.2,6.24,1.0,2.0,92.0,90.0,64.0,35.4,92.0,1.00794,44.955912,43.947972,12.396462915999999,13.6662274992,1.00794,14.01,1814.0,1799.99,357.327,411.98040000000003,14.01,1.0,13.0,12.0,2.4,2.2399999999999998,1.0,1.0,4.0,3.0,1.9,1.08,1.0,31.0,170.0,139.0,80.9,59.879999999999995,31.0,0.93,2.2,1.27,1.8030000000000002,0.47640000000000005,2.2,1.0,2.0,1.0,1.2,0.31999999999999995,1.0,0.0,1.0,1.0,0.1,0.18000000000000002,0.0,0.0,1.0,1.0,0.1,0.18000000000000002,0.0,0.0,0.0,0.0,0.0,0.0,0.0,1.0,3.0,2.0,1.4,0.6399999999999999,1.0,0.0,1.0,1.0,0.8,0.31999999999999995,1.0,0.0,5.0,5.0,0.5,0.9,0.0,0.0,9.0,9.0,0.9,1.6200000000000003,0.0,0.0,0.0,0.0,0.0,0.0,0.0,1.0,9.0,8.0,2.2,1.9200000000000004,1.0,6.615,29.2433333333,22.6283333333,13.68916666666,8.488999999992,6.615,0.0,7.853,7.853,4.711799999999999,3.7694400000000003,7.853,0.0,6.35e-06,6.35e-06,6.350000000000001e-07,1.1430000000000001e-06,0.0,194.0,229.0,35.0,204.1,14.139999999999997,194.0,-7.7698155906468855,-2.337563472423621,1,0.8219930781778938
Cs2CoMnH6,1.0,55.0,54.0,16.8,18.96,1.0,5.0,92.0,87.0,67.2,29.76,92.0,1.00794,132.9054519,131.8975119,38.57297838,45.078046056000005,1.00794,14.01,1768.0,1753.99,397.424,498.4304,14.01,1.0,9.0,8.0,2.4,2.2399999999999998,1.0,1.0,6.0,5.0,2.6,1.9200000000000004,1.0,31.0,244.0,213.0,93.9,75.47999999999999,31.0,0.79,2.2,1.4100000000000001,1.8210000000000002,0.4666,2.2,1.0,2.0,1.0,1.2,0.31999999999999995,1.0,0.0,0.0,0.0,0.0,0.0,0.0,0.0,7.0,7.0,1.2,1.92,0.0,0.0,0.0,0.0,0.0,0.0,0.0,1.0,9.0,8.0,2.4,2.2399999999999998,1.0,0.0,1.0,1.0,0.8,0.31999999999999995,1.0,0.0,0.0,0.0,0.0,0.0,0.0,0.0,5.0,5.0,0.8,1.28,0.0,0.0,0.0,0.0,0.0,0.0,0.0,1.0,5.0,4.0,1.6,0.9600000000000002,1.0,6.615,115.765,109.15,29.195258620690005,34.62789655172401,6.615,0.0,7.853,7.853,4.711799999999999,3.7694400000000003,7.853,0.0,1.5484712,1.5484712,0.1548781320689655,0.2787186135862069,0.0,194.0,229.0,35.0,203.3,13.020000000000005,194.0,-12.01498405852695,4.164491356727282,1,0.8214596614640581
Cs2MnCoH6,1.0,55.0,54.0,16.8,18.96,1.0,5.0,92.0,87.0,67.2,29.76,92.0,1.00794,132.9054519,131.8975119,38.57297838,45.078046056000005,1.00794,14.01,1768.0,1753.99,397.424,498.4304,14.01,1.0,9.0,8.0,2.4,2.2399999999999998,1.0,1.0,6.0,5.0,2.6,1.9200000000000004,1.0,31.0,244.0,213.0,93.9,75.47999999999999,31.0,0.79,2.2,1.4100000000000001,1.8210000000000002,0.4666,2.2,1.0,2.0,1.0,1.2,0.31999999999999995,1.0,0.0,0.0,0.0,0.0,0.0,0.0,0.0,7.0,7.0,1.2,1.92,0.0,0.0,0.0,0.0,0.0,0.0,0.0,1.0,9.0,8.0,2.4,2.2399999999999998,1.0,0.0,1.0,1.0,0.8,0.31999999999999995,1.0,0.0,0.0,0.0,0.0,0.0,0.0,0.0,5.0,5.0,0.8,1.28,0.0,0.0,0.0,0.0,0.0,0.0,0.0,1.0,5.0,4.0,1.6,0.9600000000000002,1.0,6.615,115.765,109.15,29.195258620690005,34.62789655172401,6.615,0.0,7.853,7.853,4.711799999999999,3.7694400000000003,7.853,0.0,1.5484712,1.5484712,0.1548781320689655,0.2787186135862069,0.0,194.0,229.0,35.0,203.3,13.020000000000005,194.0,-12.01498405852695,4.164491356727282,1,0.8214596614640581
K2CuVH6,1.0,29.0,28.0,9.6,10.319999999999999,1.0,3.0,92.0,89.0,66.8,30.24,92.0,1.00794,63.546,62.53806,19.873174,22.638280799999997,1.00794,14.01,2183.0,2168.99,429.78900000000004,536.2384,14.01,1.0,11.0,10.0,2.4,2.2399999999999998,1.0,1.0,4.0,3.0,2.2,1.44,1.0,31.0,203.0,172.0,87.7,68.04,31.0,0.82,2.2,1.3800000000000003,1.8370000000000002,0.4482000000000001,2.2,1.0,2.0,1.0,1.1,0.18000000000000008,1.0,0.0,0.0,0.0,0.0,0.0,0.0,0.0,10.0,10.0,1.3,2.0799999999999996,0.0,0.0,0.0,0.0,0.0,0.0,0.0,1.0,11.0,10.0,2.4,2.2399999999999998,1.0,0.0,1.0,1.0,0.9,0.18,1.0,0.0,0.0,0.0,0.0,0.0,0.0,0.0,7.0,7.0,0.7,1.2599999999999998,0.0,0.0,0.0,0.0,0.0,0.0,0.0,1.0,7.0,6.0,1.6,1.08,1.0,6.615,73.1066666667,66.4916666667,20.998333333339996,20.843333333343995,6.615,0.0,7.853,7.853,4.711799999999999,3.7694400000000003,7.853,0.0,0.0,0.0,0.0,0.0,0.0,194.0,229.0,35.0,207.6,16.32,194.0,-10.319453002638669,0.8004201223647213,1,0.821237218510805
K2VCuH6,1.0,29.0,28.0,9.6,10.319999999999999,1.0,3.0,92.0,89.0,66.8,30.24,92.0,1.00794,63.546,62.53806,19.873174,22.638280799999997,1.00794,14.01,2183.0,2168.99,429.78900000000004,536.2384,14.01,1.0,11.0,10.0,2.4,2.2399999999999998,1.0,1.0,4.0,3.0,2.2,1.44,1.0,31.0,203.0,172.0,87.7,68.04,31.0,0.82,2.2,1.3800000000000003,1.8370000000000002,0.4482000000000001,2.2,1.0,2.0,1.0,1.1,0.18000000000000008,1.0,0.0,0.0,0.0,0.0,0.0,0.0,0.0,10.0,10.0,1.3,2.08,0.0,0.0,0.0,0.0,0.0,0.0,0.0,1.0,11.0,10.0,2.4,2.2399999999999998,1.0,0.0,1.0,1.0,0.9,0.18,1.0,0.0,0.0,0.0,0.0,0.0,0.0,0.0,7.0,7.0,0.7,1.2599999999999998,0.0,0.0,0.0,0.0,0.0,0.0,0.0,1.0,7.0,6.0,1.6,1.08,1.0,6.615,73.1066666667,66.4916666667,20.998333333339996,20.843333333343995,6.615,0.0,7.853,7.853,4.711799999999999,3.7694400000000003,7.853,0.0,0.0,0.0,0.0,0.0,0.0,194.0,229.0,35.0,207.6,16.32,194.0,-10.319453002638669,0.8004201223647213,1,0.821237218510805
Ca2CuVH6,1.0,29.0,28.0,9.8,10.559999999999999,1.0,7.0,92.0,85.0,67.6,29.28,92.0,1.00794,63.546,62.53806,20.069114,22.8734088,1.00794,14.01,2183.0,2168.99,585.4830000000001,685.7676,14.01,1.0,11.0,10.0,2.6,2.16,1.0,1.0,4.0,3.0,2.2,1.44,1.0,31.0,176.0,145.0,82.3,61.55999999999999,31.0,1.0,2.2,1.2000000000000002,1.873,0.3978000000000001,2.2,1.0,2.0,1.0,1.3,0.42000000000000004,1.0,0.0,0.0,0.0,0.0,0.0,0.0,0.0,10.0,10.0,1.3,2.0799999999999996,0.0,0.0,0.0,0.0,0.0,0.0,0.0,1.0,11.0,10.0,2.6,2.16,1.0,0.0,1.0,1.0,0.7,0.42000000000000004,1.0,0.0,0.0,0.0,0.0,0.0,0.0,0.0,7.0,7.0,0.7,1.2599999999999998,0.0,0.0,0.0,0.0,0.0,0.0,0.0,0.0,7.0,7.0,1.4,1.1199999999999999,1.0,6.615,37.77,31.155,13.931000000000001,9.535599999999999,6.615,0.0,7.853,7.853,4.711799999999999,3.7694400000000003,7.853,0.0,0.0,0.0,0.0,0.0,0.0,194.0,229.0,35.0,206.8,15.360000000000003,194.0,-9.402168459550067,-0.32169900339810137,1,0.8211995193280195
Ca2VCuH6,1.0,29.0,28.0,9.8,10.559999999999999,1.0,7.0,92.0,85.0,67.6,29.28,92.0,1.00794,63.546,62.53806,20.069114,22.8734088,1.00794,14.01,2183.0,2168.99,585.4830000000001,685.7675999999999,14.01,1.0,11.0,10.0,2.6,2.16,1.0,1.0,4.0,3.0,2.2,1.44,1.0,31.0,176.0,145.0,82.3,61.55999999999999,31.0,1.0,2.2,1.2000000000000002,1.873,0.3978000000000001,2.2,1.0,2.0,1.0,1.3,0.41999999999999993,1.0,0.0,0.0,0.0,0.0,0.0,0.0,0.0,10.0,10.0,1.3,2.08,0.0,0.0,0.0,0.0,0.0,0.0,0.0,1.0,11.0,10.0,2.6,2.16,1.0,0.0,1.0,1.0,0.7,0.41999999999999993,1.0,0.0,0.0,0.0,0.0,0.0,0.0,0.0,7.0,7.0,0.7,1.2599999999999998,0.0,0.0,0.0,0.0,0.0,0.0,0.0,0.0,7.0,7.0,1.4,1.1199999999999999,1.0,6.615,37.77,31.155,13.931000000000001,9.5356,6.615,0.0,7.853,7.853,4.711799999999999,3.7694400000000003,7.853,0.0,0.0,0.0,0.0,0.0,0.0,194.0,229.0,35.0,206.8,15.360000000000003,194.0,-9.402168459550067,-0.32169900339810104,1,0.8211995193280195
Cs2FeCoH6,1.0,55.0,54.0,16.9,19.080000000000002,1.0,5.0,92.0,87.0,67.5,29.4,92.0,1.00794,132.9054519,131.8975119,38.663673880000005,45.186880656,1.00794,14.01,1811.0,1796.99,426.6240000000001,545.1504000000001,14.01,1.0,9.0,8.0,2.5,2.4,1.0,1.0,6.0,5.0,2.6,1.9200000000000004,1.0,31.0,244.0,213.0,93.2,74.64000000000001,31.0,0.79,2.2,1.4100000000000001,1.8490000000000002,0.4274,2.2,1.0,2.0,1.0,1.2,0.31999999999999995,1.0,0.0,0.0,0.0,0.0,0.0,0.0,0.0,7.0,7.0,1.3,2.08,0.0,0.0,0.0,0.0,0.0,0.0,0.0,1.0,9.0,8.0,2.5,2.4,1.0,0.0,1.0,1.0,0.8,0.31999999999999995,1.0,0.0,0.0,0.0,0.0,0.0,0.0,0.0,4.0,4.0,0.7,1.1199999999999999,0.0,0.0,0.0,0.0,0.0,0.0,0.0,1.0,4.0,3.0,1.5,0.8,1.0,6.615,115.765,109.15,29.2195,34.6182,6.615,0.0,7.853,7.853,4.711799999999999,3.7694400000000003,7.853,0.0,2.1106628,2.1106628,0.3659134,0.5854614400000001,0.0,194.0,229.0,35.0,204.5,14.7,194.0,-12.087213516351003,4.181567918538928,1,0.8209166997713715
Rb2MnScH6,1.0,37.0,36.0,12.6,13.919999999999998,1.0,4.0,92.0,88.0,62.3,35.64,92.0,1.00794,85.4678,84.45985999999999,27.687719700000002,32.01573564,1.00794,14.01,1814.0,1799.99,404.198,504.92080000000004,14.01,1.0,7.0,6.0,1.8,1.28,1.0,1.0,5.0,4.0,2.4,1.6799999999999997,1.0,31.0,220.0,189.0,93.5,75.0,31.0,0.82,2.2,1.3800000000000003,1.775,0.5100000000000001,2.2,1.0,2.0,1.0,1.2,0.31999999999999995,1.0,0.0,0.0,0.0,0.0,0.0,0.0,0.0,5.0,5.0,0.6,0.9600000000000002,0.0,0.0,0.0,0.0,0.0,0.0,0.0,1.0,7.0,6.0,1.8,1.28,1.0,0.0,1.0,1.0,0.8,0.31999999999999995,1.0,0.0,0.0,0.0,0.0,0.0,0.0,0.0,9.0,9.0,1.4,2.2399999999999998,0.0,0.0,0.0,0.0,0.0,0.0,0.0,1.0,9.0,8.0,2.2,1.9200000000000004,1.0,6.615,90.7225,84.1075,25.38575862069,26.134696551724005,6.615,0.0,7.853,7.853,4.711799999999999,3.7694400000000003,7.853,0.0,0.000310120689655,0.000310120689655,3.16470689655e-05,5.5694724137900006e-05,0.0,194.0,229.0,35.0,203.3,13.020000000000005,194.0,-11.843160879824172,2.4603657919304185,1,0.8209166997713715
Rb2ScMnH6,1.0,37.0,36.0,12.6,13.919999999999998,1.0,4.0,92.0,88.0,62.3,35.64,92.0,1.00794,85.4678,84.45985999999999,27.687719699999995,32.015735639999995,1.00794,14.01,1814.0,1799.99,404.198,504.92080000000004,14.01,1.0,7.0,6.0,1.8,1.28,1.0,1.0,5.0,4.0,2.4,1.6799999999999997,1.0,31.0,220.0,189.0,93.5,75.0,31.0,0.82,2.2,1.3800000000000003,1.775,0.5100000000000001,2.2,1.0,2.0,1.0,1.2,0.31999999999999995,1.0,0.0,0.0,0.0,0.0,0.0,0.0,0.0,5.0,5.0,0.6,0.96,0.0,0.0,0.0,0.0,0.0,0.0,0.0,1.0,7.0,6.0,1.8,1.28,1.0,0.0,1.0,1.0,0.8,0.31999999999999995,1.0,0.0,0.0,0.0,0.0,0.0,0.0,0.0,9.0,9.0,1.4,2.2399999999999998,0.0,0.0,0.0,0.0,0.0,0.0,0.0,1.0,9.0,8.0,2.2,1.9200000000000004,1.0,6.615,90.7225,84.1075,25.38575862069,26.134696551724005,6.615,0.0,7.853,7.853,4.711799999999999,3.7694400000000003,7.853,0.0,0.000310120689655,0.000310120689655,3.16470689655e-05,5.5694724137900006e-05,0.0,194.0,229.0,35.0,203.3,13.020000000000005,194.0,-11.843160879824172,2.4603657919304185,1,0.8209166997713715
Cs2CoFeH6,1.0,55.0,54.0,16.9,19.080000000000002,1.0,5.0,92.0,87.0,67.5,29.4,92.0,1.00794,132.9054519,131.8975119,38.66367388,45.186880656,1.00794,14.01,1811.0,1796.99,426.6240000000001,545.1504000000001,14.01,1.0,9.0,8.0,2.5,2.4,1.0,1.0,6.0,5.0,2.6,1.9200000000000004,1.0,31.0,244.0,213.0,93.2,74.64000000000001,31.0,0.79,2.2,1.4100000000000001,1.8490000000000002,0.4274,2.2,1.0,2.0,1.0,1.2,0.31999999999999995,1.0,0.0,0.0,0.0,0.0,0.0,0.0,0.0,7.0,7.0,1.3,2.08,0.0,0.0,0.0,0.0,0.0,0.0,0.0,1.0,9.0,8.0,2.5,2.4,1.0,0.0,1.0,1.0,0.8,0.31999999999999995,1.0,0.0,0.0,0.0,0.0,0.0,0.0,0.0,4.0,4.0,0.7,1.1199999999999999,0.0,0.0,0.0,0.0,0.0,0.0,0.0,1.0,4.0,3.0,1.5,0.8,1.0,6.615,115.765,109.15,29.2195,34.6182,6.615,0.0,7.853,7.853,4.711799999999999,3.7694400000000003,7.853,0.0,2.1106628,2.1106628,0.3659134,0.58546144,0.0,194.0,229.0,35.0,204.5,14.7,194.0,-12.087213516351003,4.181567918538928,1,0.8209166997713715
Cs2FeMnH6,1.0,55.0,54.0,16.7,18.839999999999996,1.0,5.0,92.0,87.0,66.9,30.119999999999997,92.0,1.00794,132.9054519,131.8975119,38.264158880000004,44.707462656000004,1.00794,14.01,1811.0,1796.99,401.724,505.3104,14.01,1.0,8.0,7.0,2.3,2.0799999999999996,1.0,1.0,6.0,5.0,2.6,1.9200000000000004,1.0,31.0,244.0,213.0,94.5,76.2,31.0,0.79,2.2,1.4100000000000001,1.816,0.4636000000000001,2.2,1.0,2.0,1.0,1.2,0.31999999999999995,1.0,0.0,0.0,0.0,0.0,0.0,0.0,0.0,6.0,6.0,1.1,1.7600000000000002,0.0,0.0,0.0,0.0,0.0,0.0,0.0,1.0,8.0,7.0,2.3,2.0799999999999996,1.0,0.0,1.0,1.0,0.8,0.31999999999999995,1.0,0.0,0.0,0.0,0.0,0.0,0.0,0.0,5.0,5.0,0.9,1.44,0.0,0.0,0.0,0.0,0.0,0.0,0.0,1.0,5.0,4.0,1.7,1.1199999999999999,1.0,6.615,115.765,109.15,29.24375862069,34.608496551724,6.615,0.0,7.853,7.853,4.711799999999999,3.7694400000000003,7.853,0.0,2.1106628,2.1106628,0.2110972920689655,0.3799131015862069,0.0,194.0,229.0,35.0,206.8,15.360000000000003,194.0,-12.295841215021191,4.199330415683721,1,0.82
Cs2MnFeH6,1.0,55.0,54.0,16.7,18.839999999999996,1.0,5.0,92.0,87.0,66.9,30.119999999999997,92.0,1.00794,132.9054519,131.8975119,38.264158880000004,44.707462656000004,1.00794,14.01,1811.0,1796.99,401.724,505.3104,14.01,1.0,8.0,7.0,2.3,2.0799999999999996,1.0,1.0,6.0,5.0,2.6,1.9200000000000004,1.0,31.0,244.0,213.0,94.5,76.2,31.0,0.79,2.2,1.4100000000000001,1.816,0.4636000000000001,2.2,1.0,2.0,1.0,1.2,0.31999999999999995,1.0,0.0,0.0,0.0,0.0,0.0,0.0,0.0,6.0,6.0,1.1,1.7600000000000002,0.0,0.0,0.0,0.0,0.0,0.0,0.0,1.0,8.0,7.0,2.3,2.0799999999999996,1.0,0.0,1.0,1.0,0.8,0.31999999999999995,1.0,0.0,0.0,0.0,0.0,0.0,0.0,0.0,5.0,5.0,0.9,1.44,0.0,0.0,0.0,0.0,0.0,0.0,0.0,1.0,5.0,4.0,1.7,1.1199999999999999,1.0,6.615,115.765,109.15,29.24375862069,34.608496551724,6.615,0.0,7.853,7.853,4.711799999999999,3.7694400000000003,7.853,0.0,2.1106628,2.1106628,0.2110972920689655,0.37991310158620684,0.0,194.0,229.0,35.0,206.8,15.360000000000003,194.0,-12.295841215021191,4.199330415683721,1,0.82
Cs2VZnH6,1.0,55.0,54.0,16.9,19.080000000000002,1.0,5.0,92.0,87.0,67.7,29.420000000000005,92.0,1.00794,132.9054519,131.8975119,38.818004380000005,45.372077256000004,1.00794,14.01,2183.0,2168.99,356.292,432.6192,14.01,1.0,12.0,11.0,2.5,2.4,1.0,1.0,6.0,5.0,2.6,1.9200000000000004,1.0,31.0,244.0,213.0,94.9,76.67999999999999,31.0,0.79,2.2,1.4100000000000001,1.8060000000000003,0.47280000000000016,2.2,1.0,2.0,1.0,1.2,0.31999999999999995,1.0,0.0,0.0,0.0,0.0,0.0,0.0,0.0,10.0,10.0,1.3,2.08,0.0,0.0,0.0,0.0,0.0,0.0,0.0,1.0,12.0,11.0,2.5,2.4,1.0,0.0,1.0,1.0,0.8,0.31999999999999995,1.0,0.0,0.0,0.0,0.0,0.0,0.0,0.0,7.0,7.0,0.7,1.2599999999999998,0.0,0.0,0.0,0.0,0.0,0.0,0.0,0.0,7.0,7.0,1.5,1.1,1.0,6.615,115.765,109.15,29.819,34.3784,6.615,0.0,7.853,7.853,4.711799999999999,3.7694400000000003,7.853,0.0,0.0,0.0,0.0,0.0,0.0,194.0,229.0,35.0,204.5,14.7,194.0,-11.594967675792947,4.364970119459098,1,0.82
Cs2ZnVH6,1.0,55.0,54.0,16.9,19.080000000000002,1.0,5.0,92.0,87.0,67.7,29.419999999999998,92.0,1.00794,132.9054519,131.8975119,38.818004380000005,45.372077256,1.00794,14.01,2183.0,2168.99,356.292,432.6192,14.01,1.0,12.0,11.0,2.5,2.4,1.0,1.0,6.0,5.0,2.6,1.9200000000000004,1.0,31.0,244.0,213.0,94.9,76.67999999999999,31.0,0.79,2.2,1.4100000000000001,1.8060000000000003,0.4728,2.2,1.0,2.0,1.0,1.2,0.31999999999999995,1.0,0.0,0.0,0.0,0.0,0.0,0.0,0.0,10.0,10.0,1.3,2.0799999999999996,0.0,0.0,0.0,0.0,0.0,0.0,0.0,1.0,12.0,11.0,2.5,2.4,1.0,0.0,1.0,1.0,0.8,0.31999999999999995,1.0,0.0,0.0,0.0,0.0,0.0,0.0,0.0,7.0,7.0,0.7,1.2599999999999998,0.0,0.0,0.0,0.0,0.0,0.0,0.0,0.0,7.0,7.0,1.5,1.1,1.0,6.615,115.765,109.15,29.819,34.3784,6.615,0.0,7.853,7.853,4.711799999999999,3.7694400000000003,7.853,0.0,0.0,0.0,0.0,0.0,0.0,194.0,229.0,35.0,204.5,14.7,194.0,-11.594967675792947,4.364970119459098,1,0.82
K2ZnCrH6,1.0,30.0,29.0,9.8,10.559999999999999,1.0,3.0,92.0,89.0,67.6,29.560000000000002,92.0,1.00794,65.38,64.37205999999999,20.162034,22.984912799999996,1.00794,14.01,2180.0,2165.99,362.97999999999996,429.34399999999994,14.01,1.0,12.0,11.0,2.6,2.56,1.0,1.0,4.0,3.0,2.2,1.44,1.0,31.0,203.0,172.0,85.3,65.16,31.0,0.82,2.2,1.3800000000000003,1.8150000000000002,0.4620000000000001,2.2,1.0,2.0,1.0,1.1,0.18000000000000008,1.0,0.0,0.0,0.0,0.0,0.0,0.0,0.0,10.0,10.0,1.5,2.4,0.0,0.0,0.0,0.0,0.0,0.0,0.0,1.0,12.0,11.0,2.6,2.56,1.0,0.0,1.0,1.0,0.9,0.18,1.0,0.0,0.0,0.0,0.0,0.0,0.0,0.0,5.0,5.0,0.5,0.9,0.0,0.0,0.0,0.0,0.0,0.0,0.0,0.0,6.0,6.0,1.4,0.9199999999999999,1.0,6.615,73.1066666667,66.4916666667,21.10533333334,20.800533333344,6.615,0.0,7.853,7.853,4.711799999999999,3.7694400000000003,7.853,0.0,0.0,0.0,0.0,0.0,0.0,194.0,229.0,35.0,204.5,14.7,194.0,-10.004011208979325,0.6954639857031344,1,0.8194425167505809
K2CrZnH6,1.0,30.0,29.0,9.8,10.559999999999999,1.0,3.0,92.0,89.0,67.6,29.560000000000002,92.0,1.00794,65.38,64.37205999999999,20.162034,22.984912799999996,1.00794,14.01,2180.0,2165.99,362.97999999999996,429.34399999999994,14.01,1.0,12.0,11.0,2.6,2.56,1.0,1.0,4.0,3.0,2.2,1.44,1.0,31.0,203.0,172.0,85.3,65.16,31.0,0.82,2.2,1.3800000000000003,1.815,0.4620000000000001,2.2,1.0,2.0,1.0,1.1,0.18000000000000008,1.0,0.0,0.0,0.0,0.0,0.0,0.0,0.0,10.0,10.0,1.5,2.4,0.0,0.0,0.0,0.0,0.0,0.0,0.0,1.0,12.0,11.0,2.6,2.56,1.0,0.0,1.0,1.0,0.9,0.18,1.0,0.0,0.0,0.0,0.0,0.0,0.0,0.0,5.0,5.0,0.5,0.9,0.0,0.0,0.0,0.0,0.0,0.0,0.0,0.0,6.0,6.0,1.4,0.9199999999999999,1.0,6.615,73.1066666667,66.4916666667,21.10533333334,20.800533333344,6.615,0.0,7.853,7.853,4.711799999999999,3.7694400000000003,7.853,0.0,0.0,0.0,0.0,0.0,0.0,194.0,229.0,35.0,204.5,14.7,194.0,-10.004011208979325,0.6954639857031344,1,0.8194425167505809
K2TiNiH6,1.0,28.0,27.0,9.4,10.080000000000002,1.0,3.0,92.0,89.0,66.2,30.96,92.0,1.00794,58.6934,57.68546,19.080464,21.6870288,1.00794,14.01,1941.0,1926.99,442.61199999999997,556.7552,14.01,1.0,10.0,9.0,2.2,1.9200000000000004,1.0,1.0,4.0,3.0,2.2,1.44,1.0,31.0,203.0,172.0,87.6,67.92,31.0,0.82,2.2,1.3800000000000003,1.829,0.4614000000000001,2.2,1.0,2.0,1.0,1.2,0.31999999999999995,1.0,0.0,0.0,0.0,0.0,0.0,0.0,0.0,8.0,8.0,1.0,1.6,0.0,0.0,0.0,0.0,0.0,0.0,0.0,1.0,10.0,9.0,2.2,1.9200000000000004,1.0,0.0,1.0,1.0,0.8,0.31999999999999995,1.0,0.0,0.0,0.0,0.0,0.0,0.0,0.0,8.0,8.0,1.0,1.6,0.0,0.0,0.0,0.0,0.0,0.0,0.0,1.0,8.0,7.0,1.8,1.28,1.0,6.615,73.1066666667,66.4916666667,21.29133333334,20.726133333344,6.615,0.0,7.853,7.853,4.711799999999999,3.7694400000000003,7.853,0.0,0.5953947,0.5953947,0.05954172333333334,0.10717059533333335,0.0,194.0,229.0,35.0,204.1,14.139999999999997,194.0,-10.449445140000769,0.7144111474183429,1,0.8193024766057886
K2NiTiH6,1.0,28.0,27.0,9.4,10.080000000000002,1.0,3.0,92.0,89.0,66.2,30.96,92.0,1.00794,58.6934,57.68546,19.080464,21.687028799999997,1.00794,14.01,1941.0,1926.99,442.61199999999997,556.7552,14.01,1.0,10.0,9.0,2.2,1.9200000000000004,1.0,1.0,4.0,3.0,2.2,1.44,1.0,31.0,203.0,172.0,87.6,67.92,31.0,0.82,2.2,1.3800000000000003,1.829,0.4614000000000001,2.2,1.0,2.0,1.0,1.2,0.31999999999999995,1.0,0.0,0.0,0.0,0.0,0.0,0.0,0.0,8.0,8.0,1.0,1.6,0.0,0.0,0.0,0.0,0.0,0.0,0.0,1.0,10.0,9.0,2.2,1.9200000000000004,1.0,0.0,1.0,1.0,0.8,0.31999999999999995,1.0,0.0,0.0,0.0,0.0,0.0,0.0,0.0,8.0,8.0,1.0,1.6,0.0,0.0,0.0,0.0,0.0,0.0,0.0,1.0,8.0,7.0,1.8,1.28,1.0,6.615,73.1066666667,66.4916666667,21.29133333334,20.726133333344,6.615,0.0,7.853,7.853,4.711799999999999,3.7694400000000003,7.853,0.0,0.5953947,0.5953947,0.05954172333333334,0.10717059533333335,0.0,194.0,229.0,35.0,204.1,14.139999999999997,194.0,-10.449445140000769,0.7144111474183429,1,0.8193024766057886
Rb2CuTiH6,1.0,37.0,36.0,13.1,14.52,1.0,4.0,92.0,88.0,66.7,30.360000000000003,92.0,1.00794,85.4678,84.45985999999999,28.839623999999997,33.3980208,1.00794,14.01,1941.0,1926.99,400.775,499.4440000000001,14.01,1.0,11.0,10.0,2.3,2.0799999999999996,1.0,1.0,5.0,4.0,2.4,1.6799999999999997,1.0,31.0,220.0,189.0,91.8,72.96,31.0,0.82,2.2,1.3800000000000003,1.828,0.46080000000000004,2.2,1.0,2.0,1.0,1.1,0.18000000000000008,1.0,0.0,0.0,0.0,0.0,0.0,0.0,0.0,10.0,10.0,1.2,1.9200000000000004,0.0,0.0,0.0,0.0,0.0,0.0,0.0,1.0,11.0,10.0,2.3,2.0799999999999996,1.0,0.0,1.0,1.0,0.9,0.18,1.0,0.0,0.0,0.0,0.0,0.0,0.0,0.0,8.0,8.0,0.8,1.4400000000000002,0.0,0.0,0.0,0.0,0.0,0.0,0.0,1.0,8.0,7.0,1.7,1.2599999999999998,1.0,6.615,90.7225,84.1075,24.889499999999998,26.333199999999998,6.615,0.0,7.853,7.853,4.711799999999999,3.7694400000000003,7.853,0.0,2.25333333333e-05,2.25333333333e-05,2.25333333333e-06,4.055999999993999e-06,0.0,194.0,229.0,35.0,204.1,14.139999999999997,194.0,-11.160606086175266,2.5324763170714935,1,0.8180889688020663
Rb2TiCuH6,1.0,37.0,36.0,13.1,14.52,1.0,4.0,92.0,88.0,66.7,30.360000000000003,92.0,1.00794,85.4678,84.45985999999999,28.839623999999997,33.3980208,1.00794,14.01,1941.0,1926.99,400.775,499.4440000000001,14.01,1.0,11.0,10.0,2.3,2.0799999999999996,1.0,1.0,5.0,4.0,2.4,1.6799999999999997,1.0,31.0,220.0,189.0,91.8,72.96,31.0,0.82,2.2,1.3800000000000003,1.828,0.46080000000000004,2.2,1.0,2.0,1.0,1.1,0.18000000000000008,1.0,0.0,0.0,0.0,0.0,0.0,0.0,0.0,10.0,10.0,1.2,1.92,0.0,0.0,0.0,0.0,0.0,0.0,0.0,1.0,11.0,10.0,2.3,2.0799999999999996,1.0,0.0,1.0,1.0,0.9,0.18,1.0,0.0,0.0,0.0,0.0,0.0,0.0,0.0,8.0,8.0,0.8,1.4400000000000002,0.0,0.0,0.0,0.0,0.0,0.0,0.0,1.0,8.0,7.0,1.7,1.2599999999999998,1.0,6.615,90.7225,84.1075,24.889499999999998,26.333199999999998,6.615,0.0,7.853,7.853,4.711799999999999,3.7694400000000003,7.853,0.0,2.25333333333e-05,2.25333333333e-05,2.25333333333e-06,4.055999999994e-06,0.0,194.0,229.0,35.0,204.1,14.139999999999997,194.0,-11.160606086175266,2.5324763170714935,1,0.8180889688020663
K2MnCrH6,1.0,25.0,24.0,9.3,9.959999999999999,1.0,3.0,92.0,89.0,65.9,31.32,92.0,1.00794,54.938045,53.930105000000005,19.117838499999998,21.7318782,1.00794,14.01,2180.0,2165.99,445.61199999999997,561.5552,14.01,1.0,7.0,6.0,2.1,1.7600000000000002,1.0,1.0,4.0,3.0,2.2,1.44,1.0,31.0,203.0,172.0,87.0,67.2,31.0,0.82,2.2,1.3800000000000003,1.8050000000000002,0.4740000000000001,2.2,1.0,2.0,1.0,1.1,0.18000000000000008,1.0,0.0,0.0,0.0,0.0,0.0,0.0,0.0,5.0,5.0,1.0,1.6,0.0,0.0,0.0,0.0,0.0,0.0,0.0,1.0,7.0,6.0,2.1,1.7600000000000002,1.0,0.0,1.0,1.0,0.9,0.18,1.0,0.0,0.0,0.0,0.0,0.0,0.0,0.0,5.0,5.0,1.0,1.6,0.0,0.0,0.0,0.0,0.0,0.0,0.0,1.0,6.0,5.0,1.9,1.44,1.0,6.615,73.1066666667,66.4916666667,20.75809195403,20.939429885068,6.615,0.0,7.853,7.853,4.711799999999999,3.7694400000000003,7.853,0.0,0.000310120689655,0.000310120689655,3.10120689655e-05,5.58217241379e-05,0.0,194.0,229.0,35.0,206.8,15.360000000000003,194.0,-10.800962190141163,0.3903646443970588,1,0.8166293073380083
K2CrMnH6,1.0,25.0,24.0,9.3,9.959999999999999,1.0,3.0,92.0,89.0,65.9,31.32,92.0,1.00794,54.938045,53.930105000000005,19.117838499999998,21.7318782,1.00794,14.01,2180.0,2165.99,445.61199999999997,561.5552,14.01,1.0,7.0,6.0,2.1,1.7600000000000002,1.0,1.0,4.0,3.0,2.2,1.44,1.0,31.0,203.0,172.0,87.0,67.2,31.0,0.82,2.2,1.3800000000000003,1.8050000000000002,0.4740000000000001,2.2,1.0,2.0,1.0,1.1,0.18000000000000008,1.0,0.0,0.0,0.0,0.0,0.0,0.0,0.0,5.0,5.0,1.0,1.6,0.0,0.0,0.0,0.0,0.0,0.0,0.0,1.0,7.0,6.0,2.1,1.7600000000000002,1.0,0.0,1.0,1.0,0.9,0.18,1.0,0.0,0.0,0.0,0.0,0.0,0.0,0.0,5.0,5.0,1.0,1.6,0.0,0.0,0.0,0.0,0.0,0.0,0.0,1.0,6.0,5.0,1.9,1.44,1.0,6.615,73.1066666667,66.4916666667,20.75809195403,20.939429885068,6.615,0.0,7.853,7.853,4.711799999999999,3.7694400000000003,7.853,0.0,0.000310120689655,0.000310120689655,3.10120689655e-05,5.58217241379e-05,0.0,194.0,229.0,35.0,206.8,15.360000000000003,194.0,-10.800962190141163,0.3903646443970588,1,0.8166293073380083
Rb2FeVH6,1.0,37.0,36.0,12.9,14.280000000000001,1.0,4.0,92.0,88.0,66.1,31.080000000000002,92.0,1.00794,85.4678,84.45985999999999,28.376974,32.8428408,1.00794,14.01,2183.0,2168.99,470.29800000000006,610.6808000000001,14.01,1.0,8.0,7.0,2.1,1.7600000000000002,1.0,1.0,5.0,4.0,2.4,1.6799999999999997,1.0,31.0,220.0,189.0,91.1,72.12,31.0,0.82,2.2,1.3800000000000003,1.83,0.4440000000000001,2.2,1.0,2.0,1.0,1.2,0.31999999999999995,1.0,0.0,0.0,0.0,0.0,0.0,0.0,0.0,6.0,6.0,0.9,1.44,0.0,0.0,0.0,0.0,0.0,0.0,0.0,1.0,8.0,7.0,2.1,1.7600000000000002,1.0,0.0,1.0,1.0,0.8,0.31999999999999995,1.0,0.0,0.0,0.0,0.0,0.0,0.0,0.0,7.0,7.0,1.1,1.7600000000000002,0.0,0.0,0.0,0.0,0.0,0.0,0.0,1.0,7.0,6.0,1.9,1.44,1.0,6.615,90.7225,84.1075,24.487499999999997,26.493999999999993,6.615,0.0,7.853,7.853,4.711799999999999,3.7694400000000003,7.853,0.0,2.1106628,2.1106628,0.21106628,0.37991930399999996,0.0,194.0,229.0,35.0,208.0,16.8,194.0,-11.67465827901402,2.3214585445405644,1,0.8163087885985749
Rb2ZnScH6,1.0,37.0,36.0,13.1,14.52,1.0,4.0,92.0,88.0,64.0,34.6,92.0,1.00794,85.4678,84.45985999999999,28.731915199999996,33.268770239999995,1.00794,14.01,1814.0,1799.99,321.566,372.70959999999997,14.01,1.0,12.0,11.0,2.3,2.0799999999999996,1.0,1.0,5.0,4.0,2.4,1.6799999999999997,1.0,31.0,220.0,189.0,91.8,72.96,31.0,0.82,2.2,1.3800000000000003,1.7850000000000001,0.49800000000000005,2.2,1.0,2.0,1.0,1.2,0.31999999999999995,1.0,0.0,0.0,0.0,0.0,0.0,0.0,0.0,10.0,10.0,1.1,1.78,0.0,0.0,0.0,0.0,0.0,0.0,0.0,1.0,12.0,11.0,2.3,2.0799999999999996,1.0,0.0,1.0,1.0,0.8,0.31999999999999995,1.0,0.0,0.0,0.0,0.0,0.0,0.0,0.0,9.0,9.0,0.9,1.6200000000000003,0.0,0.0,0.0,0.0,0.0,0.0,0.0,0.0,9.0,9.0,1.7,1.4599999999999997,1.0,6.615,90.7225,84.1075,25.732999999999997,25.995799999999996,6.615,0.0,7.853,7.853,4.711799999999999,3.7694400000000003,7.853,0.0,6.35e-06,6.35e-06,6.350000000000001e-07,1.1430000000000001e-06,0.0,194.0,229.0,35.0,201.0,11.2,194.0,-11.050323023583731,2.6551058536711394,1,0.8163087885985749
Rb2VFeH6,1.0,37.0,36.0,12.9,14.280000000000001,1.0,4.0,92.0,88.0,66.1,31.080000000000002,92.0,1.00794,85.4678,84.45985999999999,28.376973999999997,32.8428408,1.00794,14.01,2183.0,2168.99,470.29800000000006,610.6808000000001,14.01,1.0,8.0,7.0,2.1,1.7600000000000002,1.0,1.0,5.0,4.0,2.4,1.6799999999999997,1.0,31.0,220.0,189.0,91.1,72.12,31.0,0.82,2.2,1.3800000000000003,1.83,0.4440000000000001,2.2,1.0,2.0,1.0,1.2,0.31999999999999995,1.0,0.0,0.0,0.0,0.0,0.0,0.0,0.0,6.0,6.0,0.9,1.44,0.0,0.0,0.0,0.0,0.0,0.0,0.0,1.0,8.0,7.0,2.1,1.7600000000000002,1.0,0.0,1.0,1.0,0.8,0.31999999999999995,1.0,0.0,0.0,0.0,0.0,0.0,0.0,0.0,7.0,7.0,1.1,1.7600000000000002,0.0,0.0,0.0,0.0,0.0,0.0,0.0,1.0,7.0,6.0,1.9,1.44,1.0,6.615,90.7225,84.1075,24.487499999999997,26.493999999999993,6.615,0.0,7.853,7.853,4.711799999999999,3.7694400000000003,7.853,0.0,2.1106628,2.1106628,0.21106628,0.37991930399999996,0.0,194.0,229.0,35.0,208.0,16.8,194.0,-11.67465827901402,2.3214585445405644,1,0.8163087885985749
Rb2ScZnH6,1.0,37.0,36.0,13.1,14.52,1.0,4.0,92.0,88.0,64.0,34.6,92.0,1.00794,85.4678,84.45985999999999,28.731915199999996,33.268770239999995,1.00794,14.01,1814.0,1799.99,321.566,372.70959999999997,14.01,1.0,12.0,11.0,2.3,2.0799999999999996,1.0,1.0,5.0,4.0,2.4,1.6799999999999997,1.0,31.0,220.0,189.0,91.8,72.96,31.0,0.82,2.2,1.3800000000000003,1.7850000000000001,0.49800000000000005,2.2,1.0,2.0,1.0,1.2,0.31999999999999995,1.0,0.0,0.0,0.0,0.0,0.0,0.0,0.0,10.0,10.0,1.1,1.78,0.0,0.0,0.0,0.0,0.0,0.0,0.0,1.0,12.0,11.0,2.3,2.0799999999999996,1.0,0.0,1.0,1.0,0.8,0.31999999999999995,1.0,0.0,0.0,0.0,0.0,0.0,0.0,0.0,9.0,9.0,0.9,1.6200000000000003,0.0,0.0,0.0,0.0,0.0,0.0,0.0,0.0,9.0,9.0,1.7,1.4599999999999997,1.0,6.615,90.7225,84.1075,25.733000000000004,25.995799999999996,6.615,0.0,7.853,7.853,4.711799999999999,3.7694400000000003,7.853,0.0,6.35e-06,6.35e-06,6.350000000000001e-07,1.1430000000000001e-06,0.0,194.0,229.0,35.0,201.0,11.2,194.0,-11.050323023583731,2.6551058536711394,1,0.8163087885985749
Ca2ScMnH6,1.0,25.0,24.0,9.2,9.84,1.0,7.0,92.0,85.0,62.9,34.92,92.0,1.00794,54.938045,53.930105000000005,18.6097597,21.12218364,1.00794,14.01,1814.0,1799.99,564.706,660.8352,14.01,1.0,7.0,6.0,2.0,1.2,1.0,1.0,4.0,3.0,2.2,1.44,1.0,31.0,176.0,145.0,84.7,64.44000000000001,31.0,1.0,2.2,1.2000000000000002,1.811,0.4668000000000001,2.2,1.0,2.0,1.0,1.4,0.48,1.0,0.0,0.0,0.0,0.0,0.0,0.0,0.0,5.0,5.0,0.6,0.96,0.0,0.0,0.0,0.0,0.0,0.0,0.0,1.0,7.0,6.0,2.0,1.2,1.0,0.0,1.0,1.0,0.6,0.4800000000000001,1.0,0.0,0.0,0.0,0.0,0.0,0.0,0.0,9.0,9.0,1.4,2.2399999999999998,0.0,0.0,0.0,0.0,0.0,0.0,0.0,0.0,9.0,9.0,2.0,2.0,1.0,6.615,37.77,31.155,14.795258620690001,10.677844827586002,6.615,0.0,7.853,7.853,4.711799999999999,3.7694400000000003,7.853,0.0,0.000310120689655,0.000310120689655,3.16470689655e-05,5.5694724137900006e-05,0.0,194.0,225.0,31.0,202.5,11.9,194.0,-10.250076254779955,-0.2053475591353118,1,0.8161608104212804
Ca2MnScH6,1.0,25.0,24.0,9.2,9.84,1.0,7.0,92.0,85.0,62.9,34.92,92.0,1.00794,54.938045,53.930105000000005,18.6097597,21.122183640000003,1.00794,14.01,1814.0,1799.99,564.706,660.8352000000001,14.01,1.0,7.0,6.0,2.0,1.2,1.0,1.0,4.0,3.0,2.2,1.44,1.0,31.0,176.0,145.0,84.7,64.44000000000001,31.0,1.0,2.2,1.2000000000000002,1.811,0.4668000000000001,2.2,1.0,2.0,1.0,1.4,0.48,1.0,0.0,0.0,0.0,0.0,0.0,0.0,0.0,5.0,5.0,0.6,0.9600000000000002,0.0,0.0,0.0,0.0,0.0,0.0,0.0,1.0,7.0,6.0,2.0,1.2,1.0,0.0,1.0,1.0,0.6,0.4800000000000001,1.0,0.0,0.0,0.0,0.0,0.0,0.0,0.0,9.0,9.0,1.4,2.2399999999999998,0.0,0.0,0.0,0.0,0.0,0.0,0.0,0.0,9.0,9.0,2.0,2.0,1.0,6.615,37.77,31.155,14.795258620690001,10.677844827586002,6.615,0.0,7.853,7.853,4.711799999999999,3.7694400000000003,7.853,0.0,0.000310120689655,0.000310120689655,3.16470689655e-05,5.5694724137900006e-05,0.0,194.0,225.0,31.0,202.5,11.9,194.0,-10.250076254779955,-0.2053475591353117,1,0.8161608104212804
K2AlFeH6,1.0,26.0,25.0,8.3,8.76,1.0,3.0,92.0,89.0,68.6,28.96,92.0,1.00794,55.845,54.83706,16.707077860000002,18.838965432000002,1.00794,14.01,1811.0,1796.99,350.159,408.8304,14.01,1.0,13.0,12.0,2.9,3.04,1.0,1.0,4.0,3.0,2.1,1.3199999999999998,1.0,31.0,203.0,172.0,84.5,64.2,31.0,0.82,2.2,1.3800000000000003,1.828,0.4468,2.2,1.0,2.0,1.0,1.2,0.31999999999999995,1.0,0.0,1.0,1.0,0.1,0.18000000000000002,0.0,0.0,6.0,6.0,0.6,1.08,0.0,0.0,0.0,0.0,0.0,0.0,0.0,1.0,8.0,7.0,1.9,1.44,1.0,0.0,1.0,1.0,0.8,0.31999999999999995,1.0,0.0,5.0,5.0,0.5,0.9,0.0,0.0,4.0,4.0,0.4,0.7200000000000001,0.0,0.0,0.0,0.0,0.0,0.0,0.0,1.0,5.0,4.0,1.7,1.1199999999999999,1.0,6.615,73.1066666667,66.4916666667,21.311333333339995,20.718133333343996,6.615,0.0,7.853,7.853,4.711799999999999,3.7694400000000003,7.853,0.0,2.1106628,2.1106628,0.21106628,0.37991930399999996,0.0,194.0,229.0,35.0,207.6,16.32,194.0,-8.26431358212674,-0.9808683272074347,1,0.8158367736698842
K2FeAlH6,1.0,26.0,25.0,8.3,8.76,1.0,3.0,92.0,89.0,68.6,28.96,92.0,1.00794,55.845,54.83706,16.707077860000002,18.838965432000002,1.00794,14.01,1811.0,1796.99,350.159,408.8304,14.01,1.0,13.0,12.0,2.9,3.04,1.0,1.0,4.0,3.0,2.1,1.3199999999999998,1.0,31.0,203.0,172.0,84.5,64.2,31.0,0.82,2.2,1.3800000000000003,1.828,0.4468,2.2,1.0,2.0,1.0,1.2,0.31999999999999995,1.0,0.0,1.0,1.0,0.1,0.18000000000000002,0.0,0.0,6.0,6.0,0.6,1.08,0.0,0.0,0.0,0.0,0.0,0.0,0.0,1.0,8.0,7.0,1.9,1.44,1.0,0.0,1.0,1.0,0.8,0.31999999999999995,1.0,0.0,5.0,5.0,0.5,0.9,0.0,0.0,4.0,4.0,0.4,0.7200000000000001,0.0,0.0,0.0,0.0,0.0,0.0,0.0,1.0,5.0,4.0,1.7,1.1199999999999999,1.0,6.615,73.1066666667,66.4916666667,21.311333333339995,20.718133333343996,6.615,0.0,7.853,7.853,4.711799999999999,3.7694400000000003,7.853,0.0,2.1106628,2.1106628,0.21106628,0.37991930399999996,0.0,194.0,229.0,35.0,207.6,16.32,194.0,-8.26431358212674,-0.9808683272074347,1,0.8158367736698842
Na2CoNiH6,1.0,28.0,27.0,8.3,8.76,1.0,2.0,92.0,90.0,67.5,29.4,92.0,1.00794,58.933195,57.925255,16.965377355999998,19.1489248272,1.00794,14.01,1768.0,1753.99,432.18,526.3280000000001,14.01,1.0,10.0,9.0,2.7,2.72,1.0,1.0,4.0,3.0,2.0,1.2,1.0,31.0,166.0,135.0,76.8,54.959999999999994,31.0,0.93,2.2,1.27,1.8850000000000002,0.383,2.2,1.0,2.0,1.0,1.2,0.31999999999999995,1.0,0.0,0.0,0.0,0.0,0.0,0.0,0.0,8.0,8.0,1.5,2.4,0.0,0.0,0.0,0.0,0.0,0.0,0.0,1.0,10.0,9.0,2.7,2.72,1.0,0.0,1.0,1.0,0.8,0.31999999999999995,1.0,0.0,0.0,0.0,0.0,0.0,0.0,0.0,3.0,3.0,0.5,0.8,0.0,0.0,0.0,0.0,0.0,0.0,0.0,1.0,3.0,2.0,1.3,0.4800000000000001,1.0,6.615,29.2433333333,22.6283333333,11.874166666659999,6.947666666656,6.615,0.0,7.853,7.853,4.711799999999999,3.7694400000000003,7.853,0.0,1.5484712,1.5484712,0.21438659000000002,0.34301854400000004,0.0,194.0,229.0,35.0,204.1,14.139999999999997,194.0,-9.120300121647182,-1.1606022188155285,1,0.8136294069417873
Na2NiCoH6,1.0,28.0,27.0,8.3,8.76,1.0,2.0,92.0,90.0,67.5,29.4,92.0,1.00794,58.933195,57.925255,16.965377355999998,19.1489248272,1.00794,14.01,1768.0,1753.99,432.18,526.3280000000001,14.01,1.0,10.0,9.0,2.7,2.72,1.0,1.0,4.0,3.0,2.0,1.2,1.0,31.0,166.0,135.0,76.8,54.959999999999994,31.0,0.93,2.2,1.27,1.8850000000000002,0.383,2.2,1.0,2.0,1.0,1.2,0.31999999999999995,1.0,0.0,0.0,0.0,0.0,0.0,0.0,0.0,8.0,8.0,1.5,2.4,0.0,0.0,0.0,0.0,0.0,0.0,0.0,1.0,10.0,9.0,2.7,2.72,1.0,0.0,1.0,1.0,0.8,0.31999999999999995,1.0,0.0,0.0,0.0,0.0,0.0,0.0,0.0,3.0,3.0,0.5,0.8,0.0,0.0,0.0,0.0,0.0,0.0,0.0,1.0,3.0,2.0,1.3,0.4800000000000001,1.0,6.615,29.2433333333,22.6283333333,11.874166666659999,6.947666666656,6.615,0.0,7.853,7.853,4.711799999999999,3.7694400000000003,7.853,0.0,1.5484712,1.5484712,0.21438659000000002,0.34301854400000004,0.0,194.0,229.0,35.0,204.1,14.139999999999997,194.0,-9.120300121647182,-1.1606022188155285,1,0.8136294069417873
Na2ScCrH6,1.0,24.0,23.0,7.3,7.56,1.0,2.0,92.0,90.0,61.6,36.48,92.0,1.00794,51.9961,50.98816,14.897919056000001,16.6679748672,1.00794,14.01,2180.0,2165.99,481.98,606.008,14.01,1.0,6.0,5.0,1.7,1.1199999999999999,1.0,1.0,4.0,3.0,2.0,1.2,1.0,31.0,170.0,139.0,82.7,62.040000000000006,31.0,0.93,2.2,1.27,1.8080000000000003,0.47040000000000004,2.2,1.0,2.0,1.0,1.1,0.18000000000000008,1.0,0.0,0.0,0.0,0.0,0.0,0.0,0.0,5.0,5.0,0.6,0.96,0.0,0.0,0.0,0.0,0.0,0.0,0.0,1.0,6.0,5.0,1.7,1.1199999999999999,1.0,0.0,1.0,1.0,0.9,0.18,1.0,0.0,0.0,0.0,0.0,0.0,0.0,0.0,9.0,9.0,1.4,2.2399999999999998,0.0,0.0,0.0,0.0,0.0,0.0,0.0,1.0,9.0,8.0,2.3,2.0799999999999996,1.0,6.615,29.2433333333,22.6283333333,13.16016666666,8.248233333324,6.615,0.0,7.853,7.853,4.711799999999999,3.7694400000000003,7.853,0.0,6.35e-06,6.35e-06,6.350000000000001e-07,1.1430000000000001e-06,0.0,194.0,229.0,35.0,204.5,14.7,194.0,-10.660460403133072,-0.5253529601299104,1,0.8135027214263104
Na2CrScH6,1.0,24.0,23.0,7.3,7.56,1.0,2.0,92.0,90.0,61.6,36.48,92.0,1.00794,51.9961,50.98816,14.897919056000001,16.6679748672,1.00794,14.01,2180.0,2165.99,481.98,606.008,14.01,1.0,6.0,5.0,1.7,1.1199999999999999,1.0,1.0,4.0,3.0,2.0,1.2,1.0,31.0,170.0,139.0,82.7,62.040000000000006,31.0,0.93,2.2,1.27,1.8080000000000003,0.47040000000000004,2.2,1.0,2.0,1.0,1.1,0.18000000000000008,1.0,0.0,0.0,0.0,0.0,0.0,0.0,0.0,5.0,5.0,0.6,0.9600000000000002,0.0,0.0,0.0,0.0,0.0,0.0,0.0,1.0,6.0,5.0,1.7,1.1199999999999999,1.0,0.0,1.0,1.0,0.9,0.18,1.0,0.0,0.0,0.0,0.0,0.0,0.0,0.0,9.0,9.0,1.4,2.2399999999999998,0.0,0.0,0.0,0.0,0.0,0.0,0.0,1.0,9.0,8.0,2.3,2.0799999999999996,1.0,6.615,29.2433333333,22.6283333333,13.16016666666,8.248233333323999,6.615,0.0,7.853,7.853,4.711799999999999,3.7694400000000003,7.853,0.0,6.35e-06,6.35e-06,6.350000000000001e-07,1.1430000000000001e-06,0.0,194.0,229.0,35.0,204.5,14.7,194.0,-10.660460403133072,-0.5253529601299104,1,0.8135027214263104
Na2MnNiH6,1.0,28.0,27.0,8.1,8.52,1.0,2.0,92.0,90.0,66.9,30.119999999999997,92.0,1.00794,58.6934,57.68546,16.565862356,18.669506827200003,1.00794,14.01,1728.0,1713.99,407.28,486.488,14.01,1.0,10.0,9.0,2.5,2.4,1.0,1.0,4.0,3.0,2.0,1.2,1.0,31.0,166.0,135.0,78.1,56.52,31.0,0.93,2.2,1.27,1.8520000000000003,0.42919999999999997,2.2,1.0,2.0,1.0,1.2,0.31999999999999995,1.0,0.0,0.0,0.0,0.0,0.0,0.0,0.0,8.0,8.0,1.3,2.08,0.0,0.0,0.0,0.0,0.0,0.0,0.0,1.0,10.0,9.0,2.5,2.4,1.0,0.0,1.0,1.0,0.8,0.31999999999999995,1.0,0.0,0.0,0.0,0.0,0.0,0.0,0.0,5.0,5.0,0.7,1.1199999999999999,0.0,0.0,0.0,0.0,0.0,0.0,0.0,1.0,5.0,4.0,1.5,0.8,1.0,6.615,29.2433333333,22.6283333333,11.89842528735,6.93796321838,6.615,0.0,7.853,7.853,4.711799999999999,3.7694400000000003,7.853,0.0,0.5953947,0.5953947,0.0595704820689655,0.1071648435862069,0.0,194.0,229.0,35.0,206.4,14.88,194.0,-9.177107853246497,-1.0479748046265682,1,0.8129936880072137
Na2NiMnH6,1.0,28.0,27.0,8.1,8.52,1.0,2.0,92.0,90.0,66.9,30.119999999999997,92.0,1.00794,58.6934,57.68546,16.565862356000004,18.669506827200003,1.00794,14.01,1728.0,1713.99,407.28,486.488,14.01,1.0,10.0,9.0,2.5,2.4,1.0,1.0,4.0,3.0,2.0,1.2,1.0,31.0,166.0,135.0,78.1,56.52,31.0,0.93,2.2,1.27,1.8520000000000003,0.42919999999999997,2.2,1.0,2.0,1.0,1.2,0.31999999999999995,1.0,0.0,0.0,0.0,0.0,0.0,0.0,0.0,8.0,8.0,1.3,2.08,0.0,0.0,0.0,0.0,0.0,0.0,0.0,1.0,10.0,9.0,2.5,2.4,1.0,0.0,1.0,1.0,0.8,0.31999999999999995,1.0,0.0,0.0,0.0,0.0,0.0,0.0,0.0,5.0,5.0,0.7,1.1199999999999999,0.0,0.0,0.0,0.0,0.0,0.0,0.0,1.0,5.0,4.0,1.5,0.8,1.0,6.615,29.2433333333,22.6283333333,11.89842528735,6.93796321838,6.615,0.0,7.853,7.853,4.711799999999999,3.7694400000000003,7.853,0.0,0.5953947,0.5953947,0.0595704820689655,0.10716484358620688,0.0,194.0,229.0,35.0,206.4,14.88,194.0,-9.177107853246497,-1.0479748046265682,1,0.8129936880072137
Na2CoTiH6,1.0,27.0,26.0,7.7,8.040000000000001,1.0,2.0,92.0,90.0,65.7,31.560000000000002,92.0,1.00794,58.933195,57.925255,15.882737355999998,17.849756827199997,1.00794,14.01,1941.0,1926.99,453.48,560.408,14.01,1.0,9.0,8.0,2.1,1.7600000000000002,1.0,1.0,4.0,3.0,2.0,1.2,1.0,31.0,166.0,135.0,80.4,59.279999999999994,31.0,0.93,2.2,1.27,1.848,0.4288,2.2,1.0,2.0,1.0,1.2,0.31999999999999995,1.0,0.0,0.0,0.0,0.0,0.0,0.0,0.0,7.0,7.0,0.9,1.44,0.0,0.0,0.0,0.0,0.0,0.0,0.0,1.0,9.0,8.0,2.1,1.7600000000000002,1.0,0.0,1.0,1.0,0.8,0.31999999999999995,1.0,0.0,0.0,0.0,0.0,0.0,0.0,0.0,8.0,8.0,1.1,1.7600000000000002,0.0,0.0,0.0,0.0,0.0,0.0,0.0,1.0,8.0,7.0,1.9,1.44,1.0,6.615,29.2433333333,22.6283333333,12.51116666666,7.528633333324,6.615,0.0,7.853,7.853,4.711799999999999,3.7694400000000003,7.853,0.0,1.5484712,1.5484712,0.15484937333333332,0.27872436533333333,0.0,194.0,229.0,35.0,201.0,11.2,194.0,-9.923747940411392,-0.633694882903966,1,0.8121838549585112
Na2TiCoH6,1.0,27.0,26.0,7.7,8.040000000000001,1.0,2.0,92.0,90.0,65.7,31.560000000000002,92.0,1.00794,58.933195,57.925255,15.882737356000002,17.8497568272,1.00794,14.01,1941.0,1926.99,453.48,560.408,14.01,1.0,9.0,8.0,2.1,1.7600000000000002,1.0,1.0,4.0,3.0,2.0,1.2,1.0,31.0,166.0,135.0,80.4,59.279999999999994,31.0,0.93,2.2,1.27,1.848,0.4288,2.2,1.0,2.0,1.0,1.2,0.31999999999999995,1.0,0.0,0.0,0.0,0.0,0.0,0.0,0.0,7.0,7.0,0.9,1.44,0.0,0.0,0.0,0.0,0.0,0.0,0.0,1.0,9.0,8.0,2.1,1.7600000000000002,1.0,0.0,1.0,1.0,0.8,0.31999999999999995,1.0,0.0,0.0,0.0,0.0,0.0,0.0,0.0,8.0,8.0,1.1,1.7600000000000002,0.0,0.0,0.0,0.0,0.0,0.0,0.0,1.0,8.0,7.0,1.9,1.44,1.0,6.615,29.2433333333,22.6283333333,12.51116666666,7.528633333324,6.615,0.0,7.853,7.853,4.711799999999999,3.7694400000000003,7.853,0.0,1.5484712,1.5484712,0.15484937333333332,0.27872436533333333,0.0,194.0,229.0,35.0,201.0,11.2,194.0,-9.923747940411392,-0.6336948829039658,1,0.8121838549585112
Cs2TiCrH6,1.0,55.0,54.0,16.2,18.24,1.0,5.0,92.0,87.0,65.4,31.919999999999998,92.0,1.00794,132.9054519,131.8975119,37.172164380000005,43.397069256,1.00794,14.01,2180.0,2165.99,480.82400000000007,631.8704,14.01,1.0,6.0,5.0,1.8,1.28,1.0,1.0,6.0,5.0,2.6,1.9200000000000004,1.0,31.0,244.0,213.0,97.3,79.55999999999999,31.0,0.79,2.2,1.4100000000000001,1.798,0.48240000000000005,2.2,1.0,2.0,1.0,1.1,0.18000000000000008,1.0,0.0,0.0,0.0,0.0,0.0,0.0,0.0,5.0,5.0,0.7,1.1199999999999999,0.0,0.0,0.0,0.0,0.0,0.0,0.0,1.0,6.0,5.0,1.8,1.28,1.0,0.0,1.0,1.0,0.9,0.18,1.0,0.0,0.0,0.0,0.0,0.0,0.0,0.0,8.0,8.0,1.3,2.08,0.0,0.0,0.0,0.0,0.0,0.0,0.0,1.0,8.0,7.0,2.2,1.9200000000000004,1.0,6.615,115.765,109.15,29.910000000000004,34.342,6.615,0.0,7.853,7.853,4.711799999999999,3.7694400000000003,7.853,0.0,2.25333333333e-05,2.25333333333e-05,2.25333333333e-06,4.055999999994e-06,0.0,194.0,229.0,35.0,204.5,14.7,194.0,-12.934377574144442,4.447158268240588,1,0.8109166997713716
Cs2CrTiH6,1.0,55.0,54.0,16.2,18.24,1.0,5.0,92.0,87.0,65.4,31.919999999999998,92.0,1.00794,132.9054519,131.8975119,37.172164380000005,43.397069256,1.00794,14.01,2180.0,2165.99,480.82400000000007,631.8704,14.01,1.0,6.0,5.0,1.8,1.28,1.0,1.0,6.0,5.0,2.6,1.9200000000000004,1.0,31.0,244.0,213.0,97.3,79.55999999999999,31.0,0.79,2.2,1.4100000000000001,1.798,0.48240000000000005,2.2,1.0,2.0,1.0,1.1,0.18000000000000008,1.0,0.0,0.0,0.0,0.0,0.0,0.0,0.0,5.0,5.0,0.7,1.1199999999999999,0.0,0.0,0.0,0.0,0.0,0.0,0.0,1.0,6.0,5.0,1.8,1.28,1.0,0.0,1.0,1.0,0.9,0.18,1.0,0.0,0.0,0.0,0.0,0.0,0.0,0.0,8.0,8.0,1.3,2.08,0.0,0.0,0.0,0.0,0.0,0.0,0.0,1.0,8.0,7.0,2.2,1.9200000000000004,1.0,6.615,115.765,109.15,29.910000000000004,34.342,6.615,0.0,7.853,7.853,4.711799999999999,3.7694400000000003,7.853,0.0,2.25333333333e-05,2.25333333333e-05,2.25333333333e-06,4.055999999993999e-06,0.0,194.0,229.0,35.0,204.5,14.7,194.0,-12.934377574144442,4.447158268240588,1,0.8109166997713716
Ca2CuAlH6,1.0,29.0,28.0,8.8,9.36,1.0,7.0,92.0,85.0,70.3,26.579999999999995,92.0,1.00794,63.546,62.53806,17.673117859999998,19.998213432,1.00794,14.01,1357.77,1343.76,460.53000000000003,535.8240000000001,14.01,1.0,13.0,12.0,3.4,3.44,1.0,1.0,4.0,3.0,2.1,1.3199999999999998,1.0,31.0,176.0,145.0,79.1,57.720000000000006,31.0,1.0,2.2,1.2000000000000002,1.871,0.4006000000000001,2.2,1.0,2.0,1.0,1.3,0.42000000000000004,1.0,0.0,1.0,1.0,0.1,0.18000000000000002,0.0,0.0,10.0,10.0,1.0,1.8,0.0,0.0,0.0,0.0,0.0,0.0,0.0,1.0,11.0,10.0,2.4,1.8399999999999999,1.0,0.0,1.0,1.0,0.7,0.42000000000000004,1.0,0.0,5.0,5.0,0.5,0.9,0.0,0.0,0.0,0.0,0.0,0.0,0.0,0.0,0.0,0.0,0.0,0.0,0.0,0.0,5.0,5.0,1.2,0.76,1.0,6.615,37.77,31.155,14.278000000000002,9.837200000000001,6.615,0.0,7.853,7.853,4.711799999999999,3.7694400000000003,7.853,0.0,0.0,0.0,0.0,0.0,0.0,194.0,225.0,31.0,206.4,14.88,194.0,-6.914858894785298,-2.076335773535981,1,0.8103928752640708
Ca2AlCuH6,1.0,29.0,28.0,8.8,9.36,1.0,7.0,92.0,85.0,70.3,26.580000000000005,92.0,1.00794,63.546,62.53806,17.673117859999998,19.998213432,1.00794,14.01,1357.77,1343.76,460.53000000000003,535.824,14.01,1.0,13.0,12.0,3.4,3.44,1.0,1.0,4.0,3.0,2.1,1.3199999999999998,1.0,31.0,176.0,145.0,79.1,57.720000000000006,31.0,1.0,2.2,1.2000000000000002,1.871,0.4006000000000001,2.2,1.0,2.0,1.0,1.3,0.41999999999999993,1.0,0.0,1.0,1.0,0.1,0.18000000000000002,0.0,0.0,10.0,10.0,1.0,1.8,0.0,0.0,0.0,0.0,0.0,0.0,0.0,1.0,11.0,10.0,2.4,1.8399999999999999,1.0,0.0,1.0,1.0,0.7,0.41999999999999993,1.0,0.0,5.0,5.0,0.5,0.9,0.0,0.0,0.0,0.0,0.0,0.0,0.0,0.0,0.0,0.0,0.0,0.0,0.0,0.0,5.0,5.0,1.2,0.76,1.0,6.615,37.77,31.155,14.278,9.837200000000001,6.615,0.0,7.853,7.853,4.711799999999999,3.7694400000000003,7.853,0.0,0.0,0.0,0.0,0.0,0.0,194.0,225.0,31.0,206.4,14.88,194.0,-6.914858894785298,-2.0763357735359804,1,0.8103928752640708
Cs2AlZnH6,1.0,55.0,54.0,15.9,18.46,1.0,5.0,92.0,87.0,70.4,26.439999999999998,92.0,1.00794,132.9054519,131.8975119,36.422008240000004,44.38497581600001,1.00794,14.01,933.47,919.46,231.339,260.7948,14.01,1.0,13.0,12.0,3.3,3.6799999999999997,1.0,1.0,6.0,5.0,2.5,1.8,1.0,31.0,244.0,213.0,91.7,72.84,31.0,0.79,2.2,1.4100000000000001,1.8039999999999998,0.4752000000000002,2.2,1.0,2.0,1.0,1.2,0.31999999999999995,1.0,0.0,1.0,1.0,0.1,0.18000000000000002,0.0,0.0,10.0,10.0,1.0,1.8,0.0,0.0,0.0,0.0,0.0,0.0,0.0,1.0,12.0,11.0,2.3,2.0799999999999996,1.0,0.0,1.0,1.0,0.8,0.31999999999999995,1.0,0.0,5.0,5.0,0.5,0.9,0.0,0.0,0.0,0.0,0.0,0.0,0.0,0.0,0.0,0.0,0.0,0.0,0.0,0.0,5.0,5.0,1.3,0.74,1.0,6.615,115.765,109.15,30.165999999999997,34.239599999999996,6.615,0.0,7.853,7.853,4.711799999999999,3.7694400000000003,7.853,0.0,0.0,0.0,0.0,0.0,0.0,194.0,229.0,35.0,204.1,14.139999999999997,194.0,-9.228533238072776,2.700706342268178,1,0.81
Cs2ScCuH6,1.0,55.0,54.0,16.6,18.72,1.0,5.0,92.0,87.0,63.7,34.02,92.0,1.00794,132.9054519,131.8975119,38.03604558,44.433726695999994,1.00794,14.01,1814.0,1799.99,385.90099999999995,479.99359999999996,14.01,1.0,11.0,10.0,2.2,1.9200000000000004,1.0,1.0,6.0,5.0,2.6,1.9200000000000004,1.0,31.0,244.0,213.0,97.6,79.92,31.0,0.79,2.2,1.4100000000000001,1.8039999999999998,0.4944000000000002,2.2,1.0,2.0,1.0,1.1,0.18000000000000008,1.0,0.0,0.0,0.0,0.0,0.0,0.0,0.0,10.0,10.0,1.1,1.78,0.0,0.0,0.0,0.0,0.0,0.0,0.0,1.0,11.0,10.0,2.2,1.9200000000000004,1.0,0.0,1.0,1.0,0.9,0.18,1.0,0.0,0.0,0.0,0.0,0.0,0.0,0.0,9.0,9.0,0.9,1.6200000000000003,0.0,0.0,0.0,0.0,0.0,0.0,0.0,1.0,9.0,8.0,1.8,1.4400000000000002,1.0,6.615,115.765,109.15,30.452499999999997,34.125,6.615,0.0,7.853,7.853,4.711799999999999,3.7694400000000003,7.853,0.0,6.35e-06,6.35e-06,6.350000000000001e-07,1.1430000000000001e-06,0.0,194.0,229.0,35.0,204.1,14.139999999999997,194.0,-12.276376569759462,4.823078141586831,1,0.81
Cs2CuScH6,1.0,55.0,54.0,16.6,18.72,1.0,5.0,92.0,87.0,63.7,34.019999999999996,92.0,1.00794,132.9054519,131.8975119,38.03604558,44.433726695999994,1.00794,14.01,1814.0,1799.99,385.90099999999995,479.99359999999996,14.01,1.0,11.0,10.0,2.2,1.9200000000000004,1.0,1.0,6.0,5.0,2.6,1.9200000000000004,1.0,31.0,244.0,213.0,97.6,79.92,31.0,0.79,2.2,1.4100000000000001,1.8039999999999998,0.4944000000000002,2.2,1.0,2.0,1.0,1.1,0.18000000000000008,1.0,0.0,0.0,0.0,0.0,0.0,0.0,0.0,10.0,10.0,1.1,1.78,0.0,0.0,0.0,0.0,0.0,0.0,0.0,1.0,11.0,10.0,2.2,1.9200000000000004,1.0,0.0,1.0,1.0,0.9,0.18,1.0,0.0,0.0,0.0,0.0,0.0,0.0,0.0,9.0,9.0,0.9,1.6200000000000003,0.0,0.0,0.0,0.0,0.0,0.0,0.0,1.0,9.0,8.0,1.8,1.4400000000000002,1.0,6.615,115.765,109.15,30.452499999999997,34.125,6.615,0.0,7.853,7.853,4.711799999999999,3.7694400000000003,7.853,0.0,6.35e-06,6.35e-06,6.350000000000001e-07,1.1430000000000001e-06,0.0,194.0,229.0,35.0,204.1,14.139999999999997,194.0,-12.276376569759462,4.823078141586831,1,0.81
Cs2ZnAlH6,1.0,55.0,54.0,15.9,18.46,1.0,5.0,92.0,87.0,70.4,26.439999999999998,92.0,1.00794,132.9054519,131.8975119,36.422008240000004,44.38497581600001,1.00794,14.01,933.47,919.46,231.339,260.7948,14.01,1.0,13.0,12.0,3.3,3.6799999999999997,1.0,1.0,6.0,5.0,2.5,1.8,1.0,31.0,244.0,213.0,91.7,72.84,31.0,0.79,2.2,1.4100000000000001,1.8039999999999998,0.4752000000000002,2.2,1.0,2.0,1.0,1.2,0.31999999999999995,1.0,0.0,1.0,1.0,0.1,0.18000000000000002,0.0,0.0,10.0,10.0,1.0,1.8,0.0,0.0,0.0,0.0,0.0,0.0,0.0,1.0,12.0,11.0,2.3,2.0799999999999996,1.0,0.0,1.0,1.0,0.8,0.31999999999999995,1.0,0.0,5.0,5.0,0.5,0.9,0.0,0.0,0.0,0.0,0.0,0.0,0.0,0.0,0.0,0.0,0.0,0.0,0.0,0.0,5.0,5.0,1.3,0.74,1.0,6.615,115.765,109.15,30.166000000000004,34.2396,6.615,0.0,7.853,7.853,4.711799999999999,3.7694400000000003,7.853,0.0,0.0,0.0,0.0,0.0,0.0,194.0,229.0,35.0,204.1,14.139999999999997,194.0,-9.228533238072776,2.7007063422681785,1,0.81
Cs2ZnCrH6,1.0,55.0,54.0,17.0,19.2,1.0,5.0,92.0,87.0,68.0,29.0,92.0,1.00794,132.9054519,131.8975119,38.92346438,45.498629256,1.00794,14.01,2180.0,2165.99,355.99199999999996,432.13919999999996,14.01,1.0,12.0,11.0,2.6,2.56,1.0,1.0,6.0,5.0,2.6,1.9200000000000004,1.0,31.0,244.0,213.0,93.5,75.0,31.0,0.79,2.2,1.4100000000000001,1.809,0.4692000000000002,2.2,1.0,2.0,1.0,1.1,0.18000000000000008,1.0,0.0,0.0,0.0,0.0,0.0,0.0,0.0,10.0,10.0,1.5,2.4,0.0,0.0,0.0,0.0,0.0,0.0,0.0,1.0,12.0,11.0,2.6,2.56,1.0,0.0,1.0,1.0,0.9,0.18,1.0,0.0,0.0,0.0,0.0,0.0,0.0,0.0,5.0,5.0,0.5,0.9,0.0,0.0,0.0,0.0,0.0,0.0,0.0,0.0,6.0,6.0,1.4,0.9199999999999999,1.0,6.615,115.765,109.15,29.637,34.4512,6.615,0.0,7.853,7.853,4.711799999999999,3.7694400000000003,7.853,0.0,0.0,0.0,0.0,0.0,0.0,194.0,229.0,35.0,204.5,14.7,194.0,-11.618200658485849,4.330236322361509,1,0.81
Cs2CrZnH6,1.0,55.0,54.0,17.0,19.2,1.0,5.0,92.0,87.0,68.0,29.0,92.0,1.00794,132.9054519,131.8975119,38.92346438,45.498629256,1.00794,14.01,2180.0,2165.99,355.99199999999996,432.13919999999996,14.01,1.0,12.0,11.0,2.6,2.56,1.0,1.0,6.0,5.0,2.6,1.9200000000000004,1.0,31.0,244.0,213.0,93.5,75.0,31.0,0.79,2.2,1.4100000000000001,1.8090000000000004,0.4692,2.2,1.0,2.0,1.0,1.1,0.18000000000000008,1.0,0.0,0.0,0.0,0.0,0.0,0.0,0.0,10.0,10.0,1.5,2.4,0.0,0.0,0.0,0.0,0.0,0.0,0.0,1.0,12.0,11.0,2.6,2.56,1.0,0.0,1.0,1.0,0.9,0.18,1.0,0.0,0.0,0.0,0.0,0.0,0.0,0.0,5.0,5.0,0.5,0.9,0.0,0.0,0.0,0.0,0.0,0.0,0.0,0.0,6.0,6.0,1.4,0.9199999999999999,1.0,6.615,115.765,109.15,29.637,34.4512,6.615,0.0,7.853,7.853,4.711799999999999,3.7694400000000003,7.853,0.0,0.0,0.0,0.0,0.0,0.0,194.0,229.0,35.0,204.5,14.7,194.0,-11.618200658485849,4.330236322361509,1,0.81
Na2FeMnH6,1.0,26.0,25.0,7.9,8.280000000000001,1.0,2.0,92.0,90.0,66.3,30.839999999999996,92.0,1.00794,55.845,54.83706,16.281022356,18.3276988272,1.00794,14.01,1811.0,1796.99,415.58000000000004,499.76800000000003,14.01,1.0,8.0,7.0,2.3,2.0799999999999996,1.0,1.0,4.0,3.0,2.0,1.2,1.0,31.0,166.0,135.0,78.9,57.48,31.0,0.93,2.2,1.27,1.844,0.4272,2.2,1.0,2.0,1.0,1.2,0.31999999999999995,1.0,0.0,0.0,0.0,0.0,0.0,0.0,0.0,6.0,6.0,1.1,1.7600000000000002,0.0,0.0,0.0,0.0,0.0,0.0,0.0,1.0,8.0,7.0,2.3,2.0799999999999996,1.0,0.0,1.0,1.0,0.8,0.31999999999999995,1.0,0.0,0.0,0.0,0.0,0.0,0.0,0.0,5.0,5.0,0.9,1.44,0.0,0.0,0.0,0.0,0.0,0.0,0.0,1.0,5.0,4.0,1.7,1.1199999999999999,1.0,6.615,29.2433333333,22.6283333333,11.939425287350002,6.921563218380001,6.615,0.0,7.853,7.853,4.711799999999999,3.7694400000000003,7.853,0.0,2.1106628,2.1106628,0.2110972920689655,0.3799131015862069,0.0,194.0,229.0,35.0,206.8,15.360000000000003,194.0,-9.782760899149654,-0.9750737983028744,1,0.81
Na2MnFeH6,1.0,26.0,25.0,7.9,8.280000000000001,1.0,2.0,92.0,90.0,66.3,30.839999999999996,92.0,1.00794,55.845,54.83706,16.281022356,18.3276988272,1.00794,14.01,1811.0,1796.99,415.58000000000004,499.76800000000003,14.01,1.0,8.0,7.0,2.3,2.0799999999999996,1.0,1.0,4.0,3.0,2.0,1.2,1.0,31.0,166.0,135.0,78.9,57.48,31.0,0.93,2.2,1.27,1.844,0.4272,2.2,1.0,2.0,1.0,1.2,0.31999999999999995,1.0,0.0,0.0,0.0,0.0,0.0,0.0,0.0,6.0,6.0,1.1,1.7600000000000002,0.0,0.0,0.0,0.0,0.0,0.0,0.0,1.0,8.0,7.0,2.3,2.0799999999999996,1.0,0.0,1.0,1.0,0.8,0.31999999999999995,1.0,0.0,0.0,0.0,0.0,0.0,0.0,0.0,5.0,5.0,0.9,1.44,0.0,0.0,0.0,0.0,0.0,0.0,0.0,1.0,5.0,4.0,1.7,1.1199999999999999,1.0,6.615,29.2433333333,22.6283333333,11.939425287350002,6.921563218380001,6.615,0.0,7.853,7.853,4.711799999999999,3.7694400000000003,7.853,0.0,2.1106628,2.1106628,0.2110972920689655,0.37991310158620684,0.0,194.0,229.0,35.0,206.8,15.360000000000003,194.0,-9.782760899149654,-0.9750737983028744,1,0.81
Ca2NiAlH6,1.0,28.0,27.0,8.7,9.24,1.0,7.0,92.0,85.0,70.0,27.0,92.0,1.00794,58.6934,57.68546,17.18785786,19.415901432,1.00794,14.01,1728.0,1713.99,497.55300000000005,580.2515999999999,14.01,1.0,13.0,12.0,3.3,3.28,1.0,1.0,4.0,3.0,2.1,1.3199999999999998,1.0,31.0,176.0,145.0,78.3,56.75999999999999,31.0,1.0,2.2,1.2000000000000002,1.8720000000000003,0.40119999999999995,2.2,1.0,2.0,1.0,1.4,0.48,1.0,0.0,1.0,1.0,0.1,0.18000000000000002,0.0,0.0,8.0,8.0,0.8,1.4400000000000002,0.0,0.0,0.0,0.0,0.0,0.0,0.0,1.0,10.0,9.0,2.3,1.6799999999999997,1.0,0.0,1.0,1.0,0.6,0.4800000000000001,1.0,0.0,5.0,5.0,0.5,0.9,0.0,0.0,2.0,2.0,0.2,0.36000000000000004,0.0,0.0,0.0,0.0,0.0,0.0,0.0,0.0,5.0,5.0,1.3,0.8800000000000001,1.0,6.615,37.77,31.155,14.203000000000003,9.882200000000001,6.615,0.0,7.853,7.853,4.711799999999999,3.7694400000000003,7.853,0.0,0.5953947,0.5953947,0.059539470000000004,0.107171046,0.0,194.0,225.0,31.0,206.4,14.88,194.0,-6.950366136562269,-2.0981640228735654,1,0.8098946798466058
Ca2AlNiH6,1.0,28.0,27.0,8.7,9.24,1.0,7.0,92.0,85.0,70.0,27.0,92.0,1.00794,58.6934,57.68546,17.18785786,19.415901432,1.00794,14.01,1728.0,1713.99,497.55300000000005,580.2515999999999,14.01,1.0,13.0,12.0,3.3,3.28,1.0,1.0,4.0,3.0,2.1,1.3199999999999998,1.0,31.0,176.0,145.0,78.3,56.75999999999999,31.0,1.0,2.2,1.2000000000000002,1.8720000000000003,0.40119999999999995,2.2,1.0,2.0,1.0,1.4,0.48,1.0,0.0,1.0,1.0,0.1,0.18000000000000002,0.0,0.0,8.0,8.0,0.8,1.4400000000000002,0.0,0.0,0.0,0.0,0.0,0.0,0.0,1.0,10.0,9.0,2.3,1.6799999999999997,1.0,0.0,1.0,1.0,0.6,0.4800000000000001,1.0,0.0,5.0,5.0,0.5,0.9,0.0,0.0,2.0,2.0,0.2,0.36000000000000004,0.0,0.0,0.0,0.0,0.0,0.0,0.0,0.0,5.0,5.0,1.3,0.8800000000000001,1.0,6.615,37.77,31.155,14.203,9.882200000000001,6.615,0.0,7.853,7.853,4.711799999999999,3.7694400000000003,7.853,0.0,0.5953947,0.5953947,0.059539470000000004,0.107171046,0.0,194.0,225.0,31.0,206.4,14.88,194.0,-6.950366136562268,-2.0981640228735654,1,0.8098946798466058
Na2NiFeH6,1.0,28.0,27.0,8.2,8.64,1.0,2.0,92.0,90.0,67.2,29.76,92.0,1.00794,58.6934,57.68546,16.656557856,18.7783414272,1.00794,14.01,1811.0,1796.99,436.48,533.208,14.01,1.0,10.0,9.0,2.6,2.56,1.0,1.0,4.0,3.0,2.0,1.2,1.0,31.0,166.0,135.0,77.4,55.67999999999999,31.0,0.93,2.2,1.27,1.8800000000000001,0.39,2.2,1.0,2.0,1.0,1.2,0.31999999999999995,1.0,0.0,0.0,0.0,0.0,0.0,0.0,0.0,8.0,8.0,1.4,2.2399999999999998,0.0,0.0,0.0,0.0,0.0,0.0,0.0,1.0,10.0,9.0,2.6,2.56,1.0,0.0,1.0,1.0,0.8,0.31999999999999995,1.0,0.0,0.0,0.0,0.0,0.0,0.0,0.0,4.0,4.0,0.6,0.96,0.0,0.0,0.0,0.0,0.0,0.0,0.0,1.0,4.0,3.0,1.4,0.6399999999999999,1.0,6.615,29.2433333333,22.6283333333,11.92266666666,6.928266666656,6.615,0.0,7.853,7.853,4.711799999999999,3.7694400000000003,7.853,0.0,2.1106628,2.1106628,0.27060575,0.43296919999999994,0.0,194.0,229.0,35.0,207.6,16.32,194.0,-9.336579307340436,-0.9999474960931723,1,0.808237318114584
Na2FeNiH6,1.0,28.0,27.0,8.2,8.64,1.0,2.0,92.0,90.0,67.2,29.76,92.0,1.00794,58.6934,57.68546,16.656557856,18.7783414272,1.00794,14.01,1811.0,1796.99,436.48,533.208,14.01,1.0,10.0,9.0,2.6,2.56,1.0,1.0,4.0,3.0,2.0,1.2,1.0,31.0,166.0,135.0,77.4,55.67999999999999,31.0,0.93,2.2,1.27,1.8800000000000001,0.39,2.2,1.0,2.0,1.0,1.2,0.31999999999999995,1.0,0.0,0.0,0.0,0.0,0.0,0.0,0.0,8.0,8.0,1.4,2.2399999999999998,0.0,0.0,0.0,0.0,0.0,0.0,0.0,1.0,10.0,9.0,2.6,2.56,1.0,0.0,1.0,1.0,0.8,0.31999999999999995,1.0,0.0,0.0,0.0,0.0,0.0,0.0,0.0,4.0,4.0,0.6,0.96,0.0,0.0,0.0,0.0,0.0,0.0,0.0,1.0,4.0,3.0,1.4,0.6399999999999999,1.0,6.615,29.2433333333,22.6283333333,11.922666666660001,6.928266666656,6.615,0.0,7.853,7.853,4.711799999999999,3.7694400000000003,7.853,0.0,2.1106628,2.1106628,0.27060575,0.43296919999999994,0.0,194.0,229.0,35.0,207.6,16.32,194.0,-9.336579307340436,-0.9999474960931723,1,0.808237318114584
Na2ZnNiH6,1.0,30.0,29.0,8.6,9.12,1.0,2.0,92.0,90.0,68.6,28.160000000000004,92.0,1.00794,65.38,64.37205999999999,17.610057856,19.9225414272,1.00794,14.01,1728.0,1713.99,324.648,372.7656,14.01,1.0,12.0,11.0,3.0,3.2,1.0,1.0,4.0,3.0,2.0,1.2,1.0,31.0,166.0,135.0,76.4,54.48,31.0,0.93,2.2,1.27,1.862,0.4152000000000001,2.2,1.0,2.0,1.0,1.2,0.31999999999999995,1.0,0.0,0.0,0.0,0.0,0.0,0.0,0.0,10.0,10.0,1.8,2.88,0.0,0.0,0.0,0.0,0.0,0.0,0.0,1.0,12.0,11.0,3.0,3.2,1.0,0.0,1.0,1.0,0.8,0.31999999999999995,1.0,0.0,0.0,0.0,0.0,0.0,0.0,0.0,2.0,2.0,0.2,0.36000000000000004,0.0,0.0,0.0,0.0,0.0,0.0,0.0,0.0,2.0,2.0,1.0,0.2,1.0,6.615,29.2433333333,22.6283333333,12.24566666666,7.141933333324,6.615,0.0,7.853,7.853,4.711799999999999,3.7694400000000003,7.853,0.0,0.5953947,0.5953947,0.059539470000000004,0.107171046,0.0,194.0,229.0,35.0,204.1,14.139999999999997,194.0,-8.527460307540746,-1.1965183102031218,1,0.8076015991800104
Na2NiZnH6,1.0,30.0,29.0,8.6,9.12,1.0,2.0,92.0,90.0,68.6,28.160000000000004,92.0,1.00794,65.38,64.37205999999999,17.610057856,19.9225414272,1.00794,14.01,1728.0,1713.99,324.64799999999997,372.7656,14.01,1.0,12.0,11.0,3.0,3.2,1.0,1.0,4.0,3.0,2.0,1.2,1.0,31.0,166.0,135.0,76.4,54.48,31.0,0.93,2.2,1.27,1.862,0.4152000000000001,2.2,1.0,2.0,1.0,1.2,0.31999999999999995,1.0,0.0,0.0,0.0,0.0,0.0,0.0,0.0,10.0,10.0,1.8,2.88,0.0,0.0,0.0,0.0,0.0,0.0,0.0,1.0,12.0,11.0,3.0,3.2,1.0,0.0,1.0,1.0,0.8,0.31999999999999995,1.0,0.0,0.0,0.0,0.0,0.0,0.0,0.0,2.0,2.0,0.2,0.36000000000000004,0.0,0.0,0.0,0.0,0.0,0.0,0.0,0.0,2.0,2.0,1.0,0.2,1.0,6.615,29.2433333333,22.6283333333,12.24566666666,7.141933333324,6.615,0.0,7.853,7.853,4.711799999999999,3.7694400000000003,7.853,0.0,0.5953947,0.5953947,0.059539470000000004,0.107171046,0.0,194.0,229.0,35.0,204.1,14.139999999999997,194.0,-8.527460307540746,-1.1965183102031218,1,0.8076015991800104
K2TiCrH6,1.0,24.0,23.0,9.0,9.6,1.0,3.0,92.0,89.0,65.0,32.4,92.0,1.00794,51.9961,50.98816,18.410734,20.8833528,1.00794,14.01,2180.0,2165.99,487.812,629.0752,14.01,1.0,6.0,5.0,1.8,1.28,1.0,1.0,4.0,3.0,2.2,1.44,1.0,31.0,203.0,172.0,89.1,69.72,31.0,0.82,2.2,1.3800000000000003,1.8039999999999998,0.4752000000000002,2.2,1.0,2.0,1.0,1.1,0.18000000000000008,1.0,0.0,0.0,0.0,0.0,0.0,0.0,0.0,5.0,5.0,0.7,1.1199999999999999,0.0,0.0,0.0,0.0,0.0,0.0,0.0,1.0,6.0,5.0,1.8,1.28,1.0,0.0,1.0,1.0,0.9,0.18,1.0,0.0,0.0,0.0,0.0,0.0,0.0,0.0,8.0,8.0,1.3,2.08,0.0,0.0,0.0,0.0,0.0,0.0,0.0,1.0,8.0,7.0,2.2,1.9200000000000004,1.0,6.615,73.1066666667,66.4916666667,21.37833333334,20.691333333343998,6.615,0.0,7.853,7.853,4.711799999999999,3.7694400000000003,7.853,0.0,2.25333333333e-05,2.25333333333e-05,2.25333333333e-06,4.055999999994e-06,0.0,194.0,229.0,35.0,204.5,14.7,194.0,-11.287219389291057,0.6506384419020612,1,0.8075460071093797
K2CrTiH6,1.0,24.0,23.0,9.0,9.6,1.0,3.0,92.0,89.0,65.0,32.4,92.0,1.00794,51.9961,50.98816,18.410733999999998,20.883352799999997,1.00794,14.01,2180.0,2165.99,487.812,629.0752,14.01,1.0,6.0,5.0,1.8,1.28,1.0,1.0,4.0,3.0,2.2,1.44,1.0,31.0,203.0,172.0,89.1,69.72,31.0,0.82,2.2,1.3800000000000003,1.8039999999999998,0.4752000000000002,2.2,1.0,2.0,1.0,1.1,0.18000000000000008,1.0,0.0,0.0,0.0,0.0,0.0,0.0,0.0,5.0,5.0,0.7,1.1199999999999999,0.0,0.0,0.0,0.0,0.0,0.0,0.0,1.0,6.0,5.0,1.8,1.28,1.0,0.0,1.0,1.0,0.9,0.18,1.0,0.0,0.0,0.0,0.0,0.0,0.0,0.0,8.0,8.0,1.3,2.08,0.0,0.0,0.0,0.0,0.0,0.0,0.0,1.0,8.0,7.0,2.2,1.9200000000000004,1.0,6.615,73.1066666667,66.4916666667,21.37833333334,20.691333333343998,6.615,0.0,7.853,7.853,4.711799999999999,3.7694400000000003,7.853,0.0,2.25333333333e-05,2.25333333333e-05,2.25333333333e-06,4.055999999993999e-06,0.0,194.0,229.0,35.0,204.5,14.7,194.0,-11.287219389291057,0.6506384419020612,1,0.8075460071093797
Rb2AlCoH6,1.0,37.0,36.0,12.0,13.2,1.0,4.0,92.0,88.0,69.1,28.26,92.0,1.00794,85.4678,84.45985999999999,26.28979736,30.338228832,1.00794,14.01,1768.0,1753.99,341.04499999999996,403.87600000000003,14.01,1.0,13.0,12.0,3.0,3.2,1.0,1.0,5.0,4.0,2.3,1.56,1.0,31.0,220.0,189.0,87.3,67.55999999999999,31.0,0.82,2.2,1.3800000000000003,1.8330000000000002,0.44980000000000003,2.2,1.0,2.0,1.0,1.2,0.31999999999999995,1.0,0.0,1.0,1.0,0.1,0.18000000000000002,0.0,0.0,7.0,7.0,0.7,1.2599999999999998,0.0,0.0,0.0,0.0,0.0,0.0,0.0,1.0,9.0,8.0,2.0,1.6,1.0,0.0,1.0,1.0,0.8,0.31999999999999995,1.0,0.0,5.0,5.0,0.5,0.9,0.0,0.0,3.0,3.0,0.3,0.54,0.0,0.0,0.0,0.0,0.0,0.0,0.0,1.0,5.0,4.0,1.6,0.9600000000000002,1.0,6.615,90.7225,84.1075,24.785999999999998,26.374599999999997,6.615,0.0,7.853,7.853,4.711799999999999,3.7694400000000003,7.853,0.0,1.5484712,1.5484712,0.15484712,0.278724816,0.0,194.0,229.0,35.0,204.1,14.139999999999997,194.0,-8.797040399106729,0.630086838505088,1,0.8075376510956624
Rb2CoAlH6,1.0,37.0,36.0,12.0,13.2,1.0,4.0,92.0,88.0,69.1,28.26,92.0,1.00794,85.4678,84.45985999999999,26.28979736,30.338228832,1.00794,14.01,1768.0,1753.99,341.045,403.87600000000003,14.01,1.0,13.0,12.0,3.0,3.2,1.0,1.0,5.0,4.0,2.3,1.56,1.0,31.0,220.0,189.0,87.3,67.55999999999999,31.0,0.82,2.2,1.3800000000000003,1.8330000000000002,0.44980000000000003,2.2,1.0,2.0,1.0,1.2,0.31999999999999995,1.0,0.0,1.0,1.0,0.1,0.18000000000000002,0.0,0.0,7.0,7.0,0.7,1.2599999999999998,0.0,0.0,0.0,0.0,0.0,0.0,0.0,1.0,9.0,8.0,2.0,1.6,1.0,0.0,1.0,1.0,0.8,0.31999999999999995,1.0,0.0,5.0,5.0,0.5,0.9,0.0,0.0,3.0,3.0,0.3,0.54,0.0,0.0,0.0,0.0,0.0,0.0,0.0,1.0,5.0,4.0,1.6,0.9600000000000002,1.0,6.615,90.7225,84.1075,24.785999999999998,26.374599999999997,6.615,0.0,7.853,7.853,4.711799999999999,3.7694400000000003,7.853,0.0,1.5484712,1.5484712,0.15484712,0.278724816,0.0,194.0,229.0,35.0,204.1,14.139999999999997,194.0,-8.797040399106729,0.630086838505088,1,0.8075376510956624
Ca2CuTiH6,1.0,29.0,28.0,9.7,10.440000000000001,1.0,7.0,92.0,85.0,67.3,29.639999999999997,92.0,1.00794,63.546,62.53806,19.761664,22.5044688,1.00794,14.01,1941.0,1926.99,561.2830000000001,656.7275999999999,14.01,1.0,11.0,10.0,2.5,2.0,1.0,1.0,4.0,3.0,2.2,1.44,1.0,31.0,176.0,145.0,83.0,62.4,31.0,1.0,2.2,1.2000000000000002,1.864,0.4104000000000001,2.2,1.0,2.0,1.0,1.3,0.42000000000000004,1.0,0.0,0.0,0.0,0.0,0.0,0.0,0.0,10.0,10.0,1.2,1.9200000000000004,0.0,0.0,0.0,0.0,0.0,0.0,0.0,1.0,11.0,10.0,2.5,2.0,1.0,0.0,1.0,1.0,0.7,0.42000000000000004,1.0,0.0,0.0,0.0,0.0,0.0,0.0,0.0,8.0,8.0,0.8,1.4400000000000002,0.0,0.0,0.0,0.0,0.0,0.0,0.0,0.0,8.0,8.0,1.5,1.3,1.0,6.615,37.77,31.155,14.299000000000001,9.866600000000002,6.615,0.0,7.853,7.853,4.711799999999999,3.7694400000000003,7.853,0.0,2.25333333333e-05,2.25333333333e-05,2.25333333333e-06,4.055999999993999e-06,0.0,194.0,225.0,31.0,203.3,13.020000000000005,194.0,-9.534337643998375,-0.18483523361237988,1,0.8069992745074975
Ca2TiCuH6,1.0,29.0,28.0,9.7,10.440000000000001,1.0,7.0,92.0,85.0,67.3,29.639999999999997,92.0,1.00794,63.546,62.53806,19.761664,22.5044688,1.00794,14.01,1941.0,1926.99,561.2830000000001,656.7276,14.01,1.0,11.0,10.0,2.5,2.0,1.0,1.0,4.0,3.0,2.2,1.44,1.0,31.0,176.0,145.0,83.0,62.4,31.0,1.0,2.2,1.2000000000000002,1.864,0.4104000000000001,2.2,1.0,2.0,1.0,1.3,0.41999999999999993,1.0,0.0,0.0,0.0,0.0,0.0,0.0,0.0,10.0,10.0,1.2,1.92,0.0,0.0,0.0,0.0,0.0,0.0,0.0,1.0,11.0,10.0,2.5,2.0,1.0,0.0,1.0,1.0,0.7,0.41999999999999993,1.0,0.0,0.0,0.0,0.0,0.0,0.0,0.0,8.0,8.0,0.8,1.4400000000000002,0.0,0.0,0.0,0.0,0.0,0.0,0.0,0.0,8.0,8.0,1.5,1.3,1.0,6.615,37.77,31.155,14.299000000000001,9.866600000000002,6.615,0.0,7.853,7.853,4.711799999999999,3.7694400000000003,7.853,0.0,2.25333333333e-05,2.25333333333e-05,2.25333333333e-06,4.055999999994e-06,0.0,194.0,225.0,31.0,203.3,13.020000000000005,194.0,-9.534337643998375,-0.18483523361237977,1,0.8069992745074975
K2CrFeH6,1.0,26.0,25.0,9.4,10.080000000000002,1.0,3.0,92.0,89.0,66.2,30.96,92.0,1.00794,55.845,54.83706,19.208534,21.8407128,1.00794,14.01,2180.0,2165.99,474.812,608.2752,14.01,1.0,8.0,7.0,2.2,1.9200000000000004,1.0,1.0,4.0,3.0,2.2,1.44,1.0,31.0,203.0,172.0,86.3,66.35999999999999,31.0,0.82,2.2,1.3800000000000003,1.8330000000000002,0.44040000000000007,2.2,1.0,2.0,1.0,1.1,0.18000000000000008,1.0,0.0,0.0,0.0,0.0,0.0,0.0,0.0,6.0,6.0,1.1,1.7600000000000002,0.0,0.0,0.0,0.0,0.0,0.0,0.0,1.0,8.0,7.0,2.2,1.9200000000000004,1.0,0.0,1.0,1.0,0.9,0.18,1.0,0.0,0.0,0.0,0.0,0.0,0.0,0.0,5.0,5.0,0.9,1.44,0.0,0.0,0.0,0.0,0.0,0.0,0.0,1.0,6.0,5.0,1.8,1.28,1.0,6.615,73.1066666667,66.4916666667,20.78233333334,20.929733333343997,6.615,0.0,7.853,7.853,4.711799999999999,3.7694400000000003,7.853,0.0,2.1106628,2.1106628,0.21106628,0.37991930399999996,0.0,194.0,229.0,35.0,208.0,16.8,194.0,-10.968332995882662,0.621152855019302,1,0.8066293073380083
Rb2MnCrH6,1.0,37.0,36.0,12.9,14.280000000000001,1.0,4.0,92.0,88.0,66.1,31.080000000000002,92.0,1.00794,85.4678,84.45985999999999,28.391738500000002,32.8605582,1.00794,14.01,2180.0,2165.99,440.79800000000006,563.4808,14.01,1.0,7.0,6.0,2.1,1.7600000000000002,1.0,1.0,5.0,4.0,2.4,1.6799999999999997,1.0,31.0,220.0,189.0,90.4,71.28,31.0,0.82,2.2,1.3800000000000003,1.8050000000000002,0.4740000000000001,2.2,1.0,2.0,1.0,1.1,0.18000000000000008,1.0,0.0,0.0,0.0,0.0,0.0,0.0,0.0,5.0,5.0,1.0,1.6,0.0,0.0,0.0,0.0,0.0,0.0,0.0,1.0,7.0,6.0,2.1,1.7600000000000002,1.0,0.0,1.0,1.0,0.9,0.18,1.0,0.0,0.0,0.0,0.0,0.0,0.0,0.0,5.0,5.0,1.0,1.6,0.0,0.0,0.0,0.0,0.0,0.0,0.0,1.0,6.0,5.0,1.9,1.44,1.0,6.615,90.7225,84.1075,24.28125862069,26.576496551724006,6.615,0.0,7.853,7.853,4.711799999999999,3.7694400000000003,7.853,0.0,0.000310120689655,0.000310120689655,3.10120689655e-05,5.58217241379e-05,0.0,194.0,229.0,35.0,206.8,15.360000000000003,194.0,-11.541328243211076,2.0819605798132557,1,0.8066293073380083
K2FeCrH6,1.0,26.0,25.0,9.4,10.080000000000002,1.0,3.0,92.0,89.0,66.2,30.96,92.0,1.00794,55.845,54.83706,19.208534000000004,21.8407128,1.00794,14.01,2180.0,2165.99,474.812,608.2752,14.01,1.0,8.0,7.0,2.2,1.9200000000000004,1.0,1.0,4.0,3.0,2.2,1.44,1.0,31.0,203.0,172.0,86.3,66.35999999999999,31.0,0.82,2.2,1.3800000000000003,1.8330000000000002,0.44040000000000007,2.2,1.0,2.0,1.0,1.1,0.18000000000000008,1.0,0.0,0.0,0.0,0.0,0.0,0.0,0.0,6.0,6.0,1.1,1.7600000000000002,0.0,0.0,0.0,0.0,0.0,0.0,0.0,1.0,8.0,7.0,2.2,1.9200000000000004,1.0,0.0,1.0,1.0,0.9,0.18,1.0,0.0,0.0,0.0,0.0,0.0,0.0,0.0,5.0,5.0,0.9,1.44,0.0,0.0,0.0,0.0,0.0,0.0,0.0,1.0,6.0,5.0,1.8,1.28,1.0,6.615,73.1066666667,66.4916666667,20.78233333334,20.929733333343997,6.615,0.0,7.853,7.853,4.711799999999999,3.7694400000000003,7.853,0.0,2.1106628,2.1106628,0.21106628,0.37991930399999996,0.0,194.0,229.0,35.0,208.0,16.8,194.0,-10.968332995882662,0.6211528550193021,1,0.8066293073380083
Rb2CrMnH6,1.0,37.0,36.0,12.9,14.280000000000001,1.0,4.0,92.0,88.0,66.1,31.080000000000002,92.0,1.00794,85.4678,84.45985999999999,28.391738499999995,32.8605582,1.00794,14.01,2180.0,2165.99,440.79800000000006,563.4808,14.01,1.0,7.0,6.0,2.1,1.7600000000000002,1.0,1.0,5.0,4.0,2.4,1.6799999999999997,1.0,31.0,220.0,189.0,90.4,71.28,31.0,0.82,2.2,1.3800000000000003,1.8050000000000002,0.4740000000000001,2.2,1.0,2.0,1.0,1.1,0.18000000000000008,1.0,0.0,0.0,0.0,0.0,0.0,0.0,0.0,5.0,5.0,1.0,1.6,0.0,0.0,0.0,0.0,0.0,0.0,0.0,1.0,7.0,6.0,2.1,1.7600000000000002,1.0,0.0,1.0,1.0,0.9,0.18,1.0,0.0,0.0,0.0,0.0,0.0,0.0,0.0,5.0,5.0,1.0,1.6,0.0,0.0,0.0,0.0,0.0,0.0,0.0,1.0,6.0,5.0,1.9,1.44,1.0,6.615,90.7225,84.1075,24.28125862069,26.576496551724006,6.615,0.0,7.853,7.853,4.711799999999999,3.7694400000000003,7.853,0.0,0.000310120689655,0.000310120689655,3.10120689655e-05,5.58217241379e-05,0.0,194.0,229.0,35.0,206.8,15.360000000000003,194.0,-11.541328243211076,2.0819605798132557,1,0.8066293073380083
Rb2CrCuH6,1.0,37.0,36.0,13.3,14.760000000000002,1.0,4.0,92.0,88.0,67.3,29.639999999999997,92.0,1.00794,85.4678,84.45985999999999,29.252533999999997,33.893512799999996,1.00794,14.01,2180.0,2165.99,424.67500000000007,537.684,14.01,1.0,11.0,10.0,2.5,2.4,1.0,1.0,5.0,4.0,2.4,1.6799999999999997,1.0,31.0,220.0,189.0,89.7,70.44000000000001,31.0,0.82,2.2,1.3800000000000003,1.8399999999999999,0.4440000000000001,2.2,1.0,1.0,0.0,1.0,0.0,1.0,0.0,0.0,0.0,0.0,0.0,0.0,0.0,10.0,10.0,1.5,2.4,0.0,0.0,0.0,0.0,0.0,0.0,0.0,1.0,11.0,10.0,2.5,2.4,1.0,1.0,1.0,0.0,1.0,0.0,1.0,0.0,0.0,0.0,0.0,0.0,0.0,0.0,5.0,5.0,0.5,0.9,0.0,0.0,0.0,0.0,0.0,0.0,0.0,1.0,6.0,5.0,1.5,0.9,1.0,6.615,90.7225,84.1075,24.339499999999997,26.553199999999997,6.615,0.0,7.853,7.853,4.711799999999999,3.7694400000000003,7.853,0.0,0.0,0.0,0.0,0.0,0.0,194.0,229.0,35.0,207.6,16.32,194.0,-13.028612819244843,3.0332644972861864,1,0.8063087885985749
Rb2CuCrH6,1.0,37.0,36.0,13.3,14.760000000000002,1.0,4.0,92.0,88.0,67.3,29.639999999999997,92.0,1.00794,85.4678,84.45985999999999,29.252533999999997,33.893512799999996,1.00794,14.01,2180.0,2165.99,424.67500000000007,537.684,14.01,1.0,11.0,10.0,2.5,2.4,1.0,1.0,5.0,4.0,2.4,1.6799999999999997,1.0,31.0,220.0,189.0,89.7,70.44000000000001,31.0,0.82,2.2,1.3800000000000003,1.8400000000000003,0.44400000000000006,2.2,1.0,1.0,0.0,1.0,0.0,1.0,0.0,0.0,0.0,0.0,0.0,0.0,0.0,10.0,10.0,1.5,2.4,0.0,0.0,0.0,0.0,0.0,0.0,0.0,1.0,11.0,10.0,2.5,2.4,1.0,1.0,1.0,0.0,1.0,0.0,1.0,0.0,0.0,0.0,0.0,0.0,0.0,0.0,5.0,5.0,0.5,0.9,0.0,0.0,0.0,0.0,0.0,0.0,0.0,1.0,6.0,5.0,1.5,0.9,1.0,6.615,90.7225,84.1075,24.339499999999997,26.553199999999997,6.615,0.0,7.853,7.853,4.711799999999999,3.7694400000000003,7.853,0.0,0.0,0.0,0.0,0.0,0.0,194.0,229.0,35.0,207.6,16.32,194.0,-13.028612819244843,3.0332644972861864,1,0.8063087885985749
Na2TiMnH6,1.0,25.0,24.0,7.5,7.8,1.0,2.0,92.0,90.0,65.1,32.28,92.0,1.00794,54.938045,53.930105000000005,15.483222355999999,17.370338827199998,1.00794,14.01,1941.0,1926.99,428.58000000000004,520.568,14.01,1.0,7.0,6.0,1.9,1.44,1.0,1.0,4.0,3.0,2.0,1.2,1.0,31.0,166.0,135.0,81.7,60.84000000000001,31.0,0.93,2.2,1.27,1.8150000000000002,0.4620000000000001,2.2,1.0,2.0,1.0,1.2,0.31999999999999995,1.0,0.0,0.0,0.0,0.0,0.0,0.0,0.0,5.0,5.0,0.7,1.1199999999999999,0.0,0.0,0.0,0.0,0.0,0.0,0.0,1.0,7.0,6.0,1.9,1.44,1.0,0.0,1.0,1.0,0.8,0.31999999999999995,1.0,0.0,0.0,0.0,0.0,0.0,0.0,0.0,8.0,8.0,1.3,2.08,0.0,0.0,0.0,0.0,0.0,0.0,0.0,1.0,8.0,7.0,2.1,1.7600000000000002,1.0,6.615,29.2433333333,22.6283333333,12.53542528735,7.5140781609100005,6.615,0.0,7.853,7.853,4.711799999999999,3.7694400000000003,7.853,0.0,0.000310120689655,0.000310120689655,3.326540229883e-05,5.5371057471234e-05,0.0,194.0,229.0,35.0,203.3,13.020000000000005,194.0,-10.024190986179821,-0.8563299538251297,1,0.8063087885985749
K2ZnScH6,1.0,30.0,29.0,9.5,10.2,1.0,3.0,92.0,89.0,63.8,34.88,92.0,1.00794,65.38,64.37205999999999,19.4580152,22.14009024,1.00794,14.01,1814.0,1799.99,326.38,374.84399999999994,14.01,1.0,12.0,11.0,2.3,2.0799999999999996,1.0,1.0,4.0,3.0,2.2,1.44,1.0,31.0,203.0,172.0,88.4,68.88,31.0,0.82,2.2,1.3800000000000003,1.7850000000000001,0.49800000000000005,2.2,1.0,2.0,1.0,1.2,0.31999999999999995,1.0,0.0,0.0,0.0,0.0,0.0,0.0,0.0,10.0,10.0,1.1,1.78,0.0,0.0,0.0,0.0,0.0,0.0,0.0,1.0,12.0,11.0,2.3,2.0799999999999996,1.0,0.0,1.0,1.0,0.8,0.31999999999999995,1.0,0.0,0.0,0.0,0.0,0.0,0.0,0.0,9.0,9.0,0.9,1.6200000000000003,0.0,0.0,0.0,0.0,0.0,0.0,0.0,0.0,9.0,9.0,1.7,1.4599999999999997,1.0,6.615,73.1066666667,66.4916666667,22.209833333339997,20.363766666675996,6.615,0.0,7.853,7.853,4.711799999999999,3.7694400000000003,7.853,0.0,6.35e-06,6.35e-06,6.350000000000001e-07,1.1430000000000001e-06,0.0,194.0,229.0,35.0,201.0,11.2,194.0,-10.336690091075823,1.0939332597725024,1,0.8063087885985749
K2ZnTiH6,1.0,30.0,29.0,9.6,10.319999999999999,1.0,3.0,92.0,89.0,67.0,30.4,92.0,1.00794,65.38,64.37205999999999,19.749124,22.489420799999998,1.00794,14.01,1941.0,1926.99,339.08,391.104,14.01,1.0,12.0,11.0,2.4,2.2399999999999998,1.0,1.0,4.0,3.0,2.2,1.44,1.0,31.0,203.0,172.0,87.4,67.67999999999999,31.0,0.82,2.2,1.3800000000000003,1.8030000000000002,0.4764000000000001,2.2,1.0,2.0,1.0,1.2,0.31999999999999995,1.0,0.0,0.0,0.0,0.0,0.0,0.0,0.0,10.0,10.0,1.2,1.9200000000000004,0.0,0.0,0.0,0.0,0.0,0.0,0.0,1.0,12.0,11.0,2.4,2.2399999999999998,1.0,0.0,1.0,1.0,0.8,0.31999999999999995,1.0,0.0,0.0,0.0,0.0,0.0,0.0,0.0,8.0,8.0,0.8,1.4400000000000002,0.0,0.0,0.0,0.0,0.0,0.0,0.0,0.0,8.0,8.0,1.6,1.28,1.0,6.615,73.1066666667,66.4916666667,21.65533333334,20.580533333344,6.615,0.0,7.853,7.853,4.711799999999999,3.7694400000000003,7.853,0.0,2.25333333333e-05,2.25333333333e-05,2.25333333333e-06,4.055999999993999e-06,0.0,194.0,229.0,35.0,201.0,11.2,194.0,-10.111165391318355,0.8745838716924318,1,0.8063087885985749
K2ScZnH6,1.0,30.0,29.0,9.5,10.2,1.0,3.0,92.0,89.0,63.8,34.879999999999995,92.0,1.00794,65.38,64.37205999999999,19.4580152,22.14009024,1.00794,14.01,1814.0,1799.99,326.38,374.84399999999994,14.01,1.0,12.0,11.0,2.3,2.0799999999999996,1.0,1.0,4.0,3.0,2.2,1.44,1.0,31.0,203.0,172.0,88.4,68.88,31.0,0.82,2.2,1.3800000000000003,1.7850000000000001,0.49800000000000005,2.2,1.0,2.0,1.0,1.2,0.31999999999999995,1.0,0.0,0.0,0.0,0.0,0.0,0.0,0.0,10.0,10.0,1.1,1.78,0.0,0.0,0.0,0.0,0.0,0.0,0.0,1.0,12.0,11.0,2.3,2.0799999999999996,1.0,0.0,1.0,1.0,0.8,0.31999999999999995,1.0,0.0,0.0,0.0,0.0,0.0,0.0,0.0,9.0,9.0,0.9,1.6200000000000003,0.0,0.0,0.0,0.0,0.0,0.0,0.0,0.0,9.0,9.0,1.7,1.4599999999999997,1.0,6.615,73.1066666667,66.4916666667,22.20983333334,20.363766666676,6.615,0.0,7.853,7.853,4.711799999999999,3.7694400000000003,7.853,0.0,6.35e-06,6.35e-06,6.350000000000001e-07,1.1430000000000001e-06,0.0,194.0,229.0,35.0,201.0,11.2,194.0,-10.336690091075823,1.0939332597725027,1,0.8063087885985749
Cs2FeCrH6,1.0,55.0,54.0,16.6,18.72,1.0,5.0,92.0,87.0,66.6,30.48,92.0,1.00794,132.9054519,131.8975119,37.96996438000001,44.354429256,1.00794,14.01,2180.0,2165.99,467.82400000000007,611.0704000000001,14.01,1.0,8.0,7.0,2.2,1.9200000000000004,1.0,1.0,6.0,5.0,2.6,1.9200000000000004,1.0,31.0,244.0,213.0,94.5,76.2,31.0,0.79,2.2,1.4100000000000001,1.8270000000000004,0.44819999999999993,2.2,1.0,2.0,1.0,1.1,0.18000000000000008,1.0,0.0,0.0,0.0,0.0,0.0,0.0,0.0,6.0,6.0,1.1,1.7600000000000002,0.0,0.0,0.0,0.0,0.0,0.0,0.0,1.0,8.0,7.0,2.2,1.9200000000000004,1.0,0.0,1.0,1.0,0.9,0.18,1.0,0.0,0.0,0.0,0.0,0.0,0.0,0.0,5.0,5.0,0.9,1.44,0.0,0.0,0.0,0.0,0.0,0.0,0.0,1.0,6.0,5.0,1.8,1.28,1.0,6.615,115.765,109.15,29.314,34.5804,6.615,0.0,7.853,7.853,4.711799999999999,3.7694400000000003,7.853,0.0,2.1106628,2.1106628,0.21106628,0.37991930399999996,0.0,194.0,229.0,35.0,208.0,16.8,194.0,-12.605154324337112,4.367602931770344,1,0.8063087885985749
K2TiZnH6,1.0,30.0,29.0,9.6,10.319999999999999,1.0,3.0,92.0,89.0,67.0,30.4,92.0,1.00794,65.38,64.37205999999999,19.749124000000002,22.489420799999998,1.00794,14.01,1941.0,1926.99,339.08,391.104,14.01,1.0,12.0,11.0,2.4,2.2399999999999998,1.0,1.0,4.0,3.0,2.2,1.44,1.0,31.0,203.0,172.0,87.4,67.67999999999999,31.0,0.82,2.2,1.3800000000000003,1.8030000000000002,0.4764000000000001,2.2,1.0,2.0,1.0,1.2,0.31999999999999995,1.0,0.0,0.0,0.0,0.0,0.0,0.0,0.0,10.0,10.0,1.2,1.92,0.0,0.0,0.0,0.0,0.0,0.0,0.0,1.0,12.0,11.0,2.4,2.2399999999999998,1.0,0.0,1.0,1.0,0.8,0.31999999999999995,1.0,0.0,0.0,0.0,0.0,0.0,0.0,0.0,8.0,8.0,0.8,1.4400000000000002,0.0,0.0,0.0,0.0,0.0,0.0,0.0,0.0,8.0,8.0,1.6,1.28,1.0,6.615,73.1066666667,66.4916666667,21.65533333334,20.580533333344,6.615,0.0,7.853,7.853,4.711799999999999,3.7694400000000003,7.853,0.0,2.25333333333e-05,2.25333333333e-05,2.25333333333e-06,4.055999999994e-06,0.0,194.0,229.0,35.0,201.0,11.2,194.0,-10.111165391318355,0.8745838716924318,1,0.8063087885985749
Na2MnVH6,1.0,25.0,24.0,7.6,7.919999999999999,1.0,2.0,92.0,90.0,65.4,31.919999999999998,92.0,1.00794,54.938045,53.930105000000005,15.790672355999998,17.739278827200003,1.00794,14.01,2183.0,2168.99,452.78000000000003,559.2880000000001,14.01,1.0,7.0,6.0,2.0,1.6,1.0,1.0,4.0,3.0,2.0,1.2,1.0,31.0,166.0,135.0,81.0,60.0,31.0,0.93,2.2,1.27,1.8240000000000003,0.45120000000000005,2.2,1.0,2.0,1.0,1.2,0.31999999999999995,1.0,0.0,0.0,0.0,0.0,0.0,0.0,0.0,5.0,5.0,0.8,1.28,0.0,0.0,0.0,0.0,0.0,0.0,0.0,1.0,7.0,6.0,2.0,1.6,1.0,0.0,1.0,1.0,0.8,0.31999999999999995,1.0,0.0,0.0,0.0,0.0,0.0,0.0,0.0,7.0,7.0,1.2,1.92,0.0,0.0,0.0,0.0,0.0,0.0,0.0,1.0,7.0,6.0,2.0,1.6,1.0,6.615,29.2433333333,22.6283333333,12.167425287350001,6.998878160910001,6.615,0.0,7.853,7.853,4.711799999999999,3.7694400000000003,7.853,0.0,0.000310120689655,0.000310120689655,3.10120689655e-05,5.58217241379e-05,0.0,194.0,229.0,35.0,206.8,15.360000000000003,194.0,-9.895585894654234,-1.006295610709143,1,0.8063087885985749
Cs2CrFeH6,1.0,55.0,54.0,16.6,18.72,1.0,5.0,92.0,87.0,66.6,30.48,92.0,1.00794,132.9054519,131.8975119,37.96996438,44.354429256,1.00794,14.01,2180.0,2165.99,467.82400000000007,611.0704000000001,14.01,1.0,8.0,7.0,2.2,1.9200000000000004,1.0,1.0,6.0,5.0,2.6,1.9200000000000004,1.0,31.0,244.0,213.0,94.5,76.2,31.0,0.79,2.2,1.4100000000000001,1.8270000000000004,0.44819999999999993,2.2,1.0,2.0,1.0,1.1,0.18000000000000008,1.0,0.0,0.0,0.0,0.0,0.0,0.0,0.0,6.0,6.0,1.1,1.7600000000000002,0.0,0.0,0.0,0.0,0.0,0.0,0.0,1.0,8.0,7.0,2.2,1.9200000000000004,1.0,0.0,1.0,1.0,0.9,0.18,1.0,0.0,0.0,0.0,0.0,0.0,0.0,0.0,5.0,5.0,0.9,1.44,0.0,0.0,0.0,0.0,0.0,0.0,0.0,1.0,6.0,5.0,1.8,1.28,1.0,6.615,115.765,109.15,29.314,34.5804,6.615,0.0,7.853,7.853,4.711799999999999,3.7694400000000003,7.853,0.0,2.1106628,2.1106628,0.21106628,0.37991930399999996,0.0,194.0,229.0,35.0,208.0,16.8,194.0,-12.605154324337112,4.367602931770344,1,0.8063087885985749
Na2MnTiH6,1.0,25.0,24.0,7.5,7.8,1.0,2.0,92.0,90.0,65.1,32.28,92.0,1.00794,54.938045,53.930105000000005,15.483222355999999,17.370338827199998,1.00794,14.01,1941.0,1926.99,428.58000000000004,520.568,14.01,1.0,7.0,6.0,1.9,1.44,1.0,1.0,4.0,3.0,2.0,1.2,1.0,31.0,166.0,135.0,81.7,60.84000000000001,31.0,0.93,2.2,1.27,1.8150000000000002,0.4620000000000001,2.2,1.0,2.0,1.0,1.2,0.31999999999999995,1.0,0.0,0.0,0.0,0.0,0.0,0.0,0.0,5.0,5.0,0.7,1.1199999999999999,0.0,0.0,0.0,0.0,0.0,0.0,0.0,1.0,7.0,6.0,1.9,1.44,1.0,0.0,1.0,1.0,0.8,0.31999999999999995,1.0,0.0,0.0,0.0,0.0,0.0,0.0,0.0,8.0,8.0,1.3,2.08,0.0,0.0,0.0,0.0,0.0,0.0,0.0,1.0,8.0,7.0,2.1,1.7600000000000002,1.0,6.615,29.2433333333,22.6283333333,12.53542528735,7.5140781609100005,6.615,0.0,7.853,7.853,4.711799999999999,3.7694400000000003,7.853,0.0,0.000310120689655,0.000310120689655,3.326540229883e-05,5.5371057471234e-05,0.0,194.0,229.0,35.0,203.3,13.020000000000005,194.0,-10.024190986179821,-0.8563299538251297,1,0.8063087885985749
Na2VMnH6,1.0,25.0,24.0,7.6,7.919999999999999,1.0,2.0,92.0,90.0,65.4,31.919999999999998,92.0,1.00794,54.938045,53.930105000000005,15.790672355999998,17.739278827200003,1.00794,14.01,2183.0,2168.99,452.78000000000003,559.2880000000001,14.01,1.0,7.0,6.0,2.0,1.6,1.0,1.0,4.0,3.0,2.0,1.2,1.0,31.0,166.0,135.0,81.0,60.0,31.0,0.93,2.2,1.27,1.8240000000000003,0.45120000000000005,2.2,1.0,2.0,1.0,1.2,0.31999999999999995,1.0,0.0,0.0,0.0,0.0,0.0,0.0,0.0,5.0,5.0,0.8,1.28,0.0,0.0,0.0,0.0,0.0,0.0,0.0,1.0,7.0,6.0,2.0,1.6,1.0,0.0,1.0,1.0,0.8,0.31999999999999995,1.0,0.0,0.0,0.0,0.0,0.0,0.0,0.0,7.0,7.0,1.2,1.92,0.0,0.0,0.0,0.0,0.0,0.0,0.0,1.0,7.0,6.0,2.0,1.6,1.0,6.615,29.2433333333,22.6283333333,12.167425287350001,6.998878160910001,6.615,0.0,7.853,7.853,4.711799999999999,3.7694400000000003,7.853,0.0,0.000310120689655,0.000310120689655,3.10120689655e-05,5.58217241379e-05,0.0,194.0,229.0,35.0,206.8,15.360000000000003,194.0,-9.895585894654234,-1.006295610709143,1,0.8063087885985749
Cs2TiCuH6,1.0,55.0,54.0,16.7,18.839999999999996,1.0,5.0,92.0,87.0,66.9,30.119999999999997,92.0,1.00794,132.9054519,131.8975119,38.32715438,44.783057256000006,1.00794,14.01,1941.0,1926.99,398.601,500.31360000000006,14.01,1.0,11.0,10.0,2.3,2.0799999999999996,1.0,1.0,6.0,5.0,2.6,1.9200000000000004,1.0,31.0,244.0,213.0,96.6,78.72,31.0,0.79,2.2,1.4100000000000001,1.8219999999999998,0.4692000000000002,2.2,1.0,2.0,1.0,1.1,0.18000000000000008,1.0,0.0,0.0,0.0,0.0,0.0,0.0,0.0,10.0,10.0,1.2,1.92,0.0,0.0,0.0,0.0,0.0,0.0,0.0,1.0,11.0,10.0,2.3,2.0799999999999996,1.0,0.0,1.0,1.0,0.9,0.18,1.0,0.0,0.0,0.0,0.0,0.0,0.0,0.0,8.0,8.0,0.8,1.4400000000000002,0.0,0.0,0.0,0.0,0.0,0.0,0.0,1.0,8.0,7.0,1.7,1.2599999999999998,1.0,6.615,115.765,109.15,29.898000000000003,34.346799999999995,6.615,0.0,7.853,7.853,4.711799999999999,3.7694400000000003,7.853,0.0,2.25333333333e-05,2.25333333333e-05,2.25333333333e-06,4.055999999994e-06,0.0,194.0,229.0,35.0,204.1,14.139999999999997,194.0,-12.060604829962243,4.607109573943243,1,0.8060675726368547
Cs2CuTiH6,1.0,55.0,54.0,16.7,18.839999999999996,1.0,5.0,92.0,87.0,66.9,30.119999999999997,92.0,1.00794,132.9054519,131.8975119,38.32715438,44.783057256000006,1.00794,14.01,1941.0,1926.99,398.601,500.31360000000006,14.01,1.0,11.0,10.0,2.3,2.0799999999999996,1.0,1.0,6.0,5.0,2.6,1.9200000000000004,1.0,31.0,244.0,213.0,96.6,78.72,31.0,0.79,2.2,1.4100000000000001,1.8219999999999998,0.4692000000000002,2.2,1.0,2.0,1.0,1.1,0.18000000000000008,1.0,0.0,0.0,0.0,0.0,0.0,0.0,0.0,10.0,10.0,1.2,1.9200000000000004,0.0,0.0,0.0,0.0,0.0,0.0,0.0,1.0,11.0,10.0,2.3,2.0799999999999996,1.0,0.0,1.0,1.0,0.9,0.18,1.0,0.0,0.0,0.0,0.0,0.0,0.0,0.0,8.0,8.0,0.8,1.4400000000000002,0.0,0.0,0.0,0.0,0.0,0.0,0.0,1.0,8.0,7.0,1.7,1.2599999999999998,1.0,6.615,115.765,109.15,29.898000000000003,34.346799999999995,6.615,0.0,7.853,7.853,4.711799999999999,3.7694400000000003,7.853,0.0,2.25333333333e-05,2.25333333333e-05,2.25333333333e-06,4.055999999993999e-06,0.0,194.0,229.0,35.0,204.1,14.139999999999997,194.0,-12.060604829962243,4.607109573943243,1,0.8060675726368547
Rb2AlNiH6,1.0,37.0,36.0,12.1,13.319999999999999,1.0,4.0,92.0,88.0,69.4,27.839999999999996,92.0,1.00794,85.4678,84.45985999999999,26.26581786,30.309453431999998,1.00794,14.01,1728.0,1713.99,337.04499999999996,397.476,14.01,1.0,13.0,12.0,3.1,3.3600000000000003,1.0,1.0,5.0,4.0,2.3,1.56,1.0,31.0,220.0,189.0,87.1,67.32000000000001,31.0,0.82,2.2,1.3800000000000003,1.8359999999999999,0.45160000000000017,2.2,1.0,2.0,1.0,1.2,0.31999999999999995,1.0,0.0,1.0,1.0,0.1,0.18000000000000002,0.0,0.0,8.0,8.0,0.8,1.4400000000000002,0.0,0.0,0.0,0.0,0.0,0.0,0.0,1.0,10.0,9.0,2.1,1.7600000000000002,1.0,0.0,1.0,1.0,0.8,0.31999999999999995,1.0,0.0,5.0,5.0,0.5,0.9,0.0,0.0,2.0,2.0,0.2,0.36000000000000004,0.0,0.0,0.0,0.0,0.0,0.0,0.0,1.0,5.0,4.0,1.5,0.8,1.0,6.615,90.7225,84.1075,24.793499999999998,26.3716,6.615,0.0,7.853,7.853,4.711799999999999,3.7694400000000003,7.853,0.0,0.5953947,0.5953947,0.059539470000000004,0.107171046,0.0,194.0,229.0,35.0,207.2,15.839999999999998,194.0,-8.540988954951446,0.522063214825287,1,0.8054718177212827
Rb2NiAlH6,1.0,37.0,36.0,12.1,13.319999999999999,1.0,4.0,92.0,88.0,69.4,27.839999999999996,92.0,1.00794,85.4678,84.45985999999999,26.26581786,30.309453431999998,1.00794,14.01,1728.0,1713.99,337.045,397.476,14.01,1.0,13.0,12.0,3.1,3.3600000000000003,1.0,1.0,5.0,4.0,2.3,1.56,1.0,31.0,220.0,189.0,87.1,67.32000000000001,31.0,0.82,2.2,1.3800000000000003,1.8359999999999999,0.45160000000000017,2.2,1.0,2.0,1.0,1.2,0.31999999999999995,1.0,0.0,1.0,1.0,0.1,0.18000000000000002,0.0,0.0,8.0,8.0,0.8,1.4400000000000002,0.0,0.0,0.0,0.0,0.0,0.0,0.0,1.0,10.0,9.0,2.1,1.7600000000000002,1.0,0.0,1.0,1.0,0.8,0.31999999999999995,1.0,0.0,5.0,5.0,0.5,0.9,0.0,0.0,2.0,2.0,0.2,0.36000000000000004,0.0,0.0,0.0,0.0,0.0,0.0,0.0,1.0,5.0,4.0,1.5,0.8,1.0,6.615,90.7225,84.1075,24.793499999999998,26.3716,6.615,0.0,7.853,7.853,4.711799999999999,3.7694400000000003,7.853,0.0,0.5953947,0.5953947,0.059539470000000004,0.107171046,0.0,194.0,229.0,35.0,207.2,15.839999999999998,194.0,-8.540988954951446,0.522063214825287,1,0.8054718177212827
Ca2CuCoH6,1.0,29.0,28.0,10.2,11.040000000000001,1.0,7.0,92.0,85.0,68.8,27.839999999999996,92.0,1.00794,63.546,62.53806,20.8682835,23.8324122,1.00794,14.01,1768.0,1753.99,543.9830000000001,635.9676000000001,14.01,1.0,11.0,10.0,3.0,2.8,1.0,1.0,4.0,3.0,2.2,1.44,1.0,31.0,176.0,145.0,79.6,58.32000000000001,31.0,1.0,2.2,1.2000000000000002,1.8980000000000001,0.36280000000000007,2.2,1.0,2.0,1.0,1.3,0.42000000000000004,1.0,0.0,0.0,0.0,0.0,0.0,0.0,0.0,10.0,10.0,1.7,2.7199999999999998,0.0,0.0,0.0,0.0,0.0,0.0,0.0,1.0,11.0,10.0,3.0,2.8,1.0,0.0,1.0,1.0,0.7,0.42000000000000004,1.0,0.0,0.0,0.0,0.0,0.0,0.0,0.0,3.0,3.0,0.3,0.54,0.0,0.0,0.0,0.0,0.0,0.0,0.0,0.0,3.0,3.0,1.0,0.4,1.0,6.615,37.77,31.155,13.654500000000002,9.646200000000002,6.615,0.0,7.853,7.853,4.711799999999999,3.7694400000000003,7.853,0.0,1.5484712,1.5484712,0.15484712,0.278724816,0.0,194.0,225.0,31.0,203.3,13.020000000000005,194.0,-9.11507299976738,-0.6302938991820175,1,0.8046079111727967
Na2ZnFeH6,1.0,30.0,29.0,8.4,8.88,1.0,2.0,92.0,90.0,68.0,29.0,92.0,1.00794,65.38,64.37205999999999,17.325217856000002,19.5807334272,1.00794,14.01,1811.0,1796.99,332.948,382.72560000000004,14.01,1.0,12.0,11.0,2.8,2.88,1.0,1.0,4.0,3.0,2.0,1.2,1.0,31.0,166.0,135.0,77.2,55.44000000000001,31.0,0.93,2.2,1.27,1.8539999999999999,0.4152000000000001,2.2,1.0,2.0,1.0,1.2,0.31999999999999995,1.0,0.0,0.0,0.0,0.0,0.0,0.0,0.0,10.0,10.0,1.6,2.56,0.0,0.0,0.0,0.0,0.0,0.0,0.0,1.0,12.0,11.0,2.8,2.88,1.0,0.0,1.0,1.0,0.8,0.31999999999999995,1.0,0.0,0.0,0.0,0.0,0.0,0.0,0.0,4.0,4.0,0.4,0.7200000000000001,0.0,0.0,0.0,0.0,0.0,0.0,0.0,0.0,4.0,4.0,1.2,0.5599999999999999,1.0,6.615,29.2433333333,22.6283333333,12.28666666666,7.117333333324001,6.615,0.0,7.853,7.853,4.711799999999999,3.7694400000000003,7.853,0.0,2.1106628,2.1106628,0.21106628,0.37991930399999996,0.0,194.0,229.0,35.0,204.5,14.7,194.0,-9.036963228854036,-0.8179145646132635,1,0.8046079111727967
Ca2CoCuH6,1.0,29.0,28.0,10.2,11.040000000000001,1.0,7.0,92.0,85.0,68.8,27.839999999999996,92.0,1.00794,63.546,62.53806,20.8682835,23.8324122,1.00794,14.01,1768.0,1753.99,543.9830000000001,635.9676,14.01,1.0,11.0,10.0,3.0,2.8,1.0,1.0,4.0,3.0,2.2,1.44,1.0,31.0,176.0,145.0,79.6,58.32000000000001,31.0,1.0,2.2,1.2000000000000002,1.8980000000000001,0.36280000000000007,2.2,1.0,2.0,1.0,1.3,0.41999999999999993,1.0,0.0,0.0,0.0,0.0,0.0,0.0,0.0,10.0,10.0,1.7,2.7199999999999998,0.0,0.0,0.0,0.0,0.0,0.0,0.0,1.0,11.0,10.0,3.0,2.8,1.0,0.0,1.0,1.0,0.7,0.41999999999999993,1.0,0.0,0.0,0.0,0.0,0.0,0.0,0.0,3.0,3.0,0.3,0.54,0.0,0.0,0.0,0.0,0.0,0.0,0.0,0.0,3.0,3.0,1.0,0.4,1.0,6.615,37.77,31.155,13.654500000000002,9.646200000000002,6.615,0.0,7.853,7.853,4.711799999999999,3.7694400000000003,7.853,0.0,1.5484712,1.5484712,0.15484712,0.278724816,0.0,194.0,225.0,31.0,203.3,13.020000000000005,194.0,-9.11507299976738,-0.6302938991820173,1,0.8046079111727967
Na2FeZnH6,1.0,30.0,29.0,8.4,8.88,1.0,2.0,92.0,90.0,68.0,29.0,92.0,1.00794,65.38,64.37205999999999,17.325217856000002,19.5807334272,1.00794,14.01,1811.0,1796.99,332.948,382.72560000000004,14.01,1.0,12.0,11.0,2.8,2.88,1.0,1.0,4.0,3.0,2.0,1.2,1.0,31.0,166.0,135.0,77.2,55.44000000000001,31.0,0.93,2.2,1.27,1.8539999999999999,0.4152000000000001,2.2,1.0,2.0,1.0,1.2,0.31999999999999995,1.0,0.0,0.0,0.0,0.0,0.0,0.0,0.0,10.0,10.0,1.6,2.56,0.0,0.0,0.0,0.0,0.0,0.0,0.0,1.0,12.0,11.0,2.8,2.88,1.0,0.0,1.0,1.0,0.8,0.31999999999999995,1.0,0.0,0.0,0.0,0.0,0.0,0.0,0.0,4.0,4.0,0.4,0.7200000000000001,0.0,0.0,0.0,0.0,0.0,0.0,0.0,0.0,4.0,4.0,1.2,0.5599999999999999,1.0,6.615,29.2433333333,22.6283333333,12.28666666666,7.117333333324,6.615,0.0,7.853,7.853,4.711799999999999,3.7694400000000003,7.853,0.0,2.1106628,2.1106628,0.21106628,0.37991930399999996,0.0,194.0,229.0,35.0,204.5,14.7,194.0,-9.036963228854036,-0.8179145646132635,1,0.8046079111727967
Na2VAlH6,1.0,23.0,22.0,6.4,6.480000000000001,1.0,2.0,92.0,90.0,67.5,30.5,92.0,1.00794,50.9415,49.93356,12.995021716,14.384498059200002,1.00794,14.01,2183.0,2168.99,394.227,465.6031999999999,14.01,1.0,13.0,12.0,2.6,2.56,1.0,1.0,4.0,3.0,1.9,1.08,1.0,31.0,166.0,135.0,79.2,57.84000000000001,31.0,0.93,2.2,1.27,1.83,0.44400000000000006,2.2,1.0,2.0,1.0,1.2,0.31999999999999995,1.0,0.0,1.0,1.0,0.1,0.18000000000000002,0.0,0.0,3.0,3.0,0.3,0.54,0.0,0.0,0.0,0.0,0.0,0.0,0.0,1.0,5.0,4.0,1.6,0.9600000000000002,1.0,0.0,1.0,1.0,0.8,0.31999999999999995,1.0,0.0,5.0,5.0,0.5,0.9,0.0,0.0,7.0,7.0,0.7,1.2599999999999998,0.0,0.0,0.0,0.0,0.0,0.0,0.0,1.0,7.0,6.0,2.0,1.6,1.0,6.615,29.2433333333,22.6283333333,12.76666666666,7.381999999992,6.615,0.0,7.853,7.853,4.711799999999999,3.7694400000000003,7.853,0.0,0.0,0.0,0.0,0.0,0.0,194.0,229.0,35.0,207.6,16.32,194.0,-7.415567849268285,-2.5664610279561866,1,0.8042891243080355
Na2AlVH6,1.0,23.0,22.0,6.4,6.480000000000001,1.0,2.0,92.0,90.0,67.5,30.5,92.0,1.00794,50.9415,49.93356,12.995021716,14.384498059200002,1.00794,14.01,2183.0,2168.99,394.227,465.6031999999999,14.01,1.0,13.0,12.0,2.6,2.56,1.0,1.0,4.0,3.0,1.9,1.08,1.0,31.0,166.0,135.0,79.2,57.84000000000001,31.0,0.93,2.2,1.27,1.83,0.4440000000000001,2.2,1.0,2.0,1.0,1.2,0.31999999999999995,1.0,0.0,1.0,1.0,0.1,0.18000000000000002,0.0,0.0,3.0,3.0,0.3,0.54,0.0,0.0,0.0,0.0,0.0,0.0,0.0,1.0,5.0,4.0,1.6,0.9600000000000002,1.0,0.0,1.0,1.0,0.8,0.31999999999999995,1.0,0.0,5.0,5.0,0.5,0.9,0.0,0.0,7.0,7.0,0.7,1.2599999999999998,0.0,0.0,0.0,0.0,0.0,0.0,0.0,1.0,7.0,6.0,2.0,1.6,1.0,6.615,29.2433333333,22.6283333333,12.76666666666,7.381999999992002,6.615,0.0,7.853,7.853,4.711799999999999,3.7694400000000003,7.853,0.0,0.0,0.0,0.0,0.0,0.0,194.0,229.0,35.0,207.6,16.32,194.0,-7.415567849268285,-2.5664610279561866,1,0.8042891243080355
Ca2ScCuH6,1.0,29.0,28.0,9.6,10.319999999999999,1.0,7.0,92.0,85.0,64.1,33.480000000000004,92.0,1.00794,63.546,62.53806,19.4705552,22.155138239999996,1.00794,14.01,1814.0,1799.99,548.5830000000001,641.4876,14.01,1.0,11.0,10.0,2.4,1.8399999999999999,1.0,1.0,4.0,3.0,2.2,1.44,1.0,31.0,176.0,145.0,84.0,63.6,31.0,1.0,2.2,1.2000000000000002,1.846,0.4356,2.2,1.0,2.0,1.0,1.3,0.41999999999999993,1.0,0.0,0.0,0.0,0.0,0.0,0.0,0.0,10.0,10.0,1.1,1.78,0.0,0.0,0.0,0.0,0.0,0.0,0.0,1.0,11.0,10.0,2.4,1.8399999999999999,1.0,0.0,1.0,1.0,0.7,0.41999999999999993,1.0,0.0,0.0,0.0,0.0,0.0,0.0,0.0,9.0,9.0,0.9,1.6200000000000003,0.0,0.0,0.0,0.0,0.0,0.0,0.0,0.0,9.0,9.0,1.6,1.48,1.0,6.615,37.77,31.155,14.8535,10.642900000000001,6.615,0.0,7.853,7.853,4.711799999999999,3.7694400000000003,7.853,0.0,6.35e-06,6.35e-06,6.350000000000001e-07,1.1430000000000001e-06,0.0,194.0,225.0,31.0,203.3,13.020000000000005,194.0,-9.763386924047195,0.0431289336588266,1,0.8041932073352333
Ca2CuScH6,1.0,29.0,28.0,9.6,10.319999999999999,1.0,7.0,92.0,85.0,64.1,33.480000000000004,92.0,1.00794,63.546,62.53806,19.4705552,22.15513824,1.00794,14.01,1814.0,1799.99,548.5830000000001,641.4876,14.01,1.0,11.0,10.0,2.4,1.8399999999999999,1.0,1.0,4.0,3.0,2.2,1.44,1.0,31.0,176.0,145.0,84.0,63.6,31.0,1.0,2.2,1.2000000000000002,1.846,0.4356000000000001,2.2,1.0,2.0,1.0,1.3,0.42000000000000004,1.0,0.0,0.0,0.0,0.0,0.0,0.0,0.0,10.0,10.0,1.1,1.78,0.0,0.0,0.0,0.0,0.0,0.0,0.0,1.0,11.0,10.0,2.4,1.8399999999999999,1.0,0.0,1.0,1.0,0.7,0.42000000000000004,1.0,0.0,0.0,0.0,0.0,0.0,0.0,0.0,9.0,9.0,0.9,1.6200000000000003,0.0,0.0,0.0,0.0,0.0,0.0,0.0,0.0,9.0,9.0,1.6,1.48,1.0,6.615,37.77,31.155,14.853500000000002,10.642900000000001,6.615,0.0,7.853,7.853,4.711799999999999,3.7694400000000003,7.853,0.0,6.35e-06,6.35e-06,6.350000000000001e-07,1.1430000000000001e-06,0.0,194.0,225.0,31.0,203.3,13.020000000000005,194.0,-9.763386924047195,0.04312893365882649,1,0.8041932073352333
Ca2ScTiH6,1.0,22.0,21.0,8.9,9.48,1.0,7.0,92.0,85.0,62.0,36.0,92.0,1.00794,47.867,46.85906,17.9026552,20.273658239999996,1.00794,14.01,1941.0,1926.99,606.9060000000001,711.4752000000001,14.01,1.0,4.0,3.0,1.7,0.8399999999999999,1.0,1.0,4.0,3.0,2.2,1.44,1.0,31.0,176.0,145.0,86.8,66.96,31.0,1.0,2.2,1.2000000000000002,1.81,0.46800000000000014,2.2,1.0,2.0,1.0,1.4,0.48,1.0,0.0,0.0,0.0,0.0,0.0,0.0,0.0,2.0,2.0,0.3,0.48,0.0,0.0,0.0,0.0,0.0,0.0,0.0,1.0,4.0,3.0,1.7,0.8399999999999999,1.0,0.0,1.0,1.0,0.6,0.4800000000000001,1.0,0.0,0.0,0.0,0.0,0.0,0.0,0.0,9.0,9.0,1.7,2.7199999999999998,0.0,0.0,0.0,0.0,0.0,0.0,0.0,0.0,9.0,9.0,2.3,2.4799999999999995,1.0,6.615,37.77,31.155,15.4155,10.560599999999999,6.615,0.0,7.853,7.853,4.711799999999999,3.7694400000000003,7.853,0.0,2.25333333333e-05,2.25333333333e-05,2.8883333333300003e-06,4.621333333328001e-06,0.0,194.0,225.0,31.0,200.2,9.919999999999993,194.0,-10.797277767934563,-0.32034326935845675,1,0.8027110517701953
Ca2TiScH6,1.0,22.0,21.0,8.9,9.48,1.0,7.0,92.0,85.0,62.0,36.0,92.0,1.00794,47.867,46.85906,17.902655199999998,20.273658239999996,1.00794,14.01,1941.0,1926.99,606.9060000000001,711.4752000000001,14.01,1.0,4.0,3.0,1.7,0.8399999999999999,1.0,1.0,4.0,3.0,2.2,1.44,1.0,31.0,176.0,145.0,86.8,66.96,31.0,1.0,2.2,1.2000000000000002,1.81,0.4680000000000001,2.2,1.0,2.0,1.0,1.4,0.48,1.0,0.0,0.0,0.0,0.0,0.0,0.0,0.0,2.0,2.0,0.3,0.48,0.0,0.0,0.0,0.0,0.0,0.0,0.0,1.0,4.0,3.0,1.7,0.8399999999999999,1.0,0.0,1.0,1.0,0.6,0.4800000000000001,1.0,0.0,0.0,0.0,0.0,0.0,0.0,0.0,9.0,9.0,1.7,2.7199999999999998,0.0,0.0,0.0,0.0,0.0,0.0,0.0,0.0,9.0,9.0,2.3,2.4799999999999995,1.0,6.615,37.77,31.155,15.4155,10.560599999999999,6.615,0.0,7.853,7.853,4.711799999999999,3.7694400000000003,7.853,0.0,2.25333333333e-05,2.25333333333e-05,2.8883333333300003e-06,4.621333333328001e-06,0.0,194.0,225.0,31.0,200.2,9.919999999999993,194.0,-10.797277767934563,-0.32034326935845675,1,0.8027110517701953
Cs2CuAlH6,1.0,55.0,54.0,15.8,18.32,1.0,5.0,92.0,87.0,69.9,27.139999999999997,92.0,1.00794,132.9054519,131.8975119,36.238608240000005,44.12821581600001,1.00794,14.01,1357.77,1343.76,297.848,340.60560000000004,14.01,1.0,13.0,12.0,3.2,3.5200000000000005,1.0,1.0,6.0,5.0,2.5,1.8,1.0,31.0,244.0,213.0,92.7,74.04,31.0,0.79,2.2,1.4100000000000001,1.829,0.45940000000000014,2.2,1.0,2.0,1.0,1.1,0.18000000000000008,1.0,0.0,1.0,1.0,0.1,0.18000000000000002,0.0,0.0,10.0,10.0,1.0,1.8,0.0,0.0,0.0,0.0,0.0,0.0,0.0,1.0,11.0,10.0,2.2,1.9200000000000004,1.0,0.0,1.0,1.0,0.9,0.18,1.0,0.0,5.0,5.0,0.5,0.9,0.0,0.0,0.0,0.0,0.0,0.0,0.0,0.0,0.0,0.0,0.0,0.0,0.0,1.0,5.0,4.0,1.4,0.72,1.0,6.615,115.765,109.15,29.877,34.3552,6.615,0.0,7.853,7.853,4.711799999999999,3.7694400000000003,7.853,0.0,0.0,0.0,0.0,0.0,0.0,194.0,229.0,35.0,207.2,15.839999999999998,194.0,-9.463504661588098,2.7542562338899303,1,0.8026175771971497
Cs2AlCuH6,1.0,55.0,54.0,15.8,18.32,1.0,5.0,92.0,87.0,69.9,27.139999999999997,92.0,1.00794,132.9054519,131.8975119,36.238608240000005,44.12821581600001,1.00794,14.01,1357.77,1343.76,297.848,340.60560000000004,14.01,1.0,13.0,12.0,3.2,3.5200000000000005,1.0,1.0,6.0,5.0,2.5,1.8,1.0,31.0,244.0,213.0,92.7,74.04,31.0,0.79,2.2,1.4100000000000001,1.829,0.45940000000000014,2.2,1.0,2.0,1.0,1.1,0.18000000000000008,1.0,0.0,1.0,1.0,0.1,0.18000000000000002,0.0,0.0,10.0,10.0,1.0,1.8,0.0,0.0,0.0,0.0,0.0,0.0,0.0,1.0,11.0,10.0,2.2,1.9200000000000004,1.0,0.0,1.0,1.0,0.9,0.18,1.0,0.0,5.0,5.0,0.5,0.9,0.0,0.0,0.0,0.0,0.0,0.0,0.0,0.0,0.0,0.0,0.0,0.0,0.0,1.0,5.0,4.0,1.4,0.72,1.0,6.615,115.765,109.15,29.877,34.3552,6.615,0.0,7.853,7.853,4.711799999999999,3.7694400000000003,7.853,0.0,0.0,0.0,0.0,0.0,0.0,194.0,229.0,35.0,207.2,15.839999999999998,194.0,-9.463504661588098,2.7542562338899303,1,0.8026175771971497
K2CuMnH6,1.0,29.0,28.0,9.8,10.559999999999999,1.0,3.0,92.0,89.0,67.4,29.52,92.0,1.00794,63.546,62.53806,20.272828500000003,23.1178662,1.00794,14.01,1519.0,1504.99,363.389,429.99840000000006,14.01,1.0,11.0,10.0,2.6,2.56,1.0,1.0,4.0,3.0,2.2,1.44,1.0,31.0,203.0,172.0,86.3,66.35999999999999,31.0,0.82,2.2,1.3800000000000003,1.829,0.45940000000000014,2.2,1.0,2.0,1.0,1.1,0.18000000000000008,1.0,0.0,0.0,0.0,0.0,0.0,0.0,0.0,10.0,10.0,1.5,2.4,0.0,0.0,0.0,0.0,0.0,0.0,0.0,1.0,11.0,10.0,2.6,2.56,1.0,0.0,1.0,1.0,0.9,0.18,1.0,0.0,0.0,0.0,0.0,0.0,0.0,0.0,5.0,5.0,0.5,0.9,0.0,0.0,0.0,0.0,0.0,0.0,0.0,1.0,5.0,4.0,1.4,0.72,1.0,6.615,73.1066666667,66.4916666667,20.74609195403,20.944229885068,6.615,0.0,7.853,7.853,4.711799999999999,3.7694400000000003,7.853,0.0,0.000310120689655,0.000310120689655,3.10120689655e-05,5.58217241379e-05,0.0,194.0,229.0,35.0,206.4,14.88,194.0,-10.029462630751077,0.6155918782921251,1,0.8023744002981565
K2MnCuH6,1.0,29.0,28.0,9.8,10.559999999999999,1.0,3.0,92.0,89.0,67.4,29.52,92.0,1.00794,63.546,62.53806,20.2728285,23.117866199999998,1.00794,14.01,1519.0,1504.99,363.389,429.99840000000006,14.01,1.0,11.0,10.0,2.6,2.56,1.0,1.0,4.0,3.0,2.2,1.44,1.0,31.0,203.0,172.0,86.3,66.35999999999999,31.0,0.82,2.2,1.3800000000000003,1.829,0.45940000000000014,2.2,1.0,2.0,1.0,1.1,0.18000000000000008,1.0,0.0,0.0,0.0,0.0,0.0,0.0,0.0,10.0,10.0,1.5,2.4,0.0,0.0,0.0,0.0,0.0,0.0,0.0,1.0,11.0,10.0,2.6,2.56,1.0,0.0,1.0,1.0,0.9,0.18,1.0,0.0,0.0,0.0,0.0,0.0,0.0,0.0,5.0,5.0,0.5,0.9,0.0,0.0,0.0,0.0,0.0,0.0,0.0,1.0,5.0,4.0,1.4,0.72,1.0,6.615,73.1066666667,66.4916666667,20.74609195403,20.944229885068,6.615,0.0,7.853,7.853,4.711799999999999,3.7694400000000003,7.853,0.0,0.000310120689655,0.000310120689655,3.10120689655e-05,5.58217241379e-05,0.0,194.0,229.0,35.0,206.4,14.88,194.0,-10.029462630751077,0.615591878292125,1,0.8023744002981565
Na2AlCoH6,1.0,27.0,26.0,6.8,6.959999999999999,1.0,2.0,92.0,90.0,68.7,28.819999999999993,92.0,1.00794,58.933195,57.925255,13.794191216000002,15.343501459200002,1.00794,14.01,1768.0,1753.99,352.727,406.46040000000005,14.01,1.0,13.0,12.0,3.0,3.2,1.0,1.0,4.0,3.0,1.9,1.08,1.0,31.0,166.0,135.0,76.5,54.6,31.0,0.93,2.2,1.27,1.855,0.41900000000000015,2.2,1.0,2.0,1.0,1.2,0.31999999999999995,1.0,0.0,1.0,1.0,0.1,0.18000000000000002,0.0,0.0,7.0,7.0,0.7,1.2599999999999998,0.0,0.0,0.0,0.0,0.0,0.0,0.0,1.0,9.0,8.0,2.0,1.6,1.0,0.0,1.0,1.0,0.8,0.31999999999999995,1.0,0.0,5.0,5.0,0.5,0.9,0.0,0.0,3.0,3.0,0.3,0.54,0.0,0.0,0.0,0.0,0.0,0.0,0.0,1.0,5.0,4.0,1.6,0.9600000000000002,1.0,6.615,29.2433333333,22.6283333333,12.49016666666,7.499233333324,6.615,0.0,7.853,7.853,4.711799999999999,3.7694400000000003,7.853,0.0,1.5484712,1.5484712,0.15484712,0.278724816,0.0,194.0,229.0,35.0,204.1,14.139999999999997,194.0,-7.2042978814019385,-2.428740909387963,1,0.8013132232171545
Na2CoAlH6,1.0,27.0,26.0,6.8,6.959999999999999,1.0,2.0,92.0,90.0,68.7,28.820000000000004,92.0,1.00794,58.933195,57.925255,13.794191215999998,15.343501459200002,1.00794,14.01,1768.0,1753.99,352.727,406.46040000000005,14.01,1.0,13.0,12.0,3.0,3.2,1.0,1.0,4.0,3.0,1.9,1.08,1.0,31.0,166.0,135.0,76.5,54.6,31.0,0.93,2.2,1.27,1.855,0.41900000000000015,2.2,1.0,2.0,1.0,1.2,0.31999999999999995,1.0,0.0,1.0,1.0,0.1,0.18000000000000002,0.0,0.0,7.0,7.0,0.7,1.2599999999999998,0.0,0.0,0.0,0.0,0.0,0.0,0.0,1.0,9.0,8.0,2.0,1.6,1.0,0.0,1.0,1.0,0.8,0.31999999999999995,1.0,0.0,5.0,5.0,0.5,0.9,0.0,0.0,3.0,3.0,0.3,0.54,0.0,0.0,0.0,0.0,0.0,0.0,0.0,1.0,5.0,4.0,1.6,0.9600000000000002,1.0,6.615,29.2433333333,22.6283333333,12.49016666666,7.499233333324,6.615,0.0,7.853,7.853,4.711799999999999,3.7694400000000003,7.853,0.0,1.5484712,1.5484712,0.15484712,0.278724816,0.0,194.0,229.0,35.0,204.1,14.139999999999997,194.0,-7.2042978814019385,-2.428740909387963,1,0.8013132232171545
K2ZnVH6,1.0,30.0,29.0,9.7,10.440000000000001,1.0,3.0,92.0,89.0,67.3,29.980000000000008,92.0,1.00794,65.38,64.37205999999999,20.056573999999998,22.8583608,1.00794,14.01,2183.0,2168.99,363.28,429.82399999999996,14.01,1.0,12.0,11.0,2.5,2.4,1.0,1.0,4.0,3.0,2.2,1.44,1.0,31.0,203.0,172.0,86.7,66.84,31.0,0.82,2.2,1.3800000000000003,1.812,0.46560000000000007,2.2,1.0,2.0,1.0,1.2,0.31999999999999995,1.0,0.0,0.0,0.0,0.0,0.0,0.0,0.0,10.0,10.0,1.3,2.0799999999999996,0.0,0.0,0.0,0.0,0.0,0.0,0.0,1.0,12.0,11.0,2.5,2.4,1.0,0.0,1.0,1.0,0.8,0.31999999999999995,1.0,0.0,0.0,0.0,0.0,0.0,0.0,0.0,7.0,7.0,0.7,1.2599999999999998,0.0,0.0,0.0,0.0,0.0,0.0,0.0,0.0,7.0,7.0,1.5,1.1,1.0,6.615,73.1066666667,66.4916666667,21.287333333339998,20.727733333344,6.615,0.0,7.853,7.853,4.711799999999999,3.7694400000000003,7.853,0.0,0.0,0.0,0.0,0.0,0.0,194.0,229.0,35.0,204.5,14.7,194.0,-9.980778226286422,0.7301977828007227,1,0.8009166997713716
K2VZnH6,1.0,30.0,29.0,9.7,10.440000000000001,1.0,3.0,92.0,89.0,67.3,29.979999999999997,92.0,1.00794,65.38,64.37205999999999,20.056574,22.8583608,1.00794,14.01,2183.0,2168.99,363.28,429.82399999999996,14.01,1.0,12.0,11.0,2.5,2.4,1.0,1.0,4.0,3.0,2.2,1.44,1.0,31.0,203.0,172.0,86.7,66.84,31.0,0.82,2.2,1.3800000000000003,1.812,0.46560000000000007,2.2,1.0,2.0,1.0,1.2,0.31999999999999995,1.0,0.0,0.0,0.0,0.0,0.0,0.0,0.0,10.0,10.0,1.3,2.08,0.0,0.0,0.0,0.0,0.0,0.0,0.0,1.0,12.0,11.0,2.5,2.4,1.0,0.0,1.0,1.0,0.8,0.31999999999999995,1.0,0.0,0.0,0.0,0.0,0.0,0.0,0.0,7.0,7.0,0.7,1.2599999999999998,0.0,0.0,0.0,0.0,0.0,0.0,0.0,0.0,7.0,7.0,1.5,1.1,1.0,6.615,73.1066666667,66.4916666667,21.287333333339998,20.727733333344,6.615,0.0,7.853,7.853,4.711799999999999,3.7694400000000003,7.853,0.0,0.0,0.0,0.0,0.0,0.0,194.0,229.0,35.0,204.5,14.7,194.0,-9.980778226286422,0.7301977828007226,1,0.8009166997713716
Ca2CoScH6,1.0,27.0,26.0,9.4,10.080000000000002,1.0,7.0,92.0,85.0,63.5,34.2,92.0,1.00794,58.933195,57.925255,19.009274700000002,21.60160164,1.00794,14.01,1814.0,1799.99,589.606,690.7152,14.01,1.0,9.0,8.0,2.2,1.52,1.0,1.0,4.0,3.0,2.2,1.44,1.0,31.0,176.0,145.0,83.4,62.879999999999995,31.0,1.0,2.2,1.2000000000000002,1.844,0.4344000000000001,2.2,1.0,2.0,1.0,1.4,0.48,1.0,0.0,0.0,0.0,0.0,0.0,0.0,0.0,7.0,7.0,0.8,1.28,0.0,0.0,0.0,0.0,0.0,0.0,0.0,1.0,9.0,8.0,2.2,1.52,1.0,0.0,1.0,1.0,0.6,0.4800000000000001,1.0,0.0,0.0,0.0,0.0,0.0,0.0,0.0,9.0,9.0,1.2,1.92,0.0,0.0,0.0,0.0,0.0,0.0,0.0,0.0,9.0,9.0,1.8,1.6800000000000002,1.0,6.615,37.77,31.155,14.771,10.692400000000001,6.615,0.0,7.853,7.853,4.711799999999999,3.7694400000000003,7.853,0.0,1.5484712,1.5484712,0.154847755,0.278724689,0.0,194.0,225.0,31.0,200.2,9.919999999999993,194.0,-10.149268360119017,0.018100431058292087,1,0.8003143750988587
Ca2ScCoH6,1.0,27.0,26.0,9.4,10.080000000000002,1.0,7.0,92.0,85.0,63.5,34.2,92.0,1.00794,58.933195,57.925255,19.0092747,21.60160164,1.00794,14.01,1814.0,1799.99,589.606,690.7152,14.01,1.0,9.0,8.0,2.2,1.52,1.0,1.0,4.0,3.0,2.2,1.44,1.0,31.0,176.0,145.0,83.4,62.879999999999995,31.0,1.0,2.2,1.2000000000000002,1.844,0.4344000000000001,2.2,1.0,2.0,1.0,1.4,0.48,1.0,0.0,0.0,0.0,0.0,0.0,0.0,0.0,7.0,7.0,0.8,1.28,0.0,0.0,0.0,0.0,0.0,0.0,0.0,1.0,9.0,8.0,2.2,1.52,1.0,0.0,1.0,1.0,0.6,0.4800000000000001,1.0,0.0,0.0,0.0,0.0,0.0,0.0,0.0,9.0,9.0,1.2,1.92,0.0,0.0,0.0,0.0,0.0,0.0,0.0,0.0,9.0,9.0,1.8,1.6800000000000002,1.0,6.615,37.77,31.155,14.771,10.692400000000001,6.615,0.0,7.853,7.853,4.711799999999999,3.7694400000000003,7.853,0.0,1.5484712,1.5484712,0.154847755,0.278724689,0.0,194.0,225.0,31.0,200.2,9.919999999999993,194.0,-10.149268360119017,0.018100431058291976,1,0.8003143750988587
Cs2AlCoH6,1.0,55.0,54.0,15.6,18.04,1.0,5.0,92.0,87.0,69.3,27.980000000000008,92.0,1.00794,132.9054519,131.8975119,35.777327740000004,43.482423116,1.00794,14.01,1768.0,1753.99,338.871,404.7456,14.01,1.0,13.0,12.0,3.0,3.2,1.0,1.0,6.0,5.0,2.5,1.8,1.0,31.0,244.0,213.0,92.1,73.32000000000001,31.0,0.79,2.2,1.4100000000000001,1.8270000000000004,0.4581999999999999,2.2,1.0,2.0,1.0,1.2,0.31999999999999995,1.0,0.0,1.0,1.0,0.1,0.18000000000000002,0.0,0.0,7.0,7.0,0.7,1.2599999999999998,0.0,0.0,0.0,0.0,0.0,0.0,0.0,1.0,9.0,8.0,2.0,1.6,1.0,0.0,1.0,1.0,0.8,0.31999999999999995,1.0,0.0,5.0,5.0,0.5,0.9,0.0,0.0,3.0,3.0,0.3,0.54,0.0,0.0,0.0,0.0,0.0,0.0,0.0,1.0,5.0,4.0,1.6,0.9600000000000002,1.0,6.615,115.765,109.15,29.7945,34.3882,6.615,0.0,7.853,7.853,4.711799999999999,3.7694400000000003,7.853,0.0,1.5484712,1.5484712,0.15484712,0.278724816,0.0,194.0,229.0,35.0,204.1,14.139999999999997,194.0,-9.718045385797511,2.737307269272757,1,0.8
Cs2AlVH6,1.0,55.0,54.0,15.2,17.479999999999997,1.0,5.0,92.0,87.0,68.1,29.660000000000004,92.0,1.00794,132.9054519,131.8975119,34.978158240000006,42.363585816000004,1.00794,14.01,2183.0,2168.99,380.371,471.1456,14.01,1.0,13.0,12.0,2.6,2.56,1.0,1.0,6.0,5.0,2.5,1.8,1.0,31.0,244.0,213.0,94.8,76.55999999999999,31.0,0.79,2.2,1.4100000000000001,1.8020000000000003,0.47759999999999997,2.2,1.0,2.0,1.0,1.2,0.31999999999999995,1.0,0.0,1.0,1.0,0.1,0.18000000000000002,0.0,0.0,3.0,3.0,0.3,0.54,0.0,0.0,0.0,0.0,0.0,0.0,0.0,1.0,5.0,4.0,1.6,0.9600000000000002,1.0,0.0,1.0,1.0,0.8,0.31999999999999995,1.0,0.0,5.0,5.0,0.5,0.9,0.0,0.0,7.0,7.0,0.7,1.2599999999999998,0.0,0.0,0.0,0.0,0.0,0.0,0.0,1.0,7.0,6.0,2.0,1.6,1.0,6.615,115.765,109.15,30.070999999999998,34.2776,6.615,0.0,7.853,7.853,4.711799999999999,3.7694400000000003,7.853,0.0,0.0,0.0,0.0,0.0,0.0,194.0,229.0,35.0,207.6,16.32,194.0,-9.950925034894393,2.6953219610056185,1,0.8
Cs2CoAlH6,1.0,55.0,54.0,15.6,18.04,1.0,5.0,92.0,87.0,69.3,27.979999999999997,92.0,1.00794,132.9054519,131.8975119,35.777327740000004,43.482423116,1.00794,14.01,1768.0,1753.99,338.871,404.7456,14.01,1.0,13.0,12.0,3.0,3.2,1.0,1.0,6.0,5.0,2.5,1.8,1.0,31.0,244.0,213.0,92.1,73.32000000000001,31.0,0.79,2.2,1.4100000000000001,1.8270000000000004,0.4581999999999999,2.2,1.0,2.0,1.0,1.2,0.31999999999999995,1.0,0.0,1.0,1.0,0.1,0.18000000000000002,0.0,0.0,7.0,7.0,0.7,1.2599999999999998,0.0,0.0,0.0,0.0,0.0,0.0,0.0,1.0,9.0,8.0,2.0,1.6,1.0,0.0,1.0,1.0,0.8,0.31999999999999995,1.0,0.0,5.0,5.0,0.5,0.9,0.0,0.0,3.0,3.0,0.3,0.54,0.0,0.0,0.0,0.0,0.0,0.0,0.0,1.0,5.0,4.0,1.6,0.9600000000000002,1.0,6.615,115.765,109.15,29.7945,34.3882,6.615,0.0,7.853,7.853,4.711799999999999,3.7694400000000003,7.853,0.0,1.5484712,1.5484712,0.15484712,0.278724816,0.0,194.0,229.0,35.0,204.1,14.139999999999997,194.0,-9.718045385797511,2.737307269272757,1,0.8
Cs2CuCrH6,1.0,55.0,54.0,16.9,19.080000000000002,1.0,5.0,92.0,87.0,67.5,29.4,92.0,1.00794,132.9054519,131.8975119,38.74006438,45.278549256000005,1.00794,14.01,2180.0,2165.99,422.50100000000003,538.5536,14.01,1.0,11.0,10.0,2.5,2.4,1.0,1.0,6.0,5.0,2.6,1.9200000000000004,1.0,31.0,244.0,213.0,94.5,76.2,31.0,0.79,2.2,1.4100000000000001,1.834,0.4524000000000001,2.2,1.0,1.0,0.0,1.0,0.0,1.0,0.0,0.0,0.0,0.0,0.0,0.0,0.0,10.0,10.0,1.5,2.4,0.0,0.0,0.0,0.0,0.0,0.0,0.0,1.0,11.0,10.0,2.5,2.4,1.0,1.0,1.0,0.0,1.0,0.0,1.0,0.0,0.0,0.0,0.0,0.0,0.0,0.0,5.0,5.0,0.5,0.9,0.0,0.0,0.0,0.0,0.0,0.0,0.0,1.0,6.0,5.0,1.5,0.9,1.0,6.615,115.765,109.15,29.348000000000003,34.5668,6.615,0.0,7.853,7.853,4.711799999999999,3.7694400000000003,7.853,0.0,0.0,0.0,0.0,0.0,0.0,194.0,229.0,35.0,207.6,16.32,194.0,-13.928611563031822,5.107897754157936,1,0.8
Cs2VAlH6,1.0,55.0,54.0,15.2,17.479999999999997,1.0,5.0,92.0,87.0,68.1,29.660000000000004,92.0,1.00794,132.9054519,131.8975119,34.978158240000006,42.363585816000004,1.00794,14.01,2183.0,2168.99,380.371,471.1456,14.01,1.0,13.0,12.0,2.6,2.56,1.0,1.0,6.0,5.0,2.5,1.8,1.0,31.0,244.0,213.0,94.8,76.55999999999999,31.0,0.79,2.2,1.4100000000000001,1.8020000000000003,0.47759999999999997,2.2,1.0,2.0,1.0,1.2,0.31999999999999995,1.0,0.0,1.0,1.0,0.1,0.18000000000000002,0.0,0.0,3.0,3.0,0.3,0.54,0.0,0.0,0.0,0.0,0.0,0.0,0.0,1.0,5.0,4.0,1.6,0.9600000000000002,1.0,0.0,1.0,1.0,0.8,0.31999999999999995,1.0,0.0,5.0,5.0,0.5,0.9,0.0,0.0,7.0,7.0,0.7,1.2599999999999998,0.0,0.0,0.0,0.0,0.0,0.0,0.0,1.0,7.0,6.0,2.0,1.6,1.0,6.615,115.765,109.15,30.070999999999998,34.2776,6.615,0.0,7.853,7.853,4.711799999999999,3.7694400000000003,7.853,0.0,0.0,0.0,0.0,0.0,0.0,194.0,229.0,35.0,207.6,16.32,194.0,-9.950925034894393,2.6953219610056185,1,0.8
Cs2CrCuH6,1.0,55.0,54.0,16.9,19.080000000000002,1.0,5.0,92.0,87.0,67.5,29.4,92.0,1.00794,132.9054519,131.8975119,38.74006438,45.278549256,1.00794,14.01,2180.0,2165.99,422.50100000000003,538.5536,14.01,1.0,11.0,10.0,2.5,2.4,1.0,1.0,6.0,5.0,2.6,1.9200000000000004,1.0,31.0,244.0,213.0,94.5,76.2,31.0,0.79,2.2,1.4100000000000001,1.8340000000000003,0.4523999999999999,2.2,1.0,1.0,0.0,1.0,0.0,1.0,0.0,0.0,0.0,0.0,0.0,0.0,0.0,10.0,10.0,1.5,2.4,0.0,0.0,0.0,0.0,0.0,0.0,0.0,1.0,11.0,10.0,2.5,2.4,1.0,1.0,1.0,0.0,1.0,0.0,1.0,0.0,0.0,0.0,0.0,0.0,0.0,0.0,5.0,5.0,0.5,0.9,0.0,0.0,0.0,0.0,0.0,0.0,0.0,1.0,6.0,5.0,1.5,0.9,1.0,6.615,115.765,109.15,29.348000000000003,34.5668,6.615,0.0,7.853,7.853,4.711799999999999,3.7694400000000003,7.853,0.0,0.0,0.0,0.0,0.0,0.0,194.0,229.0,35.0,207.6,16.32,194.0,-13.928611563031822,5.107897754157936,1,0.8
Ca2FeAlH6,1.0,26.0,25.0,8.5,9.0,1.0,7.0,92.0,85.0,69.4,27.839999999999996,92.0,1.00794,55.845,54.83706,16.90301786,19.074093432,1.00794,14.01,1811.0,1796.99,505.85300000000007,590.2116,14.01,1.0,13.0,12.0,3.1,2.96,1.0,1.0,4.0,3.0,2.1,1.3199999999999998,1.0,31.0,176.0,145.0,79.1,57.720000000000006,31.0,1.0,2.2,1.2000000000000002,1.864,0.4032,2.2,1.0,2.0,1.0,1.4,0.48,1.0,0.0,1.0,1.0,0.1,0.18000000000000002,0.0,0.0,6.0,6.0,0.6,1.08,0.0,0.0,0.0,0.0,0.0,0.0,0.0,1.0,8.0,7.0,2.1,1.36,1.0,0.0,1.0,1.0,0.6,0.4800000000000001,1.0,0.0,5.0,5.0,0.5,0.9,0.0,0.0,4.0,4.0,0.4,0.7200000000000001,0.0,0.0,0.0,0.0,0.0,0.0,0.0,0.0,5.0,5.0,1.5,1.2,1.0,6.615,37.77,31.155,14.244,9.857600000000001,6.615,0.0,7.853,7.853,4.711799999999999,3.7694400000000003,7.853,0.0,2.1106628,2.1106628,0.21106628,0.37991930399999996,0.0,194.0,229.0,35.0,206.8,15.360000000000003,194.0,-7.39413302590295,-1.9568138664934993,1,0.7988367937654587
Ca2AlFeH6,1.0,26.0,25.0,8.5,9.0,1.0,7.0,92.0,85.0,69.4,27.839999999999996,92.0,1.00794,55.845,54.83706,16.90301786,19.074093432,1.00794,14.01,1811.0,1796.99,505.85300000000007,590.2116,14.01,1.0,13.0,12.0,3.1,2.96,1.0,1.0,4.0,3.0,2.1,1.3199999999999998,1.0,31.0,176.0,145.0,79.1,57.720000000000006,31.0,1.0,2.2,1.2000000000000002,1.864,0.4032,2.2,1.0,2.0,1.0,1.4,0.48,1.0,0.0,1.0,1.0,0.1,0.18000000000000002,0.0,0.0,6.0,6.0,0.6,1.08,0.0,0.0,0.0,0.0,0.0,0.0,0.0,1.0,8.0,7.0,2.1,1.36,1.0,0.0,1.0,1.0,0.6,0.4800000000000001,1.0,0.0,5.0,5.0,0.5,0.9,0.0,0.0,4.0,4.0,0.4,0.7200000000000001,0.0,0.0,0.0,0.0,0.0,0.0,0.0,0.0,5.0,5.0,1.5,1.2,1.0,6.615,37.77,31.155,14.244,9.857600000000001,6.615,0.0,7.853,7.853,4.711799999999999,3.7694400000000003,7.853,0.0,2.1106628,2.1106628,0.21106628,0.37991930399999996,0.0,194.0,229.0,35.0,206.8,15.360000000000003,194.0,-7.39413302590295,-1.9568138664934993,1,0.7988367937654587
Na2ZnAlH6,1.0,30.0,29.0,7.1,7.3199999999999985,1.0,2.0,92.0,90.0,69.8,27.279999999999994,92.0,1.00794,65.38,64.37205999999999,14.438871716,16.1171180592,1.00794,14.01,933.47,919.46,245.19500000000002,277.42199999999997,14.01,1.0,13.0,12.0,3.3,3.6799999999999997,1.0,1.0,4.0,3.0,1.9,1.08,1.0,31.0,166.0,135.0,76.1,54.120000000000005,31.0,0.93,2.2,1.27,1.832,0.44160000000000005,2.2,1.0,2.0,1.0,1.2,0.31999999999999995,1.0,0.0,1.0,1.0,0.1,0.18000000000000002,0.0,0.0,10.0,10.0,1.0,1.8,0.0,0.0,0.0,0.0,0.0,0.0,0.0,1.0,12.0,11.0,2.3,2.0799999999999996,1.0,0.0,1.0,1.0,0.8,0.31999999999999995,1.0,0.0,5.0,5.0,0.5,0.9,0.0,0.0,0.0,0.0,0.0,0.0,0.0,0.0,0.0,0.0,0.0,0.0,0.0,0.0,5.0,5.0,1.3,0.74,1.0,6.615,29.2433333333,22.6283333333,12.86166666666,7.495999999992,6.615,0.0,7.853,7.853,4.711799999999999,3.7694400000000003,7.853,0.0,0.0,0.0,0.0,0.0,0.0,194.0,229.0,35.0,204.1,14.139999999999997,194.0,-6.728364407830289,-2.3860964010998567,1,0.7983195352099408
Na2AlZnH6,1.0,30.0,29.0,7.1,7.3199999999999985,1.0,2.0,92.0,90.0,69.8,27.28000000000001,92.0,1.00794,65.38,64.37205999999999,14.438871716,16.1171180592,1.00794,14.01,933.47,919.46,245.195,277.422,14.01,1.0,13.0,12.0,3.3,3.6799999999999997,1.0,1.0,4.0,3.0,1.9,1.08,1.0,31.0,166.0,135.0,76.1,54.120000000000005,31.0,0.93,2.2,1.27,1.832,0.44160000000000005,2.2,1.0,2.0,1.0,1.2,0.31999999999999995,1.0,0.0,1.0,1.0,0.1,0.18000000000000002,0.0,0.0,10.0,10.0,1.0,1.8,0.0,0.0,0.0,0.0,0.0,0.0,0.0,1.0,12.0,11.0,2.3,2.0799999999999996,1.0,0.0,1.0,1.0,0.8,0.31999999999999995,1.0,0.0,5.0,5.0,0.5,0.9,0.0,0.0,0.0,0.0,0.0,0.0,0.0,0.0,0.0,0.0,0.0,0.0,0.0,0.0,5.0,5.0,1.3,0.74,1.0,6.615,29.2433333333,22.6283333333,12.86166666666,7.495999999992,6.615,0.0,7.853,7.853,4.711799999999999,3.7694400000000003,7.853,0.0,0.0,0.0,0.0,0.0,0.0,194.0,229.0,35.0,204.1,14.139999999999997,194.0,-6.7283644078302896,-2.3860964010998567,1,0.7983195352099408
K2NiAlH6,1.0,28.0,27.0,8.5,9.0,1.0,3.0,92.0,89.0,69.2,28.120000000000005,92.0,1.00794,58.6934,57.68546,16.991917859999997,19.180773432000002,1.00794,14.01,1728.0,1713.99,341.859,395.55039999999997,14.01,1.0,13.0,12.0,3.1,3.3600000000000003,1.0,1.0,4.0,3.0,2.1,1.3199999999999998,1.0,31.0,203.0,172.0,83.7,63.24000000000001,31.0,0.82,2.2,1.3800000000000003,1.8359999999999999,0.45160000000000017,2.2,1.0,2.0,1.0,1.2,0.31999999999999995,1.0,0.0,1.0,1.0,0.1,0.18000000000000002,0.0,0.0,8.0,8.0,0.8,1.4400000000000002,0.0,0.0,0.0,0.0,0.0,0.0,0.0,1.0,10.0,9.0,2.1,1.7600000000000002,1.0,0.0,1.0,1.0,0.8,0.31999999999999995,1.0,0.0,5.0,5.0,0.5,0.9,0.0,0.0,2.0,2.0,0.2,0.36000000000000004,0.0,0.0,0.0,0.0,0.0,0.0,0.0,1.0,5.0,4.0,1.5,0.8,1.0,6.615,73.1066666667,66.4916666667,21.270333333339998,20.734533333343997,6.615,0.0,7.853,7.853,4.711799999999999,3.7694400000000003,7.853,0.0,0.5953947,0.5953947,0.059539470000000004,0.107171046,0.0,194.0,229.0,35.0,207.2,15.839999999999998,194.0,-7.813921380405973,-1.1048561331471927,1,0.7971295842513197
K2AlNiH6,1.0,28.0,27.0,8.5,9.0,1.0,3.0,92.0,89.0,69.2,28.119999999999994,92.0,1.00794,58.6934,57.68546,16.99191786,19.180773432000002,1.00794,14.01,1728.0,1713.99,341.859,395.5504,14.01,1.0,13.0,12.0,3.1,3.3600000000000003,1.0,1.0,4.0,3.0,2.1,1.3199999999999998,1.0,31.0,203.0,172.0,83.7,63.24000000000001,31.0,0.82,2.2,1.3800000000000003,1.8359999999999999,0.45160000000000017,2.2,1.0,2.0,1.0,1.2,0.31999999999999995,1.0,0.0,1.0,1.0,0.1,0.18000000000000002,0.0,0.0,8.0,8.0,0.8,1.4400000000000002,0.0,0.0,0.0,0.0,0.0,0.0,0.0,1.0,10.0,9.0,2.1,1.7600000000000002,1.0,0.0,1.0,1.0,0.8,0.31999999999999995,1.0,0.0,5.0,5.0,0.5,0.9,0.0,0.0,2.0,2.0,0.2,0.36000000000000004,0.0,0.0,0.0,0.0,0.0,0.0,0.0,1.0,5.0,4.0,1.5,0.8,1.0,6.615,73.1066666667,66.4916666667,21.270333333339998,20.734533333343997,6.615,0.0,7.853,7.853,4.711799999999999,3.7694400000000003,7.853,0.0,0.5953947,0.5953947,0.059539470000000004,0.107171046,0.0,194.0,229.0,35.0,207.2,15.839999999999998,194.0,-7.813921380405973,-1.1048561331471927,1,0.7971295842513197
Rb2ScCrH6,1.0,37.0,36.0,12.5,13.8,1.0,4.0,92.0,88.0,62.0,36.0,92.0,1.00794,85.4678,84.45985999999999,27.3935252,31.662702239999998,1.00794,14.01,2180.0,2165.99,470.29800000000006,610.6808000000001,14.01,1.0,6.0,5.0,1.7,1.1199999999999999,1.0,1.0,5.0,4.0,2.4,1.6799999999999997,1.0,31.0,220.0,189.0,93.5,75.0,31.0,0.82,2.2,1.3800000000000003,1.786,0.4968000000000001,2.2,1.0,2.0,1.0,1.1,0.18000000000000008,1.0,0.0,0.0,0.0,0.0,0.0,0.0,0.0,5.0,5.0,0.6,0.96,0.0,0.0,0.0,0.0,0.0,0.0,0.0,1.0,6.0,5.0,1.7,1.1199999999999999,1.0,0.0,1.0,1.0,0.9,0.18,1.0,0.0,0.0,0.0,0.0,0.0,0.0,0.0,9.0,9.0,1.4,2.2399999999999998,0.0,0.0,0.0,0.0,0.0,0.0,0.0,1.0,9.0,8.0,2.3,2.0799999999999996,1.0,6.615,90.7225,84.1075,25.456,26.106599999999997,6.615,0.0,7.853,7.853,4.711799999999999,3.7694400000000003,7.853,0.0,6.35e-06,6.35e-06,6.350000000000001e-07,1.1430000000000001e-06,0.0,194.0,229.0,35.0,204.5,14.7,194.0,-12.24745314828027,2.5732658537422943,1,0.796824939553431
Rb2CrScH6,1.0,37.0,36.0,12.5,13.8,1.0,4.0,92.0,88.0,62.0,36.0,92.0,1.00794,85.4678,84.45985999999999,27.3935252,31.662702239999998,1.00794,14.01,2180.0,2165.99,470.29800000000006,610.6808000000001,14.01,1.0,6.0,5.0,1.7,1.1199999999999999,1.0,1.0,5.0,4.0,2.4,1.6799999999999997,1.0,31.0,220.0,189.0,93.5,75.0,31.0,0.82,2.2,1.3800000000000003,1.786,0.4968000000000001,2.2,1.0,2.0,1.0,1.1,0.18000000000000008,1.0,0.0,0.0,0.0,0.0,0.0,0.0,0.0,5.0,5.0,0.6,0.9600000000000002,0.0,0.0,0.0,0.0,0.0,0.0,0.0,1.0,6.0,5.0,1.7,1.1199999999999999,1.0,0.0,1.0,1.0,0.9,0.18,1.0,0.0,0.0,0.0,0.0,0.0,0.0,0.0,9.0,9.0,1.4,2.2399999999999998,0.0,0.0,0.0,0.0,0.0,0.0,0.0,1.0,9.0,8.0,2.3,2.0799999999999996,1.0,6.615,90.7225,84.1075,25.456,26.106599999999997,6.615,0.0,7.853,7.853,4.711799999999999,3.7694400000000003,7.853,0.0,6.35e-06,6.35e-06,6.350000000000001e-07,1.1430000000000001e-06,0.0,194.0,229.0,35.0,204.5,14.7,194.0,-12.24745314828027,2.5732658537422943,1,0.796824939553431
Rb2CrTiH6,1.0,37.0,36.0,12.6,13.919999999999998,1.0,4.0,92.0,88.0,65.2,32.160000000000004,92.0,1.00794,85.4678,84.45985999999999,27.684634,32.0120328,1.00794,14.01,2180.0,2165.99,482.99800000000005,631.0008,14.01,1.0,6.0,5.0,1.8,1.28,1.0,1.0,5.0,4.0,2.4,1.6799999999999997,1.0,31.0,220.0,189.0,92.5,73.8,31.0,0.82,2.2,1.3800000000000003,1.8039999999999998,0.4752000000000002,2.2,1.0,2.0,1.0,1.1,0.18000000000000008,1.0,0.0,0.0,0.0,0.0,0.0,0.0,0.0,5.0,5.0,0.7,1.1199999999999999,0.0,0.0,0.0,0.0,0.0,0.0,0.0,1.0,6.0,5.0,1.8,1.28,1.0,0.0,1.0,1.0,0.9,0.18,1.0,0.0,0.0,0.0,0.0,0.0,0.0,0.0,8.0,8.0,1.3,2.08,0.0,0.0,0.0,0.0,0.0,0.0,0.0,1.0,8.0,7.0,2.2,1.9200000000000004,1.0,6.615,90.7225,84.1075,24.9015,26.3284,6.615,0.0,7.853,7.853,4.711799999999999,3.7694400000000003,7.853,0.0,2.25333333333e-05,2.25333333333e-05,2.25333333333e-06,4.055999999993999e-06,0.0,194.0,229.0,35.0,204.5,14.7,194.0,-12.033684047210995,2.373000160449172,1,0.7966293073380083
Rb2TiCrH6,1.0,37.0,36.0,12.6,13.919999999999998,1.0,4.0,92.0,88.0,65.2,32.160000000000004,92.0,1.00794,85.4678,84.45985999999999,27.684634,32.0120328,1.00794,14.01,2180.0,2165.99,482.99800000000005,631.0008,14.01,1.0,6.0,5.0,1.8,1.28,1.0,1.0,5.0,4.0,2.4,1.6799999999999997,1.0,31.0,220.0,189.0,92.5,73.8,31.0,0.82,2.2,1.3800000000000003,1.8039999999999998,0.4752000000000002,2.2,1.0,2.0,1.0,1.1,0.18000000000000008,1.0,0.0,0.0,0.0,0.0,0.0,0.0,0.0,5.0,5.0,0.7,1.1199999999999999,0.0,0.0,0.0,0.0,0.0,0.0,0.0,1.0,6.0,5.0,1.8,1.28,1.0,0.0,1.0,1.0,0.9,0.18,1.0,0.0,0.0,0.0,0.0,0.0,0.0,0.0,8.0,8.0,1.3,2.08,0.0,0.0,0.0,0.0,0.0,0.0,0.0,1.0,8.0,7.0,2.2,1.9200000000000004,1.0,6.615,90.7225,84.1075,24.9015,26.3284,6.615,0.0,7.853,7.853,4.711799999999999,3.7694400000000003,7.853,0.0,2.25333333333e-05,2.25333333333e-05,2.25333333333e-06,4.055999999994e-06,0.0,194.0,229.0,35.0,204.5,14.7,194.0,-12.033684047210995,2.373000160449172,1,0.7966293073380083
Na2TiVH6,1.0,23.0,22.0,7.3,7.56,1.0,2.0,92.0,90.0,64.5,33.0,92.0,1.00794,50.9415,49.93356,15.083567855999998,16.890753427200004,1.00794,14.01,2183.0,2168.99,494.98,626.808,14.01,1.0,5.0,4.0,1.7,1.1199999999999999,1.0,1.0,4.0,3.0,2.0,1.2,1.0,31.0,166.0,135.0,83.1,62.52,31.0,0.93,2.2,1.27,1.823,0.4524000000000001,2.2,1.0,2.0,1.0,1.2,0.31999999999999995,1.0,0.0,0.0,0.0,0.0,0.0,0.0,0.0,3.0,3.0,0.5,0.8,0.0,0.0,0.0,0.0,0.0,0.0,0.0,1.0,5.0,4.0,1.7,1.1199999999999999,1.0,0.0,1.0,1.0,0.8,0.31999999999999995,1.0,0.0,0.0,0.0,0.0,0.0,0.0,0.0,8.0,8.0,1.5,2.4,0.0,0.0,0.0,0.0,0.0,0.0,0.0,1.0,8.0,7.0,2.3,2.0799999999999996,1.0,6.615,29.2433333333,22.6283333333,12.78766666666,7.407199999992,6.615,0.0,7.853,7.853,4.711799999999999,3.7694400000000003,7.853,0.0,2.25333333333e-05,2.25333333333e-05,2.25333333333e-06,4.055999999994e-06,0.0,194.0,229.0,35.0,204.5,14.7,194.0,-10.402007982348097,-0.9525591342185348,1,0.7963087885985749
Na2VTiH6,1.0,23.0,22.0,7.3,7.56,1.0,2.0,92.0,90.0,64.5,33.0,92.0,1.00794,50.9415,49.93356,15.083567855999998,16.890753427200004,1.00794,14.01,2183.0,2168.99,494.98,626.808,14.01,1.0,5.0,4.0,1.7,1.1199999999999999,1.0,1.0,4.0,3.0,2.0,1.2,1.0,31.0,166.0,135.0,83.1,62.52,31.0,0.93,2.2,1.27,1.823,0.4524000000000001,2.2,1.0,2.0,1.0,1.2,0.31999999999999995,1.0,0.0,0.0,0.0,0.0,0.0,0.0,0.0,3.0,3.0,0.5,0.8,0.0,0.0,0.0,0.0,0.0,0.0,0.0,1.0,5.0,4.0,1.7,1.1199999999999999,1.0,0.0,1.0,1.0,0.8,0.31999999999999995,1.0,0.0,0.0,0.0,0.0,0.0,0.0,0.0,8.0,8.0,1.5,2.4,0.0,0.0,0.0,0.0,0.0,0.0,0.0,1.0,8.0,7.0,2.3,2.0799999999999996,1.0,6.615,29.2433333333,22.6283333333,12.78766666666,7.407199999992,6.615,0.0,7.853,7.853,4.711799999999999,3.7694400000000003,7.853,0.0,2.25333333333e-05,2.25333333333e-05,2.25333333333e-06,4.055999999993999e-06,0.0,194.0,229.0,35.0,204.5,14.7,194.0,-10.402007982348097,-0.9525591342185348,1,0.7963087885985749
Cs2ScCrH6,1.0,55.0,54.0,16.1,18.119999999999997,1.0,5.0,92.0,87.0,62.2,35.760000000000005,92.0,1.00794,132.9054519,131.8975119,36.88105558,43.047738695999996,1.00794,14.01,2180.0,2165.99,468.1240000000001,611.5504000000001,14.01,1.0,6.0,5.0,1.7,1.1199999999999999,1.0,1.0,6.0,5.0,2.6,1.9200000000000004,1.0,31.0,244.0,213.0,98.3,80.75999999999999,31.0,0.79,2.2,1.4100000000000001,1.78,0.5040000000000001,2.2,1.0,2.0,1.0,1.1,0.18000000000000008,1.0,0.0,0.0,0.0,0.0,0.0,0.0,0.0,5.0,5.0,0.6,0.96,0.0,0.0,0.0,0.0,0.0,0.0,0.0,1.0,6.0,5.0,1.7,1.1199999999999999,1.0,0.0,1.0,1.0,0.9,0.18,1.0,0.0,0.0,0.0,0.0,0.0,0.0,0.0,9.0,9.0,1.4,2.2399999999999998,0.0,0.0,0.0,0.0,0.0,0.0,0.0,1.0,9.0,8.0,2.3,2.0799999999999996,1.0,6.615,115.765,109.15,30.464499999999997,34.1202,6.615,0.0,7.853,7.853,4.711799999999999,3.7694400000000003,7.853,0.0,6.35e-06,6.35e-06,6.350000000000001e-07,1.1430000000000001e-06,0.0,194.0,229.0,35.0,204.5,14.7,194.0,-13.148146675213713,4.6474239615337085,1,0.7963087885985749
Li2ZnCrH6,1.0,30.0,29.0,6.6,8.16,1.0,1.0,92.0,91.0,67.2,30.119999999999994,92.0,1.00794,65.38,64.37205999999999,13.730574,17.9829904,1.00794,14.01,2180.0,2165.99,386.412,446.88239999999996,14.01,1.0,12.0,11.0,2.6,2.56,1.0,1.0,4.0,3.0,1.8,0.9600000000000002,1.0,31.0,139.0,108.0,70.3,47.160000000000004,31.0,0.98,2.2,1.2200000000000002,1.847,0.42360000000000014,2.2,1.0,2.0,1.0,1.1,0.18000000000000008,1.0,0.0,0.0,0.0,0.0,0.0,0.0,0.0,10.0,10.0,1.5,2.4,0.0,0.0,0.0,0.0,0.0,0.0,0.0,1.0,12.0,11.0,2.6,2.56,1.0,0.0,1.0,1.0,0.9,0.18,1.0,0.0,0.0,0.0,0.0,0.0,0.0,0.0,5.0,5.0,0.5,0.9,0.0,0.0,0.0,0.0,0.0,0.0,0.0,0.0,6.0,6.0,1.4,0.9199999999999999,1.0,6.615,16.5933333333,9.978333333299998,9.802666666659999,3.825199999991999,6.615,0.0,7.853,7.853,4.711799999999999,3.7694400000000003,7.853,0.0,0.0,0.0,0.0,0.0,0.0,194.0,229.0,35.0,204.5,14.7,194.0,-8.67354822380379,-1.5179293727955403,1,0.7963087885985749
Cs2CrScH6,1.0,55.0,54.0,16.1,18.119999999999997,1.0,5.0,92.0,87.0,62.2,35.760000000000005,92.0,1.00794,132.9054519,131.8975119,36.88105558,43.047738695999996,1.00794,14.01,2180.0,2165.99,468.1240000000001,611.5504000000001,14.01,1.0,6.0,5.0,1.7,1.1199999999999999,1.0,1.0,6.0,5.0,2.6,1.9200000000000004,1.0,31.0,244.0,213.0,98.3,80.75999999999999,31.0,0.79,2.2,1.4100000000000001,1.78,0.5040000000000001,2.2,1.0,2.0,1.0,1.1,0.18000000000000008,1.0,0.0,0.0,0.0,0.0,0.0,0.0,0.0,5.0,5.0,0.6,0.9600000000000002,0.0,0.0,0.0,0.0,0.0,0.0,0.0,1.0,6.0,5.0,1.7,1.1199999999999999,1.0,0.0,1.0,1.0,0.9,0.18,1.0,0.0,0.0,0.0,0.0,0.0,0.0,0.0,9.0,9.0,1.4,2.2399999999999998,0.0,0.0,0.0,0.0,0.0,0.0,0.0,1.0,9.0,8.0,2.3,2.0799999999999996,1.0,6.615,115.765,109.15,30.464499999999997,34.1202,6.615,0.0,7.853,7.853,4.711799999999999,3.7694400000000003,7.853,0.0,6.35e-06,6.35e-06,6.350000000000001e-07,1.1430000000000001e-06,0.0,194.0,229.0,35.0,204.5,14.7,194.0,-13.148146675213713,4.6474239615337085,1,0.7963087885985749
Cs2MnAlH6,1.0,55.0,54.0,15.4,17.76,1.0,5.0,92.0,87.0,68.7,28.820000000000004,92.0,1.00794,132.9054519,131.8975119,35.37781274,42.92310211600001,1.00794,14.01,1519.0,1504.99,313.97099999999995,364.90559999999994,14.01,1.0,13.0,12.0,2.8,2.88,1.0,1.0,6.0,5.0,2.5,1.8,1.0,31.0,244.0,213.0,93.4,74.88,31.0,0.79,2.2,1.4100000000000001,1.794,0.4872000000000001,2.2,1.0,2.0,1.0,1.2,0.31999999999999995,1.0,0.0,1.0,1.0,0.1,0.18000000000000002,0.0,0.0,5.0,5.0,0.5,0.9,0.0,0.0,0.0,0.0,0.0,0.0,0.0,1.0,7.0,6.0,1.8,1.28,1.0,0.0,1.0,1.0,0.8,0.31999999999999995,1.0,0.0,5.0,5.0,0.5,0.9,0.0,0.0,5.0,5.0,0.5,0.9,0.0,0.0,0.0,0.0,0.0,0.0,0.0,1.0,5.0,4.0,1.8,1.28,1.0,6.615,115.765,109.15,29.818758620689998,34.378496551724,6.615,0.0,7.853,7.853,4.711799999999999,3.7694400000000003,7.853,0.0,0.000310120689655,0.000310120689655,3.10120689655e-05,5.58217241379e-05,0.0,194.0,229.0,35.0,206.4,14.88,194.0,-9.675965772101625,2.6297858684363735,1,0.7963087885985749
Cs2AlMnH6,1.0,55.0,54.0,15.4,17.76,1.0,5.0,92.0,87.0,68.7,28.819999999999993,92.0,1.00794,132.9054519,131.8975119,35.37781274,42.92310211600001,1.00794,14.01,1519.0,1504.99,313.971,364.9056,14.01,1.0,13.0,12.0,2.8,2.88,1.0,1.0,6.0,5.0,2.5,1.8,1.0,31.0,244.0,213.0,93.4,74.88,31.0,0.79,2.2,1.4100000000000001,1.794,0.4872000000000001,2.2,1.0,2.0,1.0,1.2,0.31999999999999995,1.0,0.0,1.0,1.0,0.1,0.18000000000000002,0.0,0.0,5.0,5.0,0.5,0.9,0.0,0.0,0.0,0.0,0.0,0.0,0.0,1.0,7.0,6.0,1.8,1.28,1.0,0.0,1.0,1.0,0.8,0.31999999999999995,1.0,0.0,5.0,5.0,0.5,0.9,0.0,0.0,5.0,5.0,0.5,0.9,0.0,0.0,0.0,0.0,0.0,0.0,0.0,1.0,5.0,4.0,1.8,1.28,1.0,6.615,115.765,109.15,29.818758620689998,34.378496551724,6.615,0.0,7.853,7.853,4.711799999999999,3.7694400000000003,7.853,0.0,0.000310120689655,0.000310120689655,3.10120689655e-05,5.58217241379e-05,0.0,194.0,229.0,35.0,206.4,14.88,194.0,-9.675965772101625,2.6297858684363735,1,0.7963087885985749
Li2CrZnH6,1.0,30.0,29.0,6.6,8.16,1.0,1.0,92.0,91.0,67.2,30.120000000000005,92.0,1.00794,65.38,64.37205999999999,13.730574,17.9829904,1.00794,14.01,2180.0,2165.99,386.412,446.88239999999996,14.01,1.0,12.0,11.0,2.6,2.56,1.0,1.0,4.0,3.0,1.8,0.9600000000000002,1.0,31.0,139.0,108.0,70.3,47.160000000000004,31.0,0.98,2.2,1.2200000000000002,1.847,0.42360000000000014,2.2,1.0,2.0,1.0,1.1,0.18000000000000008,1.0,0.0,0.0,0.0,0.0,0.0,0.0,0.0,10.0,10.0,1.5,2.4,0.0,0.0,0.0,0.0,0.0,0.0,0.0,1.0,12.0,11.0,2.6,2.56,1.0,0.0,1.0,1.0,0.9,0.18,1.0,0.0,0.0,0.0,0.0,0.0,0.0,0.0,5.0,5.0,0.5,0.9,0.0,0.0,0.0,0.0,0.0,0.0,0.0,0.0,6.0,6.0,1.4,0.9199999999999999,1.0,6.615,16.5933333333,9.978333333299998,9.802666666659999,3.825199999991999,6.615,0.0,7.853,7.853,4.711799999999999,3.7694400000000003,7.853,0.0,0.0,0.0,0.0,0.0,0.0,194.0,229.0,35.0,204.5,14.7,194.0,-8.673548223803792,-1.5179293727955403,1,0.7963087885985749
Rb2AlFeH6,1.0,37.0,36.0,11.9,13.080000000000002,1.0,4.0,92.0,88.0,68.8,28.680000000000007,92.0,1.00794,85.4678,84.45985999999999,25.980977859999996,29.967645431999994,1.00794,14.01,1811.0,1796.99,345.34499999999997,410.756,14.01,1.0,13.0,12.0,2.9,3.04,1.0,1.0,5.0,4.0,2.3,1.56,1.0,31.0,220.0,189.0,87.9,68.28,31.0,0.82,2.2,1.3800000000000003,1.828,0.4468,2.2,1.0,2.0,1.0,1.2,0.31999999999999995,1.0,0.0,1.0,1.0,0.1,0.18000000000000002,0.0,0.0,6.0,6.0,0.6,1.08,0.0,0.0,0.0,0.0,0.0,0.0,0.0,1.0,8.0,7.0,1.9,1.44,1.0,0.0,1.0,1.0,0.8,0.31999999999999995,1.0,0.0,5.0,5.0,0.5,0.9,0.0,0.0,4.0,4.0,0.4,0.7200000000000001,0.0,0.0,0.0,0.0,0.0,0.0,0.0,1.0,5.0,4.0,1.7,1.1199999999999999,1.0,6.615,90.7225,84.1075,24.8345,26.355200000000004,6.615,0.0,7.853,7.853,4.711799999999999,3.7694400000000003,7.853,0.0,2.1106628,2.1106628,0.21106628,0.37991930399999996,0.0,194.0,229.0,35.0,207.6,16.32,194.0,-9.000285186804478,0.6908399618759512,1,0.79612029862346
Rb2FeAlH6,1.0,37.0,36.0,11.9,13.080000000000002,1.0,4.0,92.0,88.0,68.8,28.679999999999996,92.0,1.00794,85.4678,84.45985999999999,25.980977859999996,29.967645431999994,1.00794,14.01,1811.0,1796.99,345.345,410.75600000000003,14.01,1.0,13.0,12.0,2.9,3.04,1.0,1.0,5.0,4.0,2.3,1.56,1.0,31.0,220.0,189.0,87.9,68.28,31.0,0.82,2.2,1.3800000000000003,1.828,0.4468,2.2,1.0,2.0,1.0,1.2,0.31999999999999995,1.0,0.0,1.0,1.0,0.1,0.18000000000000002,0.0,0.0,6.0,6.0,0.6,1.08,0.0,0.0,0.0,0.0,0.0,0.0,0.0,1.0,8.0,7.0,1.9,1.44,1.0,0.0,1.0,1.0,0.8,0.31999999999999995,1.0,0.0,5.0,5.0,0.5,0.9,0.0,0.0,4.0,4.0,0.4,0.7200000000000001,0.0,0.0,0.0,0.0,0.0,0.0,0.0,1.0,5.0,4.0,1.7,1.1199999999999999,1.0,6.615,90.7225,84.1075,24.8345,26.355200000000004,6.615,0.0,7.853,7.853,4.711799999999999,3.7694400000000003,7.853,0.0,2.1106628,2.1106628,0.21106628,0.37991930399999996,0.0,194.0,229.0,35.0,207.6,16.32,194.0,-9.000285186804478,0.6908399618759512,1,0.79612029862346
Na2CoFeH6,1.0,27.0,26.0,8.1,8.52,1.0,2.0,92.0,90.0,66.9,30.119999999999997,92.0,1.00794,58.933195,57.925255,16.680537356,18.807116827199998,1.00794,14.01,1811.0,1796.99,440.48,539.608,14.01,1.0,9.0,8.0,2.5,2.4,1.0,1.0,4.0,3.0,2.0,1.2,1.0,31.0,166.0,135.0,77.6,55.92,31.0,0.93,2.2,1.27,1.8770000000000002,0.3882,2.2,1.0,2.0,1.0,1.2,0.31999999999999995,1.0,0.0,0.0,0.0,0.0,0.0,0.0,0.0,7.0,7.0,1.3,2.08,0.0,0.0,0.0,0.0,0.0,0.0,0.0,1.0,9.0,8.0,2.5,2.4,1.0,0.0,1.0,1.0,0.8,0.31999999999999995,1.0,0.0,0.0,0.0,0.0,0.0,0.0,0.0,4.0,4.0,0.7,1.1199999999999999,0.0,0.0,0.0,0.0,0.0,0.0,0.0,1.0,4.0,3.0,1.5,0.8,1.0,6.615,29.2433333333,22.6283333333,11.915166666660001,6.9312666666560006,6.615,0.0,7.853,7.853,4.711799999999999,3.7694400000000003,7.853,0.0,2.1106628,2.1106628,0.3659134,0.58546144,0.0,194.0,229.0,35.0,204.5,14.7,194.0,-9.582011631495753,-0.9623725333180889,1,0.7946079111727967
Na2FeCoH6,1.0,27.0,26.0,8.1,8.52,1.0,2.0,92.0,90.0,66.9,30.119999999999997,92.0,1.00794,58.933195,57.925255,16.680537356000002,18.807116827199998,1.00794,14.01,1811.0,1796.99,440.48,539.608,14.01,1.0,9.0,8.0,2.5,2.4,1.0,1.0,4.0,3.0,2.0,1.2,1.0,31.0,166.0,135.0,77.6,55.92,31.0,0.93,2.2,1.27,1.8770000000000002,0.3882,2.2,1.0,2.0,1.0,1.2,0.31999999999999995,1.0,0.0,0.0,0.0,0.0,0.0,0.0,0.0,7.0,7.0,1.3,2.08,0.0,0.0,0.0,0.0,0.0,0.0,0.0,1.0,9.0,8.0,2.5,2.4,1.0,0.0,1.0,1.0,0.8,0.31999999999999995,1.0,0.0,0.0,0.0,0.0,0.0,0.0,0.0,4.0,4.0,0.7,1.1199999999999999,0.0,0.0,0.0,0.0,0.0,0.0,0.0,1.0,4.0,3.0,1.5,0.8,1.0,6.615,29.2433333333,22.6283333333,11.915166666660001,6.9312666666560006,6.615,0.0,7.853,7.853,4.711799999999999,3.7694400000000003,7.853,0.0,2.1106628,2.1106628,0.3659134,0.5854614400000001,0.0,194.0,229.0,35.0,204.5,14.7,194.0,-9.582011631495753,-0.9623725333180889,1,0.7946079111727967
Na2CrTiH6,1.0,24.0,23.0,7.4,7.6800000000000015,1.0,2.0,92.0,90.0,64.8,32.64,92.0,1.00794,51.9961,50.98816,15.189027856,17.0173054272,1.00794,14.01,2180.0,2165.99,494.68,626.3280000000001,14.01,1.0,6.0,5.0,1.8,1.28,1.0,1.0,4.0,3.0,2.0,1.2,1.0,31.0,166.0,135.0,81.7,60.84000000000001,31.0,0.93,2.2,1.27,1.826,0.44880000000000014,2.2,1.0,2.0,1.0,1.1,0.18000000000000008,1.0,0.0,0.0,0.0,0.0,0.0,0.0,0.0,5.0,5.0,0.7,1.1199999999999999,0.0,0.0,0.0,0.0,0.0,0.0,0.0,1.0,6.0,5.0,1.8,1.28,1.0,0.0,1.0,1.0,0.9,0.18,1.0,0.0,0.0,0.0,0.0,0.0,0.0,0.0,8.0,8.0,1.3,2.08,0.0,0.0,0.0,0.0,0.0,0.0,0.0,1.0,8.0,7.0,2.2,1.9200000000000004,1.0,6.615,29.2433333333,22.6283333333,12.60566666666,7.471933333324,6.615,0.0,7.853,7.853,4.711799999999999,3.7694400000000003,7.853,0.0,2.25333333333e-05,2.25333333333e-05,2.25333333333e-06,4.055999999993999e-06,0.0,194.0,229.0,35.0,204.5,14.7,194.0,-10.420866635912564,-0.7659184601818978,1,0.794412278957374
Na2TiCrH6,1.0,24.0,23.0,7.4,7.6800000000000015,1.0,2.0,92.0,90.0,64.8,32.64,92.0,1.00794,51.9961,50.98816,15.189027856000001,17.0173054272,1.00794,14.01,2180.0,2165.99,494.68,626.3280000000001,14.01,1.0,6.0,5.0,1.8,1.28,1.0,1.0,4.0,3.0,2.0,1.2,1.0,31.0,166.0,135.0,81.7,60.84000000000001,31.0,0.93,2.2,1.27,1.826,0.44880000000000014,2.2,1.0,2.0,1.0,1.1,0.18000000000000008,1.0,0.0,0.0,0.0,0.0,0.0,0.0,0.0,5.0,5.0,0.7,1.1199999999999999,0.0,0.0,0.0,0.0,0.0,0.0,0.0,1.0,6.0,5.0,1.8,1.28,1.0,0.0,1.0,1.0,0.9,0.18,1.0,0.0,0.0,0.0,0.0,0.0,0.0,0.0,8.0,8.0,1.3,2.08,0.0,0.0,0.0,0.0,0.0,0.0,0.0,1.0,8.0,7.0,2.2,1.9200000000000004,1.0,6.615,29.2433333333,22.6283333333,12.60566666666,7.471933333324,6.615,0.0,7.853,7.853,4.711799999999999,3.7694400000000003,7.853,0.0,2.25333333333e-05,2.25333333333e-05,2.25333333333e-06,4.055999999994e-06,0.0,194.0,229.0,35.0,204.5,14.7,194.0,-10.420866635912564,-0.7659184601818978,1,0.794412278957374
Na2AlNiH6,1.0,28.0,27.0,6.9,7.080000000000001,1.0,2.0,92.0,90.0,69.0,28.4,92.0,1.00794,58.6934,57.68546,13.770211716,15.314726059200002,1.00794,14.01,1728.0,1713.99,348.727,401.66040000000004,14.01,1.0,13.0,12.0,3.1,3.3600000000000003,1.0,1.0,4.0,3.0,1.9,1.08,1.0,31.0,166.0,135.0,76.3,54.35999999999999,31.0,0.93,2.2,1.27,1.858,0.4208,2.2,1.0,2.0,1.0,1.2,0.31999999999999995,1.0,0.0,1.0,1.0,0.1,0.18000000000000002,0.0,0.0,8.0,8.0,0.8,1.4400000000000002,0.0,0.0,0.0,0.0,0.0,0.0,0.0,1.0,10.0,9.0,2.1,1.7600000000000002,1.0,0.0,1.0,1.0,0.8,0.31999999999999995,1.0,0.0,5.0,5.0,0.5,0.9,0.0,0.0,2.0,2.0,0.2,0.36000000000000004,0.0,0.0,0.0,0.0,0.0,0.0,0.0,1.0,5.0,4.0,1.5,0.8,1.0,6.615,29.2433333333,22.6283333333,12.49766666666,7.494733333324001,6.615,0.0,7.853,7.853,4.711799999999999,3.7694400000000003,7.853,0.0,0.5953947,0.5953947,0.059539470000000004,0.107171046,0.0,194.0,229.0,35.0,207.2,15.839999999999998,194.0,-6.950989983632488,-2.523676573756707,1,0.7943069112243681
Na2NiAlH6,1.0,28.0,27.0,6.9,7.080000000000001,1.0,2.0,92.0,90.0,69.0,28.4,92.0,1.00794,58.6934,57.68546,13.770211716,15.314726059200002,1.00794,14.01,1728.0,1713.99,348.727,401.66040000000004,14.01,1.0,13.0,12.0,3.1,3.3600000000000003,1.0,1.0,4.0,3.0,1.9,1.08,1.0,31.0,166.0,135.0,76.3,54.35999999999999,31.0,0.93,2.2,1.27,1.858,0.4208,2.2,1.0,2.0,1.0,1.2,0.31999999999999995,1.0,0.0,1.0,1.0,0.1,0.18000000000000002,0.0,0.0,8.0,8.0,0.8,1.4400000000000002,0.0,0.0,0.0,0.0,0.0,0.0,0.0,1.0,10.0,9.0,2.1,1.7600000000000002,1.0,0.0,1.0,1.0,0.8,0.31999999999999995,1.0,0.0,5.0,5.0,0.5,0.9,0.0,0.0,2.0,2.0,0.2,0.36000000000000004,0.0,0.0,0.0,0.0,0.0,0.0,0.0,1.0,5.0,4.0,1.5,0.8,1.0,6.615,29.2433333333,22.6283333333,12.497666666659999,7.494733333323998,6.615,0.0,7.853,7.853,4.711799999999999,3.7694400000000003,7.853,0.0,0.5953947,0.5953947,0.059539470000000004,0.107171046,0.0,194.0,229.0,35.0,207.2,15.839999999999998,194.0,-6.950989983632488,-2.5236765737567075,1,0.7943069112243681
Ca2CrZnH6,1.0,30.0,29.0,10.0,10.8,1.0,7.0,92.0,85.0,68.4,28.439999999999998,92.0,1.00794,65.38,64.37205999999999,20.357974000000002,23.2200408,1.00794,14.01,2180.0,2165.99,518.6740000000001,605.5968,14.01,1.0,12.0,11.0,2.8,2.4799999999999995,1.0,1.0,4.0,3.0,2.2,1.44,1.0,31.0,176.0,145.0,79.9,58.67999999999999,31.0,1.0,2.2,1.2000000000000002,1.8510000000000002,0.41880000000000006,2.2,1.0,2.0,1.0,1.3,0.42000000000000004,1.0,0.0,0.0,0.0,0.0,0.0,0.0,0.0,10.0,10.0,1.5,2.4,0.0,0.0,0.0,0.0,0.0,0.0,0.0,1.0,12.0,11.0,2.8,2.4799999999999995,1.0,0.0,1.0,1.0,0.7,0.42000000000000004,1.0,0.0,0.0,0.0,0.0,0.0,0.0,0.0,5.0,5.0,0.5,0.9,0.0,0.0,0.0,0.0,0.0,0.0,0.0,0.0,6.0,6.0,1.2,0.9599999999999997,1.0,6.615,37.77,31.155,14.038,9.492799999999999,6.615,0.0,7.853,7.853,4.711799999999999,3.7694400000000003,7.853,0.0,0.0,0.0,0.0,0.0,0.0,194.0,229.0,35.0,203.7,13.579999999999995,194.0,-9.025500931228981,-0.4675214099193088,1,0.7940055865002839
Ca2ZnCrH6,1.0,30.0,29.0,10.0,10.8,1.0,7.0,92.0,85.0,68.4,28.439999999999998,92.0,1.00794,65.38,64.37205999999999,20.357974000000002,23.2200408,1.00794,14.01,2180.0,2165.99,518.6740000000001,605.5968,14.01,1.0,12.0,11.0,2.8,2.4799999999999995,1.0,1.0,4.0,3.0,2.2,1.44,1.0,31.0,176.0,145.0,79.9,58.67999999999999,31.0,1.0,2.2,1.2000000000000002,1.8510000000000002,0.41880000000000006,2.2,1.0,2.0,1.0,1.3,0.41999999999999993,1.0,0.0,0.0,0.0,0.0,0.0,0.0,0.0,10.0,10.0,1.5,2.4,0.0,0.0,0.0,0.0,0.0,0.0,0.0,1.0,12.0,11.0,2.8,2.4799999999999995,1.0,0.0,1.0,1.0,0.7,0.41999999999999993,1.0,0.0,0.0,0.0,0.0,0.0,0.0,0.0,5.0,5.0,0.5,0.9,0.0,0.0,0.0,0.0,0.0,0.0,0.0,0.0,6.0,6.0,1.2,0.9599999999999997,1.0,6.615,37.77,31.155,14.038,9.492799999999999,6.615,0.0,7.853,7.853,4.711799999999999,3.7694400000000003,7.853,0.0,0.0,0.0,0.0,0.0,0.0,194.0,229.0,35.0,203.7,13.579999999999995,194.0,-9.025500931228981,-0.4675214099193086,1,0.7940055865002839
Ca2ScNiH6,1.0,28.0,27.0,9.5,10.2,1.0,7.0,92.0,85.0,63.8,33.839999999999996,92.0,1.00794,58.6934,57.68546,18.985295200000003,21.57282624,1.00794,14.01,1814.0,1799.99,585.606,685.9152,14.01,1.0,10.0,9.0,2.3,1.6799999999999997,1.0,1.0,4.0,3.0,2.2,1.44,1.0,31.0,176.0,145.0,83.2,62.64000000000001,31.0,1.0,2.2,1.2000000000000002,1.8470000000000002,0.43620000000000003,2.2,1.0,2.0,1.0,1.4,0.48,1.0,0.0,0.0,0.0,0.0,0.0,0.0,0.0,8.0,8.0,0.9,1.44,0.0,0.0,0.0,0.0,0.0,0.0,0.0,1.0,10.0,9.0,2.3,1.6799999999999997,1.0,0.0,1.0,1.0,0.6,0.4800000000000001,1.0,0.0,0.0,0.0,0.0,0.0,0.0,0.0,9.0,9.0,1.1,1.7600000000000002,0.0,0.0,0.0,0.0,0.0,0.0,0.0,0.0,9.0,9.0,1.7,1.52,1.0,6.615,37.77,31.155,14.7785,10.687899999999999,6.615,0.0,7.853,7.853,4.711799999999999,3.7694400000000003,7.853,0.0,0.5953947,0.5953947,0.05954010500000001,0.107170919,0.0,194.0,225.0,31.0,203.3,13.020000000000005,194.0,-9.810687171362966,-0.05179397144885215,1,0.7933080631060725
Ca2NiScH6,1.0,28.0,27.0,9.5,10.2,1.0,7.0,92.0,85.0,63.8,33.839999999999996,92.0,1.00794,58.6934,57.68546,18.985295200000003,21.572826239999998,1.00794,14.01,1814.0,1799.99,585.606,685.9152,14.01,1.0,10.0,9.0,2.3,1.6799999999999997,1.0,1.0,4.0,3.0,2.2,1.44,1.0,31.0,176.0,145.0,83.2,62.64000000000001,31.0,1.0,2.2,1.2000000000000002,1.8470000000000002,0.43620000000000003,2.2,1.0,2.0,1.0,1.4,0.48,1.0,0.0,0.0,0.0,0.0,0.0,0.0,0.0,8.0,8.0,0.9,1.44,0.0,0.0,0.0,0.0,0.0,0.0,0.0,1.0,10.0,9.0,2.3,1.6799999999999997,1.0,0.0,1.0,1.0,0.6,0.4800000000000001,1.0,0.0,0.0,0.0,0.0,0.0,0.0,0.0,9.0,9.0,1.1,1.7600000000000002,0.0,0.0,0.0,0.0,0.0,0.0,0.0,0.0,9.0,9.0,1.7,1.52,1.0,6.615,37.77,31.155,14.778500000000003,10.687900000000003,6.615,0.0,7.853,7.853,4.711799999999999,3.7694400000000003,7.853,0.0,0.5953947,0.5953947,0.05954010500000001,0.107170919,0.0,194.0,225.0,31.0,203.3,13.020000000000005,194.0,-9.810687171362966,-0.05179397144885215,1,0.7933080631060725
Ca2VTiH6,1.0,23.0,22.0,9.1,9.719999999999999,1.0,7.0,92.0,85.0,65.5,31.8,92.0,1.00794,50.9415,49.93356,18.501213999999997,20.9919288,1.00794,14.01,2183.0,2168.99,643.806,755.7552,14.01,1.0,5.0,4.0,1.9,1.08,1.0,1.0,4.0,3.0,2.2,1.44,1.0,31.0,176.0,145.0,85.1,64.92,31.0,1.0,2.2,1.2000000000000002,1.8370000000000002,0.4356000000000001,2.2,1.0,2.0,1.0,1.4,0.48,1.0,0.0,0.0,0.0,0.0,0.0,0.0,0.0,3.0,3.0,0.5,0.8,0.0,0.0,0.0,0.0,0.0,0.0,0.0,1.0,5.0,4.0,1.9,1.08,1.0,0.0,1.0,1.0,0.6,0.4800000000000001,1.0,0.0,0.0,0.0,0.0,0.0,0.0,0.0,8.0,8.0,1.5,2.4,0.0,0.0,0.0,0.0,0.0,0.0,0.0,0.0,8.0,8.0,2.1,2.16,1.0,6.615,37.77,31.155,14.493,9.750200000000001,6.615,0.0,7.853,7.853,4.711799999999999,3.7694400000000003,7.853,0.0,2.25333333333e-05,2.25333333333e-05,2.25333333333e-06,4.055999999993999e-06,0.0,194.0,229.0,35.0,203.7,13.579999999999995,194.0,-10.393491014124624,-0.5056847619630247,1,0.793120442271123
Ca2TiVH6,1.0,23.0,22.0,9.1,9.719999999999999,1.0,7.0,92.0,85.0,65.5,31.8,92.0,1.00794,50.9415,49.93356,18.501213999999997,20.9919288,1.00794,14.01,2183.0,2168.99,643.806,755.7552,14.01,1.0,5.0,4.0,1.9,1.08,1.0,1.0,4.0,3.0,2.2,1.44,1.0,31.0,176.0,145.0,85.1,64.92,31.0,1.0,2.2,1.2000000000000002,1.8370000000000002,0.4356000000000001,2.2,1.0,2.0,1.0,1.4,0.48,1.0,0.0,0.0,0.0,0.0,0.0,0.0,0.0,3.0,3.0,0.5,0.8,0.0,0.0,0.0,0.0,0.0,0.0,0.0,1.0,5.0,4.0,1.9,1.08,1.0,0.0,1.0,1.0,0.6,0.4800000000000001,1.0,0.0,0.0,0.0,0.0,0.0,0.0,0.0,8.0,8.0,1.5,2.4,0.0,0.0,0.0,0.0,0.0,0.0,0.0,0.0,8.0,8.0,2.1,2.16,1.0,6.615,37.77,31.155,14.493,9.750200000000001,6.615,0.0,7.853,7.853,4.711799999999999,3.7694400000000003,7.853,0.0,2.25333333333e-05,2.25333333333e-05,2.25333333333e-06,4.055999999994e-06,0.0,194.0,229.0,35.0,203.7,13.579999999999995,194.0,-10.393491014124624,-0.5056847619630247,1,0.793120442271123
Ca2CoAlH6,1.0,27.0,26.0,8.6,9.12,1.0,7.0,92.0,85.0,69.7,27.420000000000005,92.0,1.00794,58.933195,57.925255,17.21183736,19.444676832,1.00794,14.01,1768.0,1753.99,501.55300000000005,585.0516,14.01,1.0,13.0,12.0,3.2,3.12,1.0,1.0,4.0,3.0,2.1,1.3199999999999998,1.0,31.0,176.0,145.0,78.5,57.0,31.0,1.0,2.2,1.2000000000000002,1.8690000000000002,0.3994,2.2,1.0,2.0,1.0,1.4,0.48,1.0,0.0,1.0,1.0,0.1,0.18000000000000002,0.0,0.0,7.0,7.0,0.7,1.2599999999999998,0.0,0.0,0.0,0.0,0.0,0.0,0.0,1.0,9.0,8.0,2.2,1.52,1.0,0.0,1.0,1.0,0.6,0.4800000000000001,1.0,0.0,5.0,5.0,0.5,0.9,0.0,0.0,3.0,3.0,0.3,0.54,0.0,0.0,0.0,0.0,0.0,0.0,0.0,0.0,5.0,5.0,1.4,1.0399999999999998,1.0,6.615,37.77,31.155,14.195500000000001,9.886700000000001,6.615,0.0,7.853,7.853,4.711799999999999,3.7694400000000003,7.853,0.0,1.5484712,1.5484712,0.15484712,0.278724816,0.0,194.0,225.0,31.0,203.3,13.020000000000005,194.0,-7.2045026679639665,-2.0034120344921504,1,0.793026384073255
Ca2AlCoH6,1.0,27.0,26.0,8.6,9.12,1.0,7.0,92.0,85.0,69.7,27.419999999999995,92.0,1.00794,58.933195,57.925255,17.211837359999997,19.444676832,1.00794,14.01,1768.0,1753.99,501.55300000000005,585.0516,14.01,1.0,13.0,12.0,3.2,3.12,1.0,1.0,4.0,3.0,2.1,1.3199999999999998,1.0,31.0,176.0,145.0,78.5,57.0,31.0,1.0,2.2,1.2000000000000002,1.8690000000000002,0.3994,2.2,1.0,2.0,1.0,1.4,0.48,1.0,0.0,1.0,1.0,0.1,0.18000000000000002,0.0,0.0,7.0,7.0,0.7,1.2599999999999998,0.0,0.0,0.0,0.0,0.0,0.0,0.0,1.0,9.0,8.0,2.2,1.52,1.0,0.0,1.0,1.0,0.6,0.4800000000000001,1.0,0.0,5.0,5.0,0.5,0.9,0.0,0.0,3.0,3.0,0.3,0.54,0.0,0.0,0.0,0.0,0.0,0.0,0.0,0.0,5.0,5.0,1.4,1.0399999999999998,1.0,6.615,37.77,31.155,14.195500000000001,9.886700000000001,6.615,0.0,7.853,7.853,4.711799999999999,3.7694400000000003,7.853,0.0,1.5484712,1.5484712,0.15484712,0.278724816,0.0,194.0,225.0,31.0,203.3,13.020000000000005,194.0,-7.2045026679639665,-2.0034120344921504,1,0.793026384073255
Na2VFeH6,1.0,26.0,25.0,7.7,8.040000000000001,1.0,2.0,92.0,90.0,65.7,31.560000000000002,92.0,1.00794,55.845,54.83706,15.881367856,17.8481134272,1.00794,14.01,2183.0,2168.99,481.98,606.008,14.01,1.0,8.0,7.0,2.1,1.7600000000000002,1.0,1.0,4.0,3.0,2.0,1.2,1.0,31.0,166.0,135.0,80.3,59.15999999999999,31.0,0.93,2.2,1.27,1.8520000000000003,0.4176,2.2,1.0,2.0,1.0,1.2,0.31999999999999995,1.0,0.0,0.0,0.0,0.0,0.0,0.0,0.0,6.0,6.0,0.9,1.44,0.0,0.0,0.0,0.0,0.0,0.0,0.0,1.0,8.0,7.0,2.1,1.7600000000000002,1.0,0.0,1.0,1.0,0.8,0.31999999999999995,1.0,0.0,0.0,0.0,0.0,0.0,0.0,0.0,7.0,7.0,1.1,1.7600000000000002,0.0,0.0,0.0,0.0,0.0,0.0,0.0,1.0,7.0,6.0,1.9,1.44,1.0,6.615,29.2433333333,22.6283333333,12.191666666660002,6.984333333324,6.615,0.0,7.853,7.853,4.711799999999999,3.7694400000000003,7.853,0.0,2.1106628,2.1106628,0.21106628,0.37991930399999996,0.0,194.0,229.0,35.0,208.0,16.8,194.0,-10.062890344720351,-0.7755698748784782,1,0.7921838549585112
Na2FeVH6,1.0,26.0,25.0,7.7,8.040000000000001,1.0,2.0,92.0,90.0,65.7,31.560000000000002,92.0,1.00794,55.845,54.83706,15.881367856,17.8481134272,1.00794,14.01,2183.0,2168.99,481.98,606.008,14.01,1.0,8.0,7.0,2.1,1.7600000000000002,1.0,1.0,4.0,3.0,2.0,1.2,1.0,31.0,166.0,135.0,80.3,59.15999999999999,31.0,0.93,2.2,1.27,1.8520000000000003,0.4176,2.2,1.0,2.0,1.0,1.2,0.31999999999999995,1.0,0.0,0.0,0.0,0.0,0.0,0.0,0.0,6.0,6.0,0.9,1.44,0.0,0.0,0.0,0.0,0.0,0.0,0.0,1.0,8.0,7.0,2.1,1.7600000000000002,1.0,0.0,1.0,1.0,0.8,0.31999999999999995,1.0,0.0,0.0,0.0,0.0,0.0,0.0,0.0,7.0,7.0,1.1,1.7600000000000002,0.0,0.0,0.0,0.0,0.0,0.0,0.0,1.0,7.0,6.0,1.9,1.44,1.0,6.615,29.2433333333,22.6283333333,12.191666666660002,6.984333333324,6.615,0.0,7.853,7.853,4.711799999999999,3.7694400000000003,7.853,0.0,2.1106628,2.1106628,0.21106628,0.37991930399999996,0.0,194.0,229.0,35.0,208.0,16.8,194.0,-10.062890344720351,-0.7755698748784782,1,0.7921838549585112
Na2ScNiH6,1.0,28.0,27.0,7.7,8.040000000000001,1.0,2.0,92.0,90.0,62.8,35.04,92.0,1.00794,58.6934,57.68546,15.567649055999999,17.471650867199997,1.00794,14.01,1814.0,1799.99,436.78000000000003,533.6880000000001,14.01,1.0,10.0,9.0,2.1,1.7600000000000002,1.0,1.0,4.0,3.0,2.0,1.2,1.0,31.0,170.0,139.0,81.2,60.24000000000001,31.0,0.93,2.2,1.27,1.8330000000000002,0.4558,2.2,1.0,2.0,1.0,1.2,0.31999999999999995,1.0,0.0,0.0,0.0,0.0,0.0,0.0,0.0,8.0,8.0,0.9,1.44,0.0,0.0,0.0,0.0,0.0,0.0,0.0,1.0,10.0,9.0,2.1,1.7600000000000002,1.0,0.0,1.0,1.0,0.8,0.31999999999999995,1.0,0.0,0.0,0.0,0.0,0.0,0.0,0.0,9.0,9.0,1.1,1.7600000000000002,0.0,0.0,0.0,0.0,0.0,0.0,0.0,1.0,9.0,8.0,1.9,1.44,1.0,6.615,29.2433333333,22.6283333333,13.07316666666,8.300433333324,6.615,0.0,7.853,7.853,4.711799999999999,3.7694400000000003,7.853,0.0,0.5953947,0.5953947,0.05954010500000001,0.107170919,0.0,194.0,229.0,35.0,204.1,14.139999999999997,194.0,-9.822061743925433,-0.4532145638135851,1,0.7921140067262482
Na2NiScH6,1.0,28.0,27.0,7.7,8.040000000000001,1.0,2.0,92.0,90.0,62.8,35.04,92.0,1.00794,58.6934,57.68546,15.567649055999999,17.471650867199997,1.00794,14.01,1814.0,1799.99,436.78000000000003,533.6880000000001,14.01,1.0,10.0,9.0,2.1,1.7600000000000002,1.0,1.0,4.0,3.0,2.0,1.2,1.0,31.0,170.0,139.0,81.2,60.24000000000001,31.0,0.93,2.2,1.27,1.8330000000000002,0.4558,2.2,1.0,2.0,1.0,1.2,0.31999999999999995,1.0,0.0,0.0,0.0,0.0,0.0,0.0,0.0,8.0,8.0,0.9,1.44,0.0,0.0,0.0,0.0,0.0,0.0,0.0,1.0,10.0,9.0,2.1,1.7600000000000002,1.0,0.0,1.0,1.0,0.8,0.31999999999999995,1.0,0.0,0.0,0.0,0.0,0.0,0.0,0.0,9.0,9.0,1.1,1.7600000000000002,0.0,0.0,0.0,0.0,0.0,0.0,0.0,1.0,9.0,8.0,1.9,1.44,1.0,6.615,29.2433333333,22.6283333333,13.07316666666,8.300433333324,6.615,0.0,7.853,7.853,4.711799999999999,3.7694400000000003,7.853,0.0,0.5953947,0.5953947,0.05954010500000001,0.107170919,0.0,194.0,229.0,35.0,204.1,14.139999999999997,194.0,-9.822061743925433,-0.4532145638135851,1,0.7921140067262482
Mg2CoNiH6,1.0,28.0,27.0,8.5,9.0,1.0,58.0,92.0,34.0,80.7,13.559999999999999,92.0,1.00794,58.933195,57.925255,17.228423499999998,19.464580199999997,1.00794,14.01,1768.0,1753.99,542.606,634.3152,14.01,1.0,10.0,9.0,2.9,2.6399999999999997,1.0,1.0,4.0,3.0,2.0,1.2,1.0,31.0,141.0,110.0,71.8,48.96,31.0,1.31,2.2,0.8900000000000001,1.9609999999999999,0.2868000000000001,2.2,1.0,2.0,1.0,1.4,0.48,1.0,0.0,0.0,0.0,0.0,0.0,0.0,0.0,8.0,8.0,1.5,2.4,0.0,0.0,0.0,0.0,0.0,0.0,0.0,1.0,10.0,9.0,2.9,2.6399999999999997,1.0,0.0,1.0,1.0,0.6,0.4800000000000001,1.0,0.0,0.0,0.0,0.0,0.0,0.0,0.0,3.0,3.0,0.5,0.8,0.0,0.0,0.0,0.0,0.0,0.0,0.0,0.0,3.0,3.0,1.1,0.56,1.0,6.615,22.89,16.275,10.6035,4.9146,6.615,0.0,7.853,7.853,4.711799999999999,3.7694400000000003,7.853,0.0,1.5484712,1.5484712,0.21438659000000002,0.34301854400000004,0.0,194.0,225.0,31.0,197.1,5.579999999999996,194.0,-8.08794852597903,-2.356946378601619,1,0.790225508465521
Mg2NiCoH6,1.0,28.0,27.0,8.5,9.0,1.0,58.0,92.0,34.0,80.7,13.559999999999999,92.0,1.00794,58.933195,57.925255,17.228423499999998,19.464580199999997,1.00794,14.01,1768.0,1753.99,542.606,634.3152,14.01,1.0,10.0,9.0,2.9,2.6399999999999997,1.0,1.0,4.0,3.0,2.0,1.2,1.0,31.0,141.0,110.0,71.8,48.96,31.0,1.31,2.2,0.8900000000000001,1.9609999999999999,0.2868000000000001,2.2,1.0,2.0,1.0,1.4,0.48,1.0,0.0,0.0,0.0,0.0,0.0,0.0,0.0,8.0,8.0,1.5,2.4,0.0,0.0,0.0,0.0,0.0,0.0,0.0,1.0,10.0,9.0,2.9,2.6399999999999997,1.0,0.0,1.0,1.0,0.6,0.4800000000000001,1.0,0.0,0.0,0.0,0.0,0.0,0.0,0.0,3.0,3.0,0.5,0.8,0.0,0.0,0.0,0.0,0.0,0.0,0.0,0.0,3.0,3.0,1.1,0.56,1.0,6.615,22.89,16.275,10.6035,4.9146,6.615,0.0,7.853,7.853,4.711799999999999,3.7694400000000003,7.853,0.0,1.5484712,1.5484712,0.21438659000000002,0.34301854400000004,0.0,194.0,225.0,31.0,197.1,5.579999999999996,194.0,-8.08794852597903,-2.356946378601619,1,0.790225508465521
Ca2CoZnH6,1.0,30.0,29.0,10.3,11.16,1.0,7.0,92.0,85.0,69.3,27.24,92.0,1.00794,65.38,64.37205999999999,21.051683500000003,24.0524922,1.00794,14.01,1768.0,1753.99,477.47400000000005,556.1568,14.01,1.0,12.0,11.0,3.1,2.96,1.0,1.0,4.0,3.0,2.2,1.44,1.0,31.0,176.0,145.0,78.6,57.120000000000005,31.0,1.0,2.2,1.2000000000000002,1.873,0.3938000000000001,2.2,1.0,2.0,1.0,1.4,0.48,1.0,0.0,0.0,0.0,0.0,0.0,0.0,0.0,10.0,10.0,1.7,2.7199999999999998,0.0,0.0,0.0,0.0,0.0,0.0,0.0,1.0,12.0,11.0,3.1,2.96,1.0,0.0,1.0,1.0,0.6,0.4800000000000001,1.0,0.0,0.0,0.0,0.0,0.0,0.0,0.0,3.0,3.0,0.3,0.54,0.0,0.0,0.0,0.0,0.0,0.0,0.0,0.0,3.0,3.0,0.9,0.54,1.0,6.615,37.77,31.155,13.9435,9.533900000000001,6.615,0.0,7.853,7.853,4.711799999999999,3.7694400000000003,7.853,0.0,1.5484712,1.5484712,0.15484712,0.278724816,0.0,194.0,225.0,31.0,200.2,9.919999999999993,194.0,-8.768681921591341,-0.59431114274006,1,0.79
Cs2AlFeH6,1.0,55.0,54.0,15.5,17.9,1.0,5.0,92.0,87.0,69.0,28.4,92.0,1.00794,132.9054519,131.8975119,35.468508240000006,43.050075816,1.00794,14.01,1811.0,1796.99,343.171,411.62559999999996,14.01,1.0,13.0,12.0,2.9,3.04,1.0,1.0,6.0,5.0,2.5,1.8,1.0,31.0,244.0,213.0,92.7,74.04,31.0,0.79,2.2,1.4100000000000001,1.8220000000000003,0.45519999999999994,2.2,1.0,2.0,1.0,1.2,0.31999999999999995,1.0,0.0,1.0,1.0,0.1,0.18000000000000002,0.0,0.0,6.0,6.0,0.6,1.08,0.0,0.0,0.0,0.0,0.0,0.0,0.0,1.0,8.0,7.0,1.9,1.44,1.0,0.0,1.0,1.0,0.8,0.31999999999999995,1.0,0.0,5.0,5.0,0.5,0.9,0.0,0.0,4.0,4.0,0.4,0.7200000000000001,0.0,0.0,0.0,0.0,0.0,0.0,0.0,1.0,5.0,4.0,1.7,1.1199999999999999,1.0,6.615,115.765,109.15,29.843,34.3688,6.615,0.0,7.853,7.853,4.711799999999999,3.7694400000000003,7.853,0.0,2.1106628,2.1106628,0.21106628,0.37991930399999996,0.0,194.0,229.0,35.0,207.6,16.32,194.0,-9.920503093301457,2.7968572100650073,1,0.79
Cs2FeAlH6,1.0,55.0,54.0,15.5,17.9,1.0,5.0,92.0,87.0,69.0,28.4,92.0,1.00794,132.9054519,131.8975119,35.468508240000006,43.050075816,1.00794,14.01,1811.0,1796.99,343.17099999999994,411.62559999999996,14.01,1.0,13.0,12.0,2.9,3.04,1.0,1.0,6.0,5.0,2.5,1.8,1.0,31.0,244.0,213.0,92.7,74.04,31.0,0.79,2.2,1.4100000000000001,1.8220000000000003,0.45519999999999994,2.2,1.0,2.0,1.0,1.2,0.31999999999999995,1.0,0.0,1.0,1.0,0.1,0.18000000000000002,0.0,0.0,6.0,6.0,0.6,1.08,0.0,0.0,0.0,0.0,0.0,0.0,0.0,1.0,8.0,7.0,1.9,1.44,1.0,0.0,1.0,1.0,0.8,0.31999999999999995,1.0,0.0,5.0,5.0,0.5,0.9,0.0,0.0,4.0,4.0,0.4,0.7200000000000001,0.0,0.0,0.0,0.0,0.0,0.0,0.0,1.0,5.0,4.0,1.7,1.1199999999999999,1.0,6.615,115.765,109.15,29.843,34.3688,6.615,0.0,7.853,7.853,4.711799999999999,3.7694400000000003,7.853,0.0,2.1106628,2.1106628,0.21106628,0.37991930399999996,0.0,194.0,229.0,35.0,207.6,16.32,194.0,-9.920503093301457,2.7968572100650073,1,0.79
Cs2CoCrH6,1.0,55.0,54.0,16.7,18.839999999999996,1.0,5.0,92.0,87.0,66.9,30.119999999999997,92.0,1.00794,132.9054519,131.8975119,38.278783880000006,44.725012656000004,1.00794,14.01,2180.0,2165.99,463.52400000000006,604.1904000000001,14.01,1.0,9.0,8.0,2.3,2.0799999999999996,1.0,1.0,6.0,5.0,2.6,1.9200000000000004,1.0,31.0,244.0,213.0,93.9,75.47999999999999,31.0,0.79,2.2,1.4100000000000001,1.832,0.45120000000000005,2.2,1.0,2.0,1.0,1.1,0.18000000000000008,1.0,0.0,0.0,0.0,0.0,0.0,0.0,0.0,7.0,7.0,1.2,1.92,0.0,0.0,0.0,0.0,0.0,0.0,0.0,1.0,9.0,8.0,2.3,2.0799999999999996,1.0,0.0,1.0,1.0,0.9,0.18,1.0,0.0,0.0,0.0,0.0,0.0,0.0,0.0,5.0,5.0,0.8,1.28,0.0,0.0,0.0,0.0,0.0,0.0,0.0,1.0,6.0,5.0,1.7,1.1199999999999999,1.0,6.615,115.765,109.15,29.265499999999996,34.5998,6.615,0.0,7.853,7.853,4.711799999999999,3.7694400000000003,7.853,0.0,1.5484712,1.5484712,0.15484712,0.278724816,0.0,194.0,229.0,35.0,204.5,14.7,194.0,-12.323503842298143,4.330175970108426,1,0.79
Cs2CrCoH6,1.0,55.0,54.0,16.7,18.839999999999996,1.0,5.0,92.0,87.0,66.9,30.119999999999997,92.0,1.00794,132.9054519,131.8975119,38.278783880000006,44.725012656000004,1.00794,14.01,2180.0,2165.99,463.52400000000006,604.1904000000001,14.01,1.0,9.0,8.0,2.3,2.0799999999999996,1.0,1.0,6.0,5.0,2.6,1.9200000000000004,1.0,31.0,244.0,213.0,93.9,75.47999999999999,31.0,0.79,2.2,1.4100000000000001,1.832,0.45120000000000005,2.2,1.0,2.0,1.0,1.1,0.18000000000000008,1.0,0.0,0.0,0.0,0.0,0.0,0.0,0.0,7.0,7.0,1.2,1.92,0.0,0.0,0.0,0.0,0.0,0.0,0.0,1.0,9.0,8.0,2.3,2.0799999999999996,1.0,0.0,1.0,1.0,0.9,0.18,1.0,0.0,0.0,0.0,0.0,0.0,0.0,0.0,5.0,5.0,0.8,1.28,0.0,0.0,0.0,0.0,0.0,0.0,0.0,1.0,6.0,5.0,1.7,1.1199999999999999,1.0,6.615,115.765,109.15,29.265499999999996,34.5998,6.615,0.0,7.853,7.853,4.711799999999999,3.7694400000000003,7.853,0.0,1.5484712,1.5484712,0.15484712,0.278724816,0.0,194.0,229.0,35.0,204.5,14.7,194.0,-12.323503842298143,4.330175970108426,1,0.79
Ca2ZnCoH6,1.0,30.0,29.0,10.3,11.16,1.0,7.0,92.0,85.0,69.3,27.24,92.0,1.00794,65.38,64.37205999999999,21.051683500000003,24.052492199999996,1.00794,14.01,1768.0,1753.99,477.47400000000005,556.1568,14.01,1.0,12.0,11.0,3.1,2.96,1.0,1.0,4.0,3.0,2.2,1.44,1.0,31.0,176.0,145.0,78.6,57.120000000000005,31.0,1.0,2.2,1.2000000000000002,1.873,0.3938000000000001,2.2,1.0,2.0,1.0,1.4,0.48,1.0,0.0,0.0,0.0,0.0,0.0,0.0,0.0,10.0,10.0,1.7,2.7199999999999998,0.0,0.0,0.0,0.0,0.0,0.0,0.0,1.0,12.0,11.0,3.1,2.96,1.0,0.0,1.0,1.0,0.6,0.4800000000000001,1.0,0.0,0.0,0.0,0.0,0.0,0.0,0.0,3.0,3.0,0.3,0.54,0.0,0.0,0.0,0.0,0.0,0.0,0.0,0.0,3.0,3.0,0.9,0.54,1.0,6.615,37.77,31.155,13.9435,9.533900000000001,6.615,0.0,7.853,7.853,4.711799999999999,3.7694400000000003,7.853,0.0,1.5484712,1.5484712,0.15484712,0.278724816,0.0,194.0,225.0,31.0,200.2,9.919999999999993,194.0,-8.768681921591341,-0.5943111427400601,1,0.79
Na2MnZnH6,1.0,30.0,29.0,8.3,8.76,1.0,2.0,92.0,90.0,67.7,29.420000000000005,92.0,1.00794,65.38,64.37205999999999,17.234522356,19.4718988272,1.00794,14.01,1519.0,1504.99,303.74799999999993,347.68559999999997,14.01,1.0,12.0,11.0,2.7,2.72,1.0,1.0,4.0,3.0,2.0,1.2,1.0,31.0,166.0,135.0,77.9,56.279999999999994,31.0,0.93,2.2,1.27,1.826,0.44880000000000014,2.2,1.0,2.0,1.0,1.2,0.31999999999999995,1.0,0.0,0.0,0.0,0.0,0.0,0.0,0.0,10.0,10.0,1.5,2.4,0.0,0.0,0.0,0.0,0.0,0.0,0.0,1.0,12.0,11.0,2.7,2.72,1.0,0.0,1.0,1.0,0.8,0.31999999999999995,1.0,0.0,0.0,0.0,0.0,0.0,0.0,0.0,5.0,5.0,0.5,0.9,0.0,0.0,0.0,0.0,0.0,0.0,0.0,0.0,5.0,5.0,1.3,0.74,1.0,6.615,29.2433333333,22.6283333333,12.262425287350002,7.13187816091,6.615,0.0,7.853,7.853,4.711799999999999,3.7694400000000003,7.853,0.0,0.000310120689655,0.000310120689655,3.10120689655e-05,5.58217241379e-05,0.0,194.0,229.0,35.0,203.3,13.020000000000005,194.0,-8.821032628237491,-0.8807723556560115,1,0.788237318114584
Na2ZnMnH6,1.0,30.0,29.0,8.3,8.76,1.0,2.0,92.0,90.0,67.7,29.419999999999995,92.0,1.00794,65.38,64.37205999999999,17.234522356000003,19.4718988272,1.00794,14.01,1519.0,1504.99,303.748,347.68559999999997,14.01,1.0,12.0,11.0,2.7,2.72,1.0,1.0,4.0,3.0,2.0,1.2,1.0,31.0,166.0,135.0,77.9,56.279999999999994,31.0,0.93,2.2,1.27,1.826,0.44880000000000014,2.2,1.0,2.0,1.0,1.2,0.31999999999999995,1.0,0.0,0.0,0.0,0.0,0.0,0.0,0.0,10.0,10.0,1.5,2.4,0.0,0.0,0.0,0.0,0.0,0.0,0.0,1.0,12.0,11.0,2.7,2.72,1.0,0.0,1.0,1.0,0.8,0.31999999999999995,1.0,0.0,0.0,0.0,0.0,0.0,0.0,0.0,5.0,5.0,0.5,0.9,0.0,0.0,0.0,0.0,0.0,0.0,0.0,0.0,5.0,5.0,1.3,0.74,1.0,6.615,29.2433333333,22.6283333333,12.262425287350002,7.13187816091,6.615,0.0,7.853,7.853,4.711799999999999,3.7694400000000003,7.853,0.0,0.000310120689655,0.000310120689655,3.10120689655e-05,5.58217241379e-05,0.0,194.0,229.0,35.0,203.3,13.020000000000005,194.0,-8.821032628237491,-0.8807723556560115,1,0.788237318114584
Rb2FeCrH6,1.0,37.0,36.0,13.0,14.4,1.0,4.0,92.0,88.0,66.4,30.72,92.0,1.00794,85.4678,84.45985999999999,28.482434,32.9693928,1.00794,14.01,2180.0,2165.99,469.99800000000005,610.2008,14.01,1.0,8.0,7.0,2.2,1.9200000000000004,1.0,1.0,5.0,4.0,2.4,1.6799999999999997,1.0,31.0,220.0,189.0,89.7,70.44000000000001,31.0,0.82,2.2,1.3800000000000003,1.8330000000000002,0.44040000000000007,2.2,1.0,2.0,1.0,1.1,0.18000000000000008,1.0,0.0,0.0,0.0,0.0,0.0,0.0,0.0,6.0,6.0,1.1,1.7600000000000002,0.0,0.0,0.0,0.0,0.0,0.0,0.0,1.0,8.0,7.0,2.2,1.9200000000000004,1.0,0.0,1.0,1.0,0.9,0.18,1.0,0.0,0.0,0.0,0.0,0.0,0.0,0.0,5.0,5.0,0.9,1.44,0.0,0.0,0.0,0.0,0.0,0.0,0.0,1.0,6.0,5.0,1.8,1.28,1.0,6.615,90.7225,84.1075,24.3055,26.5668,6.615,0.0,7.853,7.853,4.711799999999999,3.7694400000000003,7.853,0.0,2.1106628,2.1106628,0.21106628,0.37991930399999996,0.0,194.0,229.0,35.0,208.0,16.8,194.0,-11.704808188976902,2.293207249438762,1,0.7866293073380084
Rb2CrFeH6,1.0,37.0,36.0,13.0,14.4,1.0,4.0,92.0,88.0,66.4,30.72,92.0,1.00794,85.4678,84.45985999999999,28.482434,32.9693928,1.00794,14.01,2180.0,2165.99,469.99800000000005,610.2008,14.01,1.0,8.0,7.0,2.2,1.9200000000000004,1.0,1.0,5.0,4.0,2.4,1.6799999999999997,1.0,31.0,220.0,189.0,89.7,70.44000000000001,31.0,0.82,2.2,1.3800000000000003,1.8330000000000002,0.44040000000000007,2.2,1.0,2.0,1.0,1.1,0.18000000000000008,1.0,0.0,0.0,0.0,0.0,0.0,0.0,0.0,6.0,6.0,1.1,1.7600000000000002,0.0,0.0,0.0,0.0,0.0,0.0,0.0,1.0,8.0,7.0,2.2,1.9200000000000004,1.0,0.0,1.0,1.0,0.9,0.18,1.0,0.0,0.0,0.0,0.0,0.0,0.0,0.0,5.0,5.0,0.9,1.44,0.0,0.0,0.0,0.0,0.0,0.0,0.0,1.0,6.0,5.0,1.8,1.28,1.0,6.615,90.7225,84.1075,24.3055,26.5668,6.615,0.0,7.853,7.853,4.711799999999999,3.7694400000000003,7.853,0.0,2.1106628,2.1106628,0.21106628,0.37991930399999996,0.0,194.0,229.0,35.0,208.0,16.8,194.0,-11.704808188976902,2.293207249438762,1,0.7866293073380084
Ca2VMnH6,1.0,25.0,24.0,9.4,10.080000000000002,1.0,7.0,92.0,85.0,66.4,30.72,92.0,1.00794,54.938045,53.930105000000005,19.2083185,21.8404542,1.00794,14.01,2183.0,2168.99,601.606,705.1152,14.01,1.0,7.0,6.0,2.2,1.52,1.0,1.0,4.0,3.0,2.2,1.44,1.0,31.0,176.0,145.0,83.0,62.4,31.0,1.0,2.2,1.2000000000000002,1.8380000000000003,0.4344000000000001,2.2,1.0,2.0,1.0,1.4,0.48,1.0,0.0,0.0,0.0,0.0,0.0,0.0,0.0,5.0,5.0,0.8,1.28,0.0,0.0,0.0,0.0,0.0,0.0,0.0,1.0,7.0,6.0,2.2,1.52,1.0,0.0,1.0,1.0,0.6,0.4800000000000001,1.0,0.0,0.0,0.0,0.0,0.0,0.0,0.0,7.0,7.0,1.2,1.92,0.0,0.0,0.0,0.0,0.0,0.0,0.0,0.0,7.0,7.0,1.8,1.6800000000000002,1.0,6.615,37.77,31.155,13.872758620690002,9.558896551724,6.615,0.0,7.853,7.853,4.711799999999999,3.7694400000000003,7.853,0.0,0.000310120689655,0.000310120689655,3.10120689655e-05,5.58217241379e-05,0.0,194.0,229.0,35.0,206.0,14.4,194.0,-9.89348555757912,-0.5589351216282668,1,0.7853374706517573
Ca2MnVH6,1.0,25.0,24.0,9.4,10.080000000000002,1.0,7.0,92.0,85.0,66.4,30.72,92.0,1.00794,54.938045,53.930105000000005,19.208318499999997,21.8404542,1.00794,14.01,2183.0,2168.99,601.606,705.1152,14.01,1.0,7.0,6.0,2.2,1.52,1.0,1.0,4.0,3.0,2.2,1.44,1.0,31.0,176.0,145.0,83.0,62.4,31.0,1.0,2.2,1.2000000000000002,1.8380000000000003,0.4344000000000001,2.2,1.0,2.0,1.0,1.4,0.48,1.0,0.0,0.0,0.0,0.0,0.0,0.0,0.0,5.0,5.0,0.8,1.28,0.0,0.0,0.0,0.0,0.0,0.0,0.0,1.0,7.0,6.0,2.2,1.52,1.0,0.0,1.0,1.0,0.6,0.4800000000000001,1.0,0.0,0.0,0.0,0.0,0.0,0.0,0.0,7.0,7.0,1.2,1.92,0.0,0.0,0.0,0.0,0.0,0.0,0.0,0.0,7.0,7.0,1.8,1.6800000000000002,1.0,6.615,37.77,31.155,13.872758620690002,9.558896551724,6.615,0.0,7.853,7.853,4.711799999999999,3.7694400000000003,7.853,0.0,0.000310120689655,0.000310120689655,3.10120689655e-05,5.58217241379e-05,0.0,194.0,229.0,35.0,206.0,14.4,194.0,-9.89348555757912,-0.5589351216282668,1,0.7853374706517573
K2AlVH6,1.0,23.0,22.0,8.0,8.4,1.0,3.0,92.0,89.0,67.7,30.21999999999999,92.0,1.00794,50.9415,49.93356,16.21672786,18.250545432000003,1.00794,14.01,2183.0,2168.99,387.359,468.3504000000001,14.01,1.0,13.0,12.0,2.6,2.56,1.0,1.0,4.0,3.0,2.1,1.3199999999999998,1.0,31.0,203.0,172.0,86.6,66.72,31.0,0.82,2.2,1.3800000000000003,1.8080000000000003,0.47040000000000004,2.2,1.0,2.0,1.0,1.2,0.31999999999999995,1.0,0.0,1.0,1.0,0.1,0.18000000000000002,0.0,0.0,3.0,3.0,0.3,0.54,0.0,0.0,0.0,0.0,0.0,0.0,0.0,1.0,5.0,4.0,1.6,0.9600000000000002,1.0,0.0,1.0,1.0,0.8,0.31999999999999995,1.0,0.0,5.0,5.0,0.5,0.9,0.0,0.0,7.0,7.0,0.7,1.2599999999999998,0.0,0.0,0.0,0.0,0.0,0.0,0.0,1.0,7.0,6.0,2.0,1.6,1.0,6.615,73.1066666667,66.4916666667,21.539333333339997,20.626933333343995,6.615,0.0,7.853,7.853,4.711799999999999,3.7694400000000003,7.853,0.0,0.0,0.0,0.0,0.0,0.0,194.0,229.0,35.0,207.6,16.32,194.0,-8.281766474868698,-1.1499212091551787,1,0.7846687696135979
K2VAlH6,1.0,23.0,22.0,8.0,8.4,1.0,3.0,92.0,89.0,67.7,30.220000000000006,92.0,1.00794,50.9415,49.93356,16.21672786,18.250545432000003,1.00794,14.01,2183.0,2168.99,387.359,468.3504,14.01,1.0,13.0,12.0,2.6,2.56,1.0,1.0,4.0,3.0,2.1,1.3199999999999998,1.0,31.0,203.0,172.0,86.6,66.72,31.0,0.82,2.2,1.3800000000000003,1.8080000000000003,0.47040000000000004,2.2,1.0,2.0,1.0,1.2,0.31999999999999995,1.0,0.0,1.0,1.0,0.1,0.18000000000000002,0.0,0.0,3.0,3.0,0.3,0.54,0.0,0.0,0.0,0.0,0.0,0.0,0.0,1.0,5.0,4.0,1.6,0.9600000000000002,1.0,0.0,1.0,1.0,0.8,0.31999999999999995,1.0,0.0,5.0,5.0,0.5,0.9,0.0,0.0,7.0,7.0,0.7,1.2599999999999998,0.0,0.0,0.0,0.0,0.0,0.0,0.0,1.0,7.0,6.0,2.0,1.6,1.0,6.615,73.1066666667,66.4916666667,21.539333333339997,20.626933333343995,6.615,0.0,7.853,7.853,4.711799999999999,3.7694400000000003,7.853,0.0,0.0,0.0,0.0,0.0,0.0,194.0,229.0,35.0,207.6,16.32,194.0,-8.281766474868698,-1.1499212091551785,1,0.7846687696135979
Li2AlZnH6,1.0,30.0,29.0,5.5,6.4,1.0,1.0,92.0,91.0,69.6,27.560000000000002,92.0,1.00794,65.38,64.37205999999999,11.229117859999999,13.980660575999996,1.00794,14.01,933.47,919.46,261.75899999999996,297.29879999999997,14.01,1.0,13.0,12.0,3.3,3.6799999999999997,1.0,1.0,4.0,3.0,1.7,0.8399999999999999,1.0,31.0,128.0,97.0,68.5,45.0,31.0,0.98,2.2,1.2200000000000002,1.842,0.4296000000000001,2.2,1.0,2.0,1.0,1.2,0.31999999999999995,1.0,0.0,1.0,1.0,0.1,0.18000000000000002,0.0,0.0,10.0,10.0,1.0,1.8,0.0,0.0,0.0,0.0,0.0,0.0,0.0,1.0,12.0,11.0,2.3,2.0799999999999996,1.0,0.0,1.0,1.0,0.8,0.31999999999999995,1.0,0.0,5.0,5.0,0.5,0.9,0.0,0.0,0.0,0.0,0.0,0.0,0.0,0.0,0.0,0.0,0.0,0.0,0.0,0.0,5.0,5.0,1.3,0.74,1.0,6.615,16.5933333333,9.978333333299998,10.331666666659999,4.459999999991999,6.615,0.0,7.853,7.853,4.711799999999999,3.7694400000000003,7.853,0.0,0.0,0.0,0.0,0.0,0.0,194.0,229.0,35.0,204.1,14.139999999999997,194.0,-6.225250269126094,-3.272042412392354,1,0.7846079111727967
Na2NiCuH6,1.0,29.0,28.0,8.5,9.0,1.0,2.0,92.0,90.0,68.1,28.68,92.0,1.00794,63.546,62.53806,17.426657856,19.7024614272,1.00794,14.01,1728.0,1713.99,391.157,460.69120000000004,14.01,1.0,11.0,10.0,2.9,3.04,1.0,1.0,4.0,3.0,2.0,1.2,1.0,31.0,166.0,135.0,77.4,55.67999999999999,31.0,0.93,2.2,1.27,1.887,0.3828000000000001,2.2,1.0,2.0,1.0,1.1,0.18000000000000008,1.0,0.0,0.0,0.0,0.0,0.0,0.0,0.0,10.0,10.0,1.8,2.88,0.0,0.0,0.0,0.0,0.0,0.0,0.0,1.0,11.0,10.0,2.9,3.04,1.0,0.0,1.0,1.0,0.9,0.18,1.0,0.0,0.0,0.0,0.0,0.0,0.0,0.0,2.0,2.0,0.2,0.36000000000000004,0.0,0.0,0.0,0.0,0.0,0.0,0.0,1.0,2.0,1.0,1.1,0.18000000000000008,1.0,6.615,29.2433333333,22.6283333333,11.956666666659999,6.914666666655999,6.615,0.0,7.853,7.853,4.711799999999999,3.7694400000000003,7.853,0.0,0.5953947,0.5953947,0.059539470000000004,0.107171046,0.0,194.0,229.0,35.0,207.2,15.839999999999998,194.0,-8.871630606196987,-1.1330500143789006,1,0.7846079111727967
Li2ZnAlH6,1.0,30.0,29.0,5.5,6.4,1.0,1.0,92.0,91.0,69.6,27.560000000000002,92.0,1.00794,65.38,64.37205999999999,11.229117859999999,13.980660576,1.00794,14.01,933.47,919.46,261.75899999999996,297.29879999999997,14.01,1.0,13.0,12.0,3.3,3.6799999999999997,1.0,1.0,4.0,3.0,1.7,0.8399999999999999,1.0,31.0,128.0,97.0,68.5,45.0,31.0,0.98,2.2,1.2200000000000002,1.842,0.4296000000000001,2.2,1.0,2.0,1.0,1.2,0.31999999999999995,1.0,0.0,1.0,1.0,0.1,0.18000000000000002,0.0,0.0,10.0,10.0,1.0,1.8,0.0,0.0,0.0,0.0,0.0,0.0,0.0,1.0,12.0,11.0,2.3,2.0799999999999996,1.0,0.0,1.0,1.0,0.8,0.31999999999999995,1.0,0.0,5.0,5.0,0.5,0.9,0.0,0.0,0.0,0.0,0.0,0.0,0.0,0.0,0.0,0.0,0.0,0.0,0.0,0.0,5.0,5.0,1.3,0.74,1.0,6.615,16.5933333333,9.978333333299998,10.33166666666,4.459999999991999,6.615,0.0,7.853,7.853,4.711799999999999,3.7694400000000003,7.853,0.0,0.0,0.0,0.0,0.0,0.0,194.0,229.0,35.0,204.1,14.139999999999997,194.0,-6.225250269126094,-3.272042412392354,1,0.7846079111727967
Na2CuNiH6,1.0,29.0,28.0,8.5,9.0,1.0,2.0,92.0,90.0,68.1,28.68,92.0,1.00794,63.546,62.53806,17.426657856,19.7024614272,1.00794,14.01,1728.0,1713.99,391.15700000000004,460.69120000000004,14.01,1.0,11.0,10.0,2.9,3.04,1.0,1.0,4.0,3.0,2.0,1.2,1.0,31.0,166.0,135.0,77.4,55.67999999999999,31.0,0.93,2.2,1.27,1.887,0.3828000000000001,2.2,1.0,2.0,1.0,1.1,0.18000000000000008,1.0,0.0,0.0,0.0,0.0,0.0,0.0,0.0,10.0,10.0,1.8,2.88,0.0,0.0,0.0,0.0,0.0,0.0,0.0,1.0,11.0,10.0,2.9,3.04,1.0,0.0,1.0,1.0,0.9,0.18,1.0,0.0,0.0,0.0,0.0,0.0,0.0,0.0,2.0,2.0,0.2,0.36000000000000004,0.0,0.0,0.0,0.0,0.0,0.0,0.0,1.0,2.0,1.0,1.1,0.18000000000000008,1.0,6.615,29.2433333333,22.6283333333,11.956666666659999,6.914666666655999,6.615,0.0,7.853,7.853,4.711799999999999,3.7694400000000003,7.853,0.0,0.5953947,0.5953947,0.059539470000000004,0.107171046,0.0,194.0,229.0,35.0,207.2,15.839999999999998,194.0,-8.871630606196987,-1.1330500143789006,1,0.7846079111727967
Na2CuFeH6,1.0,29.0,28.0,8.3,8.76,1.0,2.0,92.0,90.0,67.5,29.4,92.0,1.00794,63.546,62.53806,17.141817856,19.3606534272,1.00794,14.01,1811.0,1796.99,399.457,473.97119999999995,14.01,1.0,11.0,10.0,2.7,2.72,1.0,1.0,4.0,3.0,2.0,1.2,1.0,31.0,166.0,135.0,78.2,56.64000000000001,31.0,0.93,2.2,1.27,1.879,0.3894000000000001,2.2,1.0,2.0,1.0,1.1,0.18000000000000008,1.0,0.0,0.0,0.0,0.0,0.0,0.0,0.0,10.0,10.0,1.6,2.56,0.0,0.0,0.0,0.0,0.0,0.0,0.0,1.0,11.0,10.0,2.7,2.72,1.0,0.0,1.0,1.0,0.9,0.18,1.0,0.0,0.0,0.0,0.0,0.0,0.0,0.0,4.0,4.0,0.4,0.7200000000000001,0.0,0.0,0.0,0.0,0.0,0.0,0.0,1.0,4.0,3.0,1.3,0.54,1.0,6.615,29.2433333333,22.6283333333,11.997666666659999,6.898266666655999,6.615,0.0,7.853,7.853,4.711799999999999,3.7694400000000003,7.853,0.0,2.1106628,2.1106628,0.21106628,0.37991930399999996,0.0,194.0,229.0,35.0,207.6,16.32,194.0,-9.376571431898267,-0.7530840475387208,1,0.7846079111727967
Na2FeCuH6,1.0,29.0,28.0,8.3,8.76,1.0,2.0,92.0,90.0,67.5,29.4,92.0,1.00794,63.546,62.53806,17.141817856,19.3606534272,1.00794,14.01,1811.0,1796.99,399.457,473.97119999999995,14.01,1.0,11.0,10.0,2.7,2.72,1.0,1.0,4.0,3.0,2.0,1.2,1.0,31.0,166.0,135.0,78.2,56.64000000000001,31.0,0.93,2.2,1.27,1.879,0.3894000000000001,2.2,1.0,2.0,1.0,1.1,0.18000000000000008,1.0,0.0,0.0,0.0,0.0,0.0,0.0,0.0,10.0,10.0,1.6,2.56,0.0,0.0,0.0,0.0,0.0,0.0,0.0,1.0,11.0,10.0,2.7,2.72,1.0,0.0,1.0,1.0,0.9,0.18,1.0,0.0,0.0,0.0,0.0,0.0,0.0,0.0,4.0,4.0,0.4,0.7200000000000001,0.0,0.0,0.0,0.0,0.0,0.0,0.0,1.0,4.0,3.0,1.3,0.54,1.0,6.615,29.2433333333,22.6283333333,11.99766666666,6.898266666655999,6.615,0.0,7.853,7.853,4.711799999999999,3.7694400000000003,7.853,0.0,2.1106628,2.1106628,0.21106628,0.37991930399999996,0.0,194.0,229.0,35.0,207.6,16.32,194.0,-9.376571431898267,-0.7530840475387206,1,0.7846079111727967
Na2CuAlH6,1.0,29.0,28.0,7.0,7.2,1.0,2.0,92.0,90.0,69.3,27.979999999999997,92.0,1.00794,63.546,62.53806,14.255471715999999,15.897038059200003,1.00794,14.01,1357.77,1343.76,311.70400000000006,357.23280000000005,14.01,1.0,13.0,12.0,3.2,3.5200000000000005,1.0,1.0,4.0,3.0,1.9,1.08,1.0,31.0,166.0,135.0,77.1,55.32000000000001,31.0,0.93,2.2,1.27,1.857,0.4202000000000001,2.2,1.0,2.0,1.0,1.1,0.18000000000000008,1.0,0.0,1.0,1.0,0.1,0.18000000000000002,0.0,0.0,10.0,10.0,1.0,1.8,0.0,0.0,0.0,0.0,0.0,0.0,0.0,1.0,11.0,10.0,2.2,1.9200000000000004,1.0,0.0,1.0,1.0,0.9,0.18,1.0,0.0,5.0,5.0,0.5,0.9,0.0,0.0,0.0,0.0,0.0,0.0,0.0,0.0,0.0,0.0,0.0,0.0,0.0,1.0,5.0,4.0,1.4,0.72,1.0,6.615,29.2433333333,22.6283333333,12.57266666666,7.449733333324,6.615,0.0,7.853,7.853,4.711799999999999,3.7694400000000003,7.853,0.0,0.0,0.0,0.0,0.0,0.0,194.0,229.0,35.0,207.2,15.839999999999998,194.0,-6.96008213376592,-2.3605713505020387,1,0.7839308004143041
Na2AlCuH6,1.0,29.0,28.0,7.0,7.2,1.0,2.0,92.0,90.0,69.3,27.980000000000008,92.0,1.00794,63.546,62.53806,14.255471715999999,15.897038059200003,1.00794,14.01,1357.77,1343.76,311.704,357.23280000000005,14.01,1.0,13.0,12.0,3.2,3.5200000000000005,1.0,1.0,4.0,3.0,1.9,1.08,1.0,31.0,166.0,135.0,77.1,55.32000000000001,31.0,0.93,2.2,1.27,1.857,0.4202000000000002,2.2,1.0,2.0,1.0,1.1,0.18000000000000008,1.0,0.0,1.0,1.0,0.1,0.18000000000000002,0.0,0.0,10.0,10.0,1.0,1.8,0.0,0.0,0.0,0.0,0.0,0.0,0.0,1.0,11.0,10.0,2.2,1.9200000000000004,1.0,0.0,1.0,1.0,0.9,0.18,1.0,0.0,5.0,5.0,0.5,0.9,0.0,0.0,0.0,0.0,0.0,0.0,0.0,0.0,0.0,0.0,0.0,0.0,0.0,1.0,5.0,4.0,1.4,0.72,1.0,6.615,29.2433333333,22.6283333333,12.572666666660002,7.449733333324001,6.615,0.0,7.853,7.853,4.711799999999999,3.7694400000000003,7.853,0.0,0.0,0.0,0.0,0.0,0.0,194.0,229.0,35.0,207.2,15.839999999999998,194.0,-6.96008213376592,-2.3605713505020387,1,0.7839308004143041
Li2CrCuH6,1.0,29.0,28.0,6.5,8.0,1.0,1.0,92.0,91.0,66.7,30.360000000000003,92.0,1.00794,63.546,62.53806,13.547174000000002,17.6895504,1.00794,14.01,2180.0,2165.99,452.921,526.6931999999999,14.01,1.0,11.0,10.0,2.5,2.4,1.0,1.0,4.0,3.0,1.8,0.9600000000000002,1.0,31.0,139.0,108.0,71.3,48.36,31.0,0.98,2.2,1.2200000000000002,1.8719999999999999,0.39920000000000017,2.2,1.0,1.0,0.0,1.0,0.0,1.0,0.0,0.0,0.0,0.0,0.0,0.0,0.0,10.0,10.0,1.5,2.4,0.0,0.0,0.0,0.0,0.0,0.0,0.0,1.0,11.0,10.0,2.5,2.4,1.0,1.0,1.0,0.0,1.0,0.0,1.0,0.0,0.0,0.0,0.0,0.0,0.0,0.0,5.0,5.0,0.5,0.9,0.0,0.0,0.0,0.0,0.0,0.0,0.0,1.0,6.0,5.0,1.5,0.9,1.0,6.615,16.5933333333,9.978333333299998,9.513666666659999,3.478399999991999,6.615,0.0,7.853,7.853,4.711799999999999,3.7694400000000003,7.853,0.0,0.0,0.0,0.0,0.0,0.0,194.0,229.0,35.0,207.6,16.32,194.0,-10.97193727420857,-0.7753252493529903,1,0.7835027214263104
Li2CuCrH6,1.0,29.0,28.0,6.5,8.0,1.0,1.0,92.0,91.0,66.7,30.360000000000003,92.0,1.00794,63.546,62.53806,13.547174000000002,17.6895504,1.00794,14.01,2180.0,2165.99,452.921,526.6931999999999,14.01,1.0,11.0,10.0,2.5,2.4,1.0,1.0,4.0,3.0,1.8,0.9600000000000002,1.0,31.0,139.0,108.0,71.3,48.36,31.0,0.98,2.2,1.2200000000000002,1.8719999999999999,0.39920000000000017,2.2,1.0,1.0,0.0,1.0,0.0,1.0,0.0,0.0,0.0,0.0,0.0,0.0,0.0,10.0,10.0,1.5,2.4,0.0,0.0,0.0,0.0,0.0,0.0,0.0,1.0,11.0,10.0,2.5,2.4,1.0,1.0,1.0,0.0,1.0,0.0,1.0,0.0,0.0,0.0,0.0,0.0,0.0,0.0,5.0,5.0,0.5,0.9,0.0,0.0,0.0,0.0,0.0,0.0,0.0,1.0,6.0,5.0,1.5,0.9,1.0,6.615,16.5933333333,9.978333333299998,9.513666666659999,3.478399999991999,6.615,0.0,7.853,7.853,4.711799999999999,3.7694400000000003,7.853,0.0,0.0,0.0,0.0,0.0,0.0,194.0,229.0,35.0,207.6,16.32,194.0,-10.97193727420857,-0.7753252493529903,1,0.7835027214263104
Mg2NiFeH6,1.0,28.0,27.0,8.4,8.88,1.0,55.0,92.0,37.0,80.4,13.919999999999998,92.0,1.00794,58.6934,57.68546,16.919604,19.0939968,1.00794,14.01,1811.0,1796.99,546.9060000000001,639.4752000000001,14.01,1.0,10.0,9.0,2.8,2.4799999999999995,1.0,1.0,4.0,3.0,2.0,1.2,1.0,31.0,141.0,110.0,72.4,49.68,31.0,1.31,2.2,0.8900000000000001,1.9560000000000002,0.29280000000000006,2.2,1.0,2.0,1.0,1.4,0.48,1.0,0.0,0.0,0.0,0.0,0.0,0.0,0.0,8.0,8.0,1.4,2.2399999999999998,0.0,0.0,0.0,0.0,0.0,0.0,0.0,1.0,10.0,9.0,2.8,2.4799999999999995,1.0,0.0,1.0,1.0,0.6,0.4800000000000001,1.0,0.0,0.0,0.0,0.0,0.0,0.0,0.0,4.0,4.0,0.6,0.96,0.0,0.0,0.0,0.0,0.0,0.0,0.0,0.0,4.0,4.0,1.2,0.72,1.0,6.615,22.89,16.275,10.652,4.9108,6.615,0.0,7.853,7.853,4.711799999999999,3.7694400000000003,7.853,0.0,2.1106628,2.1106628,0.27060575,0.43296919999999994,0.0,194.0,229.0,35.0,200.6,10.559999999999997,194.0,-8.297645667184076,-2.160796347955113,1,0.7834573114393448
Mg2FeNiH6,1.0,28.0,27.0,8.4,8.88,1.0,55.0,92.0,37.0,80.4,13.919999999999998,92.0,1.00794,58.6934,57.68546,16.919604,19.0939968,1.00794,14.01,1811.0,1796.99,546.9060000000001,639.4752000000001,14.01,1.0,10.0,9.0,2.8,2.4799999999999995,1.0,1.0,4.0,3.0,2.0,1.2,1.0,31.0,141.0,110.0,72.4,49.68,31.0,1.31,2.2,0.8900000000000001,1.9560000000000002,0.29280000000000006,2.2,1.0,2.0,1.0,1.4,0.48,1.0,0.0,0.0,0.0,0.0,0.0,0.0,0.0,8.0,8.0,1.4,2.2399999999999998,0.0,0.0,0.0,0.0,0.0,0.0,0.0,1.0,10.0,9.0,2.8,2.4799999999999995,1.0,0.0,1.0,1.0,0.6,0.4800000000000001,1.0,0.0,0.0,0.0,0.0,0.0,0.0,0.0,4.0,4.0,0.6,0.96,0.0,0.0,0.0,0.0,0.0,0.0,0.0,0.0,4.0,4.0,1.2,0.72,1.0,6.615,22.89,16.275,10.652000000000001,4.9108,6.615,0.0,7.853,7.853,4.711799999999999,3.7694400000000003,7.853,0.0,2.1106628,2.1106628,0.27060575,0.43296919999999994,0.0,194.0,229.0,35.0,200.6,10.559999999999997,194.0,-8.297645667184076,-2.160796347955113,1,0.7834573114393448
Ca2MnZnH6,1.0,30.0,29.0,10.1,10.919999999999998,1.0,7.0,92.0,85.0,68.7,28.020000000000003,92.0,1.00794,65.38,64.37205999999999,20.6521685,23.573074199999997,1.00794,14.01,1519.0,1504.99,452.57400000000007,526.2768,14.01,1.0,12.0,11.0,2.9,2.6399999999999997,1.0,1.0,4.0,3.0,2.2,1.44,1.0,31.0,176.0,145.0,79.9,58.67999999999999,31.0,1.0,2.2,1.2000000000000002,1.8399999999999999,0.4320000000000001,2.2,1.0,2.0,1.0,1.4,0.48,1.0,0.0,0.0,0.0,0.0,0.0,0.0,0.0,10.0,10.0,1.5,2.4,0.0,0.0,0.0,0.0,0.0,0.0,0.0,1.0,12.0,11.0,2.9,2.6399999999999997,1.0,0.0,1.0,1.0,0.6,0.4800000000000001,1.0,0.0,0.0,0.0,0.0,0.0,0.0,0.0,5.0,5.0,0.5,0.9,0.0,0.0,0.0,0.0,0.0,0.0,0.0,0.0,5.0,5.0,1.1,0.78,1.0,6.615,37.77,31.155,13.96775862069,9.520896551724002,6.615,0.0,7.853,7.853,4.711799999999999,3.7694400000000003,7.853,0.0,0.000310120689655,0.000310120689655,3.10120689655e-05,5.58217241379e-05,0.0,194.0,225.0,31.0,202.5,11.9,194.0,-8.757802177904825,-0.4977810015272322,1,0.783120442271123
Ca2ZnMnH6,1.0,30.0,29.0,10.1,10.919999999999998,1.0,7.0,92.0,85.0,68.7,28.02,92.0,1.00794,65.38,64.37205999999999,20.6521685,23.5730742,1.00794,14.01,1519.0,1504.99,452.57400000000007,526.2768,14.01,1.0,12.0,11.0,2.9,2.6399999999999997,1.0,1.0,4.0,3.0,2.2,1.44,1.0,31.0,176.0,145.0,79.9,58.67999999999999,31.0,1.0,2.2,1.2000000000000002,1.8400000000000003,0.43200000000000005,2.2,1.0,2.0,1.0,1.4,0.48,1.0,0.0,0.0,0.0,0.0,0.0,0.0,0.0,10.0,10.0,1.5,2.4,0.0,0.0,0.0,0.0,0.0,0.0,0.0,1.0,12.0,11.0,2.9,2.6399999999999997,1.0,0.0,1.0,1.0,0.6,0.4800000000000001,1.0,0.0,0.0,0.0,0.0,0.0,0.0,0.0,5.0,5.0,0.5,0.9,0.0,0.0,0.0,0.0,0.0,0.0,0.0,0.0,5.0,5.0,1.1,0.78,1.0,6.615,37.77,31.155,13.96775862069,9.520896551724002,6.615,0.0,7.853,7.853,4.711799999999999,3.7694400000000003,7.853,0.0,0.000310120689655,0.000310120689655,3.10120689655e-05,5.58217241379e-05,0.0,194.0,225.0,31.0,202.5,11.9,194.0,-8.757802177904825,-0.4977810015272322,1,0.783120442271123
Mg2ZnCoH6,1.0,30.0,29.0,8.7,9.24,1.0,58.0,92.0,34.0,81.5,12.6,92.0,1.00794,65.38,64.37205999999999,17.8970835,20.266972199999998,1.00794,14.01,1768.0,1753.99,439.07400000000007,510.0768,14.01,1.0,12.0,11.0,3.1,2.96,1.0,1.0,4.0,3.0,2.0,1.2,1.0,31.0,141.0,110.0,71.6,48.72,31.0,1.31,2.2,0.8900000000000001,1.935,0.3180000000000001,2.2,1.0,2.0,1.0,1.4,0.48,1.0,0.0,0.0,0.0,0.0,0.0,0.0,0.0,10.0,10.0,1.7,2.7199999999999998,0.0,0.0,0.0,0.0,0.0,0.0,0.0,1.0,12.0,11.0,3.1,2.96,1.0,0.0,1.0,1.0,0.6,0.4800000000000001,1.0,0.0,0.0,0.0,0.0,0.0,0.0,0.0,3.0,3.0,0.3,0.54,0.0,0.0,0.0,0.0,0.0,0.0,0.0,0.0,3.0,3.0,0.9,0.54,1.0,6.615,22.89,16.275,10.9675,5.3675,6.615,0.0,7.853,7.853,4.711799999999999,3.7694400000000003,7.853,0.0,1.5484712,1.5484712,0.15484712,0.278724816,0.0,194.0,194.0,0.0,194.0,0.0,194.0,-7.769341822652436,-2.331397998068766,1,0.7825700931017606
Mg2CoZnH6,1.0,30.0,29.0,8.7,9.24,1.0,58.0,92.0,34.0,81.5,12.6,92.0,1.00794,65.38,64.37205999999999,17.8970835,20.266972199999998,1.00794,14.01,1768.0,1753.99,439.07400000000007,510.0768,14.01,1.0,12.0,11.0,3.1,2.96,1.0,1.0,4.0,3.0,2.0,1.2,1.0,31.0,141.0,110.0,71.6,48.72,31.0,1.31,2.2,0.8900000000000001,1.935,0.3180000000000001,2.2,1.0,2.0,1.0,1.4,0.48,1.0,0.0,0.0,0.0,0.0,0.0,0.0,0.0,10.0,10.0,1.7,2.7199999999999998,0.0,0.0,0.0,0.0,0.0,0.0,0.0,1.0,12.0,11.0,3.1,2.96,1.0,0.0,1.0,1.0,0.6,0.4800000000000001,1.0,0.0,0.0,0.0,0.0,0.0,0.0,0.0,3.0,3.0,0.3,0.54,0.0,0.0,0.0,0.0,0.0,0.0,0.0,0.0,3.0,3.0,0.9,0.54,1.0,6.615,22.89,16.275,10.9675,5.3675,6.615,0.0,7.853,7.853,4.711799999999999,3.7694400000000003,7.853,0.0,1.5484712,1.5484712,0.15484712,0.278724816,0.0,194.0,194.0,0.0,194.0,0.0,194.0,-7.769341822652436,-2.331397998068766,1,0.7825700931017606
K2AlZnH6,1.0,30.0,29.0,8.7,9.24,1.0,3.0,92.0,89.0,70.0,27.0,92.0,1.00794,65.38,64.37205999999999,17.66057786,19.983165432,1.00794,14.01,933.47,919.46,238.327,269.1804,14.01,1.0,13.0,12.0,3.3,3.6799999999999997,1.0,1.0,4.0,3.0,2.1,1.3199999999999998,1.0,31.0,203.0,172.0,83.5,63.0,31.0,0.82,2.2,1.3800000000000003,1.81,0.46800000000000014,2.2,1.0,2.0,1.0,1.2,0.31999999999999995,1.0,0.0,1.0,1.0,0.1,0.18000000000000002,0.0,0.0,10.0,10.0,1.0,1.8,0.0,0.0,0.0,0.0,0.0,0.0,0.0,1.0,12.0,11.0,2.3,2.0799999999999996,1.0,0.0,1.0,1.0,0.8,0.31999999999999995,1.0,0.0,5.0,5.0,0.5,0.9,0.0,0.0,0.0,0.0,0.0,0.0,0.0,0.0,0.0,0.0,0.0,0.0,0.0,0.0,5.0,5.0,1.3,0.74,1.0,6.615,73.1066666667,66.4916666667,21.63433333334,20.588933333344,6.615,0.0,7.853,7.853,4.711799999999999,3.7694400000000003,7.853,0.0,0.0,0.0,0.0,0.0,0.0,194.0,229.0,35.0,204.1,14.139999999999997,194.0,-7.591676965217685,-0.9707652005184549,1,0.7822465288432131
K2ZnAlH6,1.0,30.0,29.0,8.7,9.24,1.0,3.0,92.0,89.0,70.0,27.0,92.0,1.00794,65.38,64.37205999999999,17.660577859999997,19.983165432,1.00794,14.01,933.47,919.46,238.327,269.1804,14.01,1.0,13.0,12.0,3.3,3.6799999999999997,1.0,1.0,4.0,3.0,2.1,1.3199999999999998,1.0,31.0,203.0,172.0,83.5,63.0,31.0,0.82,2.2,1.3800000000000003,1.81,0.46800000000000014,2.2,1.0,2.0,1.0,1.2,0.31999999999999995,1.0,0.0,1.0,1.0,0.1,0.18000000000000002,0.0,0.0,10.0,10.0,1.0,1.8,0.0,0.0,0.0,0.0,0.0,0.0,0.0,1.0,12.0,11.0,2.3,2.0799999999999996,1.0,0.0,1.0,1.0,0.8,0.31999999999999995,1.0,0.0,5.0,5.0,0.5,0.9,0.0,0.0,0.0,0.0,0.0,0.0,0.0,0.0,0.0,0.0,0.0,0.0,0.0,0.0,5.0,5.0,1.3,0.74,1.0,6.615,73.1066666667,66.4916666667,21.63433333334,20.588933333344,6.615,0.0,7.853,7.853,4.711799999999999,3.7694400000000003,7.853,0.0,0.0,0.0,0.0,0.0,0.0,194.0,229.0,35.0,204.1,14.139999999999997,194.0,-7.591676965217685,-0.9707652005184549,1,0.7822465288432131
K2VCrH6,1.0,24.0,23.0,9.1,9.719999999999999,1.0,3.0,92.0,89.0,65.3,32.04,92.0,1.00794,51.9961,50.98816,18.718184,21.2522928,1.00794,14.01,2183.0,2168.99,512.012,667.7951999999999,14.01,1.0,6.0,5.0,1.9,1.44,1.0,1.0,4.0,3.0,2.2,1.44,1.0,31.0,203.0,172.0,88.4,68.88,31.0,0.82,2.2,1.3800000000000003,1.8130000000000002,0.4644000000000001,2.2,1.0,2.0,1.0,1.1,0.18000000000000008,1.0,0.0,0.0,0.0,0.0,0.0,0.0,0.0,5.0,5.0,0.8,1.28,0.0,0.0,0.0,0.0,0.0,0.0,0.0,1.0,6.0,5.0,1.9,1.44,1.0,0.0,1.0,1.0,0.9,0.18,1.0,0.0,0.0,0.0,0.0,0.0,0.0,0.0,7.0,7.0,1.2,1.92,0.0,0.0,0.0,0.0,0.0,0.0,0.0,1.0,7.0,6.0,2.1,1.7600000000000002,1.0,6.615,73.1066666667,66.4916666667,21.010333333339997,20.838533333343996,6.615,0.0,7.853,7.853,4.711799999999999,3.7694400000000003,7.853,0.0,0.0,0.0,0.0,0.0,0.0,194.0,229.0,35.0,208.0,16.8,194.0,-11.166420983647342,0.5248465813581707,1,0.7821539182821765
K2CrVH6,1.0,24.0,23.0,9.1,9.719999999999999,1.0,3.0,92.0,89.0,65.3,32.04,92.0,1.00794,51.9961,50.98816,18.718184,21.2522928,1.00794,14.01,2183.0,2168.99,512.012,667.7951999999999,14.01,1.0,6.0,5.0,1.9,1.44,1.0,1.0,4.0,3.0,2.2,1.44,1.0,31.0,203.0,172.0,88.4,68.88,31.0,0.82,2.2,1.3800000000000003,1.8130000000000002,0.4644000000000001,2.2,1.0,2.0,1.0,1.1,0.18000000000000008,1.0,0.0,0.0,0.0,0.0,0.0,0.0,0.0,5.0,5.0,0.8,1.28,0.0,0.0,0.0,0.0,0.0,0.0,0.0,1.0,6.0,5.0,1.9,1.44,1.0,0.0,1.0,1.0,0.9,0.18,1.0,0.0,0.0,0.0,0.0,0.0,0.0,0.0,7.0,7.0,1.2,1.92,0.0,0.0,0.0,0.0,0.0,0.0,0.0,1.0,7.0,6.0,2.1,1.7600000000000002,1.0,6.615,73.1066666667,66.4916666667,21.010333333339997,20.838533333343996,6.615,0.0,7.853,7.853,4.711799999999999,3.7694400000000003,7.853,0.0,0.0,0.0,0.0,0.0,0.0,194.0,229.0,35.0,208.0,16.8,194.0,-11.166420983647342,0.5248465813581707,1,0.7821539182821765
Na2ScZnH6,1.0,30.0,29.0,7.9,8.280000000000001,1.0,2.0,92.0,90.0,63.6,35.160000000000004,92.0,1.00794,65.38,64.37205999999999,16.236309056,18.274042867200002,1.00794,14.01,1814.0,1799.99,333.24799999999993,383.0856,14.01,1.0,12.0,11.0,2.3,2.0799999999999996,1.0,1.0,4.0,3.0,2.0,1.2,1.0,31.0,170.0,139.0,81.0,60.0,31.0,0.93,2.2,1.27,1.807,0.47160000000000013,2.2,1.0,2.0,1.0,1.2,0.31999999999999995,1.0,0.0,0.0,0.0,0.0,0.0,0.0,0.0,10.0,10.0,1.1,1.78,0.0,0.0,0.0,0.0,0.0,0.0,0.0,1.0,12.0,11.0,2.3,2.0799999999999996,1.0,0.0,1.0,1.0,0.8,0.31999999999999995,1.0,0.0,0.0,0.0,0.0,0.0,0.0,0.0,9.0,9.0,0.9,1.6200000000000003,0.0,0.0,0.0,0.0,0.0,0.0,0.0,0.0,9.0,9.0,1.7,1.4599999999999997,1.0,6.615,29.2433333333,22.6283333333,13.43716666666,8.186599999992001,6.615,0.0,7.853,7.853,4.711799999999999,3.7694400000000003,7.853,0.0,6.35e-06,6.35e-06,6.350000000000001e-07,1.1430000000000001e-06,0.0,194.0,229.0,35.0,201.0,11.2,194.0,-9.49807534895594,-0.2821590798349504,1,0.7818018440005323
Na2ZnScH6,1.0,30.0,29.0,7.9,8.280000000000001,1.0,2.0,92.0,90.0,63.6,35.16,92.0,1.00794,65.38,64.37205999999999,16.236309056,18.274042867200002,1.00794,14.01,1814.0,1799.99,333.248,383.0856,14.01,1.0,12.0,11.0,2.3,2.0799999999999996,1.0,1.0,4.0,3.0,2.0,1.2,1.0,31.0,170.0,139.0,81.0,60.0,31.0,0.93,2.2,1.27,1.807,0.47160000000000013,2.2,1.0,2.0,1.0,1.2,0.31999999999999995,1.0,0.0,0.0,0.0,0.0,0.0,0.0,0.0,10.0,10.0,1.1,1.78,0.0,0.0,0.0,0.0,0.0,0.0,0.0,1.0,12.0,11.0,2.3,2.0799999999999996,1.0,0.0,1.0,1.0,0.8,0.31999999999999995,1.0,0.0,0.0,0.0,0.0,0.0,0.0,0.0,9.0,9.0,0.9,1.6200000000000003,0.0,0.0,0.0,0.0,0.0,0.0,0.0,0.0,9.0,9.0,1.7,1.4599999999999997,1.0,6.615,29.2433333333,22.6283333333,13.43716666666,8.186599999992001,6.615,0.0,7.853,7.853,4.711799999999999,3.7694400000000003,7.853,0.0,6.35e-06,6.35e-06,6.350000000000001e-07,1.1430000000000001e-06,0.0,194.0,229.0,35.0,201.0,11.2,194.0,-9.49807534895594,-0.28215907983495053,1,0.7818018440005323
K2ScCuH6,1.0,29.0,28.0,9.4,10.080000000000002,1.0,3.0,92.0,89.0,63.3,34.58,92.0,1.00794,63.546,62.53806,19.2746152,21.92001024,1.00794,14.01,1814.0,1799.99,392.889,477.19840000000005,14.01,1.0,11.0,10.0,2.2,1.9200000000000004,1.0,1.0,4.0,3.0,2.2,1.44,1.0,31.0,203.0,172.0,89.4,70.08,31.0,0.82,2.2,1.3800000000000003,1.81,0.4860000000000001,2.2,1.0,2.0,1.0,1.1,0.18000000000000008,1.0,0.0,0.0,0.0,0.0,0.0,0.0,0.0,10.0,10.0,1.1,1.78,0.0,0.0,0.0,0.0,0.0,0.0,0.0,1.0,11.0,10.0,2.2,1.9200000000000004,1.0,0.0,1.0,1.0,0.9,0.18,1.0,0.0,0.0,0.0,0.0,0.0,0.0,0.0,9.0,9.0,0.9,1.6200000000000003,0.0,0.0,0.0,0.0,0.0,0.0,0.0,1.0,9.0,8.0,1.8,1.4400000000000002,1.0,6.615,73.1066666667,66.4916666667,21.92083333334,20.537166666675997,6.615,0.0,7.853,7.853,4.711799999999999,3.7694400000000003,7.853,0.0,6.35e-06,6.35e-06,6.350000000000001e-07,1.1430000000000001e-06,0.0,194.0,229.0,35.0,204.1,14.139999999999997,194.0,-10.658845264638417,1.1639855512356547,1,0.781519504986423
K2CuScH6,1.0,29.0,28.0,9.4,10.080000000000002,1.0,3.0,92.0,89.0,63.3,34.58,92.0,1.00794,63.546,62.53806,19.2746152,21.92001024,1.00794,14.01,1814.0,1799.99,392.889,477.19840000000005,14.01,1.0,11.0,10.0,2.2,1.9200000000000004,1.0,1.0,4.0,3.0,2.2,1.44,1.0,31.0,203.0,172.0,89.4,70.08,31.0,0.82,2.2,1.3800000000000003,1.81,0.4860000000000001,2.2,1.0,2.0,1.0,1.1,0.18000000000000008,1.0,0.0,0.0,0.0,0.0,0.0,0.0,0.0,10.0,10.0,1.1,1.78,0.0,0.0,0.0,0.0,0.0,0.0,0.0,1.0,11.0,10.0,2.2,1.9200000000000004,1.0,0.0,1.0,1.0,0.9,0.18,1.0,0.0,0.0,0.0,0.0,0.0,0.0,0.0,9.0,9.0,0.9,1.6200000000000003,0.0,0.0,0.0,0.0,0.0,0.0,0.0,1.0,9.0,8.0,1.8,1.4400000000000002,1.0,6.615,73.1066666667,66.4916666667,21.92083333334,20.537166666676,6.615,0.0,7.853,7.853,4.711799999999999,3.7694400000000003,7.853,0.0,6.35e-06,6.35e-06,6.350000000000001e-07,1.1430000000000001e-06,0.0,194.0,229.0,35.0,204.1,14.139999999999997,194.0,-10.658845264638417,1.1639855512356547,1,0.781519504986423
Rb2CuScH6,1.0,37.0,36.0,13.0,14.4,1.0,4.0,92.0,88.0,63.5,34.3,92.0,1.00794,85.4678,84.45985999999999,28.548515199999997,33.04869024,1.00794,14.01,1814.0,1799.99,388.075,479.12399999999997,14.01,1.0,11.0,10.0,2.2,1.9200000000000004,1.0,1.0,5.0,4.0,2.4,1.6799999999999997,1.0,31.0,220.0,189.0,92.8,74.16,31.0,0.82,2.2,1.3800000000000003,1.81,0.4860000000000001,2.2,1.0,2.0,1.0,1.1,0.18000000000000008,1.0,0.0,0.0,0.0,0.0,0.0,0.0,0.0,10.0,10.0,1.1,1.78,0.0,0.0,0.0,0.0,0.0,0.0,0.0,1.0,11.0,10.0,2.2,1.9200000000000004,1.0,0.0,1.0,1.0,0.9,0.18,1.0,0.0,0.0,0.0,0.0,0.0,0.0,0.0,9.0,9.0,0.9,1.6200000000000003,0.0,0.0,0.0,0.0,0.0,0.0,0.0,1.0,9.0,8.0,1.8,1.4400000000000002,1.0,6.615,90.7225,84.1075,25.444,26.111399999999996,6.615,0.0,7.853,7.853,4.711799999999999,3.7694400000000003,7.853,0.0,6.35e-06,6.35e-06,6.350000000000001e-07,1.1430000000000001e-06,0.0,194.0,229.0,35.0,204.1,14.139999999999997,194.0,-11.376881414388977,2.7487909900511545,1,0.7812372185108049
Rb2ScCuH6,1.0,37.0,36.0,13.0,14.4,1.0,4.0,92.0,88.0,63.5,34.3,92.0,1.00794,85.4678,84.45985999999999,28.548515199999997,33.04869024,1.00794,14.01,1814.0,1799.99,388.075,479.12399999999997,14.01,1.0,11.0,10.0,2.2,1.9200000000000004,1.0,1.0,5.0,4.0,2.4,1.6799999999999997,1.0,31.0,220.0,189.0,92.8,74.16,31.0,0.82,2.2,1.3800000000000003,1.81,0.4860000000000001,2.2,1.0,2.0,1.0,1.1,0.18000000000000008,1.0,0.0,0.0,0.0,0.0,0.0,0.0,0.0,10.0,10.0,1.1,1.78,0.0,0.0,0.0,0.0,0.0,0.0,0.0,1.0,11.0,10.0,2.2,1.9200000000000004,1.0,0.0,1.0,1.0,0.9,0.18,1.0,0.0,0.0,0.0,0.0,0.0,0.0,0.0,9.0,9.0,0.9,1.6200000000000003,0.0,0.0,0.0,0.0,0.0,0.0,0.0,1.0,9.0,8.0,1.8,1.4400000000000002,1.0,6.615,90.7225,84.1075,25.444,26.111399999999996,6.615,0.0,7.853,7.853,4.711799999999999,3.7694400000000003,7.853,0.0,6.35e-06,6.35e-06,6.350000000000001e-07,1.1430000000000001e-06,0.0,194.0,229.0,35.0,204.1,14.139999999999997,194.0,-11.376881414388977,2.7487909900511545,1,0.7812372185108049
Cs2ScZnH6,1.0,55.0,54.0,16.7,18.839999999999996,1.0,5.0,92.0,87.0,64.2,34.32000000000001,92.0,1.00794,132.9054519,131.8975119,38.21944558,44.653806696000004,1.00794,14.01,1814.0,1799.99,319.39199999999994,373.57919999999996,14.01,1.0,12.0,11.0,2.3,2.0799999999999996,1.0,1.0,6.0,5.0,2.6,1.9200000000000004,1.0,31.0,244.0,213.0,96.6,78.72,31.0,0.79,2.2,1.4100000000000001,1.779,0.5052000000000001,2.2,1.0,2.0,1.0,1.2,0.31999999999999995,1.0,0.0,0.0,0.0,0.0,0.0,0.0,0.0,10.0,10.0,1.1,1.78,0.0,0.0,0.0,0.0,0.0,0.0,0.0,1.0,12.0,11.0,2.3,2.0799999999999996,1.0,0.0,1.0,1.0,0.8,0.31999999999999995,1.0,0.0,0.0,0.0,0.0,0.0,0.0,0.0,9.0,9.0,0.9,1.6200000000000003,0.0,0.0,0.0,0.0,0.0,0.0,0.0,0.0,9.0,9.0,1.7,1.4599999999999997,1.0,6.615,115.765,109.15,30.741499999999995,34.00939999999999,6.615,0.0,7.853,7.853,4.711799999999999,3.7694400000000003,7.853,0.0,6.35e-06,6.35e-06,6.350000000000001e-07,1.1430000000000001e-06,0.0,194.0,229.0,35.0,201.0,11.2,194.0,-11.950512962100685,4.728917856126482,1,0.7809166997713715
Cs2ZnScH6,1.0,55.0,54.0,16.7,18.839999999999996,1.0,5.0,92.0,87.0,64.2,34.32,92.0,1.00794,132.9054519,131.8975119,38.21944558,44.653806696000004,1.00794,14.01,1814.0,1799.99,319.39199999999994,373.57919999999996,14.01,1.0,12.0,11.0,2.3,2.0799999999999996,1.0,1.0,6.0,5.0,2.6,1.9200000000000004,1.0,31.0,244.0,213.0,96.6,78.72,31.0,0.79,2.2,1.4100000000000001,1.779,0.5052000000000001,2.2,1.0,2.0,1.0,1.2,0.31999999999999995,1.0,0.0,0.0,0.0,0.0,0.0,0.0,0.0,10.0,10.0,1.1,1.78,0.0,0.0,0.0,0.0,0.0,0.0,0.0,1.0,12.0,11.0,2.3,2.0799999999999996,1.0,0.0,1.0,1.0,0.8,0.31999999999999995,1.0,0.0,0.0,0.0,0.0,0.0,0.0,0.0,9.0,9.0,0.9,1.6200000000000003,0.0,0.0,0.0,0.0,0.0,0.0,0.0,0.0,9.0,9.0,1.7,1.4599999999999997,1.0,6.615,115.765,109.15,30.741500000000002,34.0094,6.615,0.0,7.853,7.853,4.711799999999999,3.7694400000000003,7.853,0.0,6.35e-06,6.35e-06,6.350000000000001e-07,1.1430000000000001e-06,0.0,194.0,229.0,35.0,201.0,11.2,194.0,-11.950512962100685,4.728917856126482,1,0.7809166997713715
Rb2ScAlH6,1.0,37.0,36.0,11.4,12.48,1.0,4.0,92.0,88.0,64.4,34.839999999999996,92.0,1.00794,85.4678,84.45985999999999,24.892069059999997,28.660954872,1.00794,14.01,1814.0,1799.99,345.64500000000004,411.23600000000005,14.01,1.0,13.0,12.0,2.4,2.2399999999999998,1.0,1.0,5.0,4.0,2.3,1.56,1.0,31.0,220.0,189.0,91.7,72.84,31.0,0.82,2.2,1.3800000000000003,1.7810000000000001,0.5028,2.2,1.0,2.0,1.0,1.2,0.31999999999999995,1.0,0.0,1.0,1.0,0.1,0.18000000000000002,0.0,0.0,1.0,1.0,0.1,0.18000000000000002,0.0,0.0,0.0,0.0,0.0,0.0,0.0,1.0,3.0,2.0,1.4,0.6399999999999999,1.0,0.0,1.0,1.0,0.8,0.31999999999999995,1.0,0.0,5.0,5.0,0.5,0.9,0.0,0.0,9.0,9.0,0.9,1.6200000000000003,0.0,0.0,0.0,0.0,0.0,0.0,0.0,1.0,9.0,8.0,2.2,1.9200000000000004,1.0,6.615,90.7225,84.1075,25.985000000000003,25.895000000000003,6.615,0.0,7.853,7.853,4.711799999999999,3.7694400000000003,7.853,0.0,6.35e-06,6.35e-06,6.350000000000001e-07,1.1430000000000001e-06,0.0,194.0,229.0,35.0,204.1,14.139999999999997,194.0,-9.365571242522815,0.8373520883130013,1,0.7808990313378993
Rb2AlScH6,1.0,37.0,36.0,11.4,12.48,1.0,4.0,92.0,88.0,64.4,34.839999999999996,92.0,1.00794,85.4678,84.45985999999999,24.89206906,28.660954872,1.00794,14.01,1814.0,1799.99,345.645,411.23600000000005,14.01,1.0,13.0,12.0,2.4,2.2399999999999998,1.0,1.0,5.0,4.0,2.3,1.56,1.0,31.0,220.0,189.0,91.7,72.84,31.0,0.82,2.2,1.3800000000000003,1.7810000000000001,0.5028,2.2,1.0,2.0,1.0,1.2,0.31999999999999995,1.0,0.0,1.0,1.0,0.1,0.18000000000000002,0.0,0.0,1.0,1.0,0.1,0.18000000000000002,0.0,0.0,0.0,0.0,0.0,0.0,0.0,1.0,3.0,2.0,1.4,0.6399999999999999,1.0,0.0,1.0,1.0,0.8,0.31999999999999995,1.0,0.0,5.0,5.0,0.5,0.9,0.0,0.0,9.0,9.0,0.9,1.6200000000000003,0.0,0.0,0.0,0.0,0.0,0.0,0.0,1.0,9.0,8.0,2.2,1.9200000000000004,1.0,6.615,90.7225,84.1075,25.984999999999996,25.895,6.615,0.0,7.853,7.853,4.711799999999999,3.7694400000000003,7.853,0.0,6.35e-06,6.35e-06,6.350000000000001e-07,1.1430000000000001e-06,0.0,194.0,229.0,35.0,204.1,14.139999999999997,194.0,-9.365571242522815,0.8373520883130012,1,0.7808990313378993
Na2VCoH6,1.0,27.0,26.0,7.8,8.16,1.0,2.0,92.0,90.0,66.0,31.2,92.0,1.00794,58.933195,57.925255,16.190187356000003,18.2186968272,1.00794,14.01,2183.0,2168.99,477.68,599.128,14.01,1.0,9.0,8.0,2.2,1.9200000000000004,1.0,1.0,4.0,3.0,2.0,1.2,1.0,31.0,166.0,135.0,79.7,58.44000000000001,31.0,0.93,2.2,1.27,1.857,0.41620000000000007,2.2,1.0,2.0,1.0,1.2,0.31999999999999995,1.0,0.0,0.0,0.0,0.0,0.0,0.0,0.0,7.0,7.0,1.0,1.6,0.0,0.0,0.0,0.0,0.0,0.0,0.0,1.0,9.0,8.0,2.2,1.9200000000000004,1.0,0.0,1.0,1.0,0.8,0.31999999999999995,1.0,0.0,0.0,0.0,0.0,0.0,0.0,0.0,7.0,7.0,1.0,1.6,0.0,0.0,0.0,0.0,0.0,0.0,0.0,1.0,7.0,6.0,1.8,1.28,1.0,6.615,29.2433333333,22.6283333333,12.14316666666,7.013433333324,6.615,0.0,7.853,7.853,4.711799999999999,3.7694400000000003,7.853,0.0,1.5484712,1.5484712,0.15484712,0.278724816,0.0,194.0,229.0,35.0,204.5,14.7,194.0,-9.790177429771704,-0.7830416125003484,1,0.7758750663599363
Na2CoVH6,1.0,27.0,26.0,7.8,8.16,1.0,2.0,92.0,90.0,66.0,31.2,92.0,1.00794,58.933195,57.925255,16.190187356,18.2186968272,1.00794,14.01,2183.0,2168.99,477.68,599.128,14.01,1.0,9.0,8.0,2.2,1.9200000000000004,1.0,1.0,4.0,3.0,2.0,1.2,1.0,31.0,166.0,135.0,79.7,58.44000000000001,31.0,0.93,2.2,1.27,1.857,0.41620000000000007,2.2,1.0,2.0,1.0,1.2,0.31999999999999995,1.0,0.0,0.0,0.0,0.0,0.0,0.0,0.0,7.0,7.0,1.0,1.6,0.0,0.0,0.0,0.0,0.0,0.0,0.0,1.0,9.0,8.0,2.2,1.9200000000000004,1.0,0.0,1.0,1.0,0.8,0.31999999999999995,1.0,0.0,0.0,0.0,0.0,0.0,0.0,0.0,7.0,7.0,1.0,1.6,0.0,0.0,0.0,0.0,0.0,0.0,0.0,1.0,7.0,6.0,1.8,1.28,1.0,6.615,29.2433333333,22.6283333333,12.14316666666,7.013433333324,6.615,0.0,7.853,7.853,4.711799999999999,3.7694400000000003,7.853,0.0,1.5484712,1.5484712,0.15484712,0.278724816,0.0,194.0,229.0,35.0,204.5,14.7,194.0,-9.790177429771704,-0.7830416125003484,1,0.7758750663599363
Ca2TiMnH6,1.0,25.0,24.0,9.3,9.959999999999999,1.0,7.0,92.0,85.0,66.1,31.080000000000002,92.0,1.00794,54.938045,53.930105000000005,18.9008685,21.4715142,1.00794,14.01,1941.0,1926.99,577.4060000000001,676.0752,14.01,1.0,7.0,6.0,2.1,1.36,1.0,1.0,4.0,3.0,2.2,1.44,1.0,31.0,176.0,145.0,83.7,63.24000000000001,31.0,1.0,2.2,1.2000000000000002,1.829,0.44520000000000015,2.2,1.0,2.0,1.0,1.4,0.48,1.0,0.0,0.0,0.0,0.0,0.0,0.0,0.0,5.0,5.0,0.7,1.1199999999999999,0.0,0.0,0.0,0.0,0.0,0.0,0.0,1.0,7.0,6.0,2.1,1.36,1.0,0.0,1.0,1.0,0.6,0.4800000000000001,1.0,0.0,0.0,0.0,0.0,0.0,0.0,0.0,8.0,8.0,1.3,2.08,0.0,0.0,0.0,0.0,0.0,0.0,0.0,0.0,8.0,8.0,1.9,1.8399999999999999,1.0,6.615,37.77,31.155,14.240758620690002,9.901544827586003,6.615,0.0,7.853,7.853,4.711799999999999,3.7694400000000003,7.853,0.0,0.000310120689655,0.000310120689655,3.326540229883e-05,5.5371057471234e-05,0.0,194.0,225.0,31.0,202.5,11.9,194.0,-10.023599973710859,-0.42658625084099394,1,0.7753374706517573
Ca2MnTiH6,1.0,25.0,24.0,9.3,9.959999999999999,1.0,7.0,92.0,85.0,66.1,31.080000000000002,92.0,1.00794,54.938045,53.930105000000005,18.900868499999998,21.4715142,1.00794,14.01,1941.0,1926.99,577.4060000000001,676.0752,14.01,1.0,7.0,6.0,2.1,1.36,1.0,1.0,4.0,3.0,2.2,1.44,1.0,31.0,176.0,145.0,83.7,63.24000000000001,31.0,1.0,2.2,1.2000000000000002,1.829,0.44520000000000015,2.2,1.0,2.0,1.0,1.4,0.48,1.0,0.0,0.0,0.0,0.0,0.0,0.0,0.0,5.0,5.0,0.7,1.1199999999999999,0.0,0.0,0.0,0.0,0.0,0.0,0.0,1.0,7.0,6.0,2.1,1.36,1.0,0.0,1.0,1.0,0.6,0.4800000000000001,1.0,0.0,0.0,0.0,0.0,0.0,0.0,0.0,8.0,8.0,1.3,2.08,0.0,0.0,0.0,0.0,0.0,0.0,0.0,0.0,8.0,8.0,1.9,1.8399999999999999,1.0,6.615,37.77,31.155,14.240758620690002,9.901544827586003,6.615,0.0,7.853,7.853,4.711799999999999,3.7694400000000003,7.853,0.0,0.000310120689655,0.000310120689655,3.326540229883e-05,5.5371057471234e-05,0.0,194.0,225.0,31.0,202.5,11.9,194.0,-10.023599973710859,-0.42658625084099405,1,0.7753374706517573
Na2ZnCoH6,1.0,30.0,29.0,8.5,9.0,1.0,2.0,92.0,90.0,68.3,28.580000000000005,92.0,1.00794,65.38,64.37205999999999,17.634037356,19.951316827199996,1.00794,14.01,1768.0,1753.99,328.648,377.5656,14.01,1.0,12.0,11.0,2.9,3.04,1.0,1.0,4.0,3.0,2.0,1.2,1.0,31.0,166.0,135.0,76.6,54.720000000000006,31.0,0.93,2.2,1.27,1.859,0.4134000000000001,2.2,1.0,2.0,1.0,1.2,0.31999999999999995,1.0,0.0,0.0,0.0,0.0,0.0,0.0,0.0,10.0,10.0,1.7,2.7199999999999998,0.0,0.0,0.0,0.0,0.0,0.0,0.0,1.0,12.0,11.0,2.9,3.04,1.0,0.0,1.0,1.0,0.8,0.31999999999999995,1.0,0.0,0.0,0.0,0.0,0.0,0.0,0.0,3.0,3.0,0.3,0.54,0.0,0.0,0.0,0.0,0.0,0.0,0.0,0.0,3.0,3.0,1.1,0.38000000000000006,1.0,6.615,29.2433333333,22.6283333333,12.238166666660002,7.146433333324,6.615,0.0,7.853,7.853,4.711799999999999,3.7694400000000003,7.853,0.0,1.5484712,1.5484712,0.15484712,0.278724816,0.0,194.0,229.0,35.0,201.0,11.2,194.0,-8.816714775245776,-0.9859328271749925,1,0.7746079111727967
Li2ZnMnH6,1.0,30.0,29.0,6.7,8.32,1.0,1.0,92.0,91.0,67.5,29.7,92.0,1.00794,65.38,64.37205999999999,14.024768499999999,18.4537016,1.00794,14.01,1519.0,1504.99,320.312,367.56239999999997,14.01,1.0,12.0,11.0,2.7,2.72,1.0,1.0,4.0,3.0,1.8,0.9600000000000002,1.0,31.0,139.0,108.0,70.3,47.160000000000004,31.0,0.98,2.2,1.2200000000000002,1.8359999999999999,0.43680000000000013,2.2,1.0,2.0,1.0,1.2,0.31999999999999995,1.0,0.0,0.0,0.0,0.0,0.0,0.0,0.0,10.0,10.0,1.5,2.4,0.0,0.0,0.0,0.0,0.0,0.0,0.0,1.0,12.0,11.0,2.7,2.72,1.0,0.0,1.0,1.0,0.8,0.31999999999999995,1.0,0.0,0.0,0.0,0.0,0.0,0.0,0.0,5.0,5.0,0.5,0.9,0.0,0.0,0.0,0.0,0.0,0.0,0.0,0.0,5.0,5.0,1.3,0.74,1.0,6.615,16.5933333333,9.978333333299998,9.73242528735,3.74091034482,6.615,0.0,7.853,7.853,4.711799999999999,3.7694400000000003,7.853,0.0,0.000310120689655,0.000310120689655,3.10120689655e-05,5.58217241379e-05,0.0,194.0,229.0,35.0,203.3,13.020000000000005,194.0,-8.362918168572744,-1.6708806969791639,1,0.7746079111727967
Na2CoZnH6,1.0,30.0,29.0,8.5,9.0,1.0,2.0,92.0,90.0,68.3,28.579999999999995,92.0,1.00794,65.38,64.37205999999999,17.634037356,19.951316827199996,1.00794,14.01,1768.0,1753.99,328.64799999999997,377.5656,14.01,1.0,12.0,11.0,2.9,3.04,1.0,1.0,4.0,3.0,2.0,1.2,1.0,31.0,166.0,135.0,76.6,54.720000000000006,31.0,0.93,2.2,1.27,1.8590000000000004,0.41339999999999993,2.2,1.0,2.0,1.0,1.2,0.31999999999999995,1.0,0.0,0.0,0.0,0.0,0.0,0.0,0.0,10.0,10.0,1.7,2.7199999999999998,0.0,0.0,0.0,0.0,0.0,0.0,0.0,1.0,12.0,11.0,2.9,3.04,1.0,0.0,1.0,1.0,0.8,0.31999999999999995,1.0,0.0,0.0,0.0,0.0,0.0,0.0,0.0,3.0,3.0,0.3,0.54,0.0,0.0,0.0,0.0,0.0,0.0,0.0,0.0,3.0,3.0,1.1,0.38000000000000006,1.0,6.615,29.2433333333,22.6283333333,12.238166666660002,7.146433333324,6.615,0.0,7.853,7.853,4.711799999999999,3.7694400000000003,7.853,0.0,1.5484712,1.5484712,0.15484712,0.278724816,0.0,194.0,229.0,35.0,201.0,11.2,194.0,-8.816714775245776,-0.9859328271749925,1,0.7746079111727967
Li2MnZnH6,1.0,30.0,29.0,6.7,8.32,1.0,1.0,92.0,91.0,67.5,29.7,92.0,1.00794,65.38,64.37205999999999,14.024768499999999,18.4537016,1.00794,14.01,1519.0,1504.99,320.312,367.56239999999997,14.01,1.0,12.0,11.0,2.7,2.72,1.0,1.0,4.0,3.0,1.8,0.9600000000000002,1.0,31.0,139.0,108.0,70.3,47.160000000000004,31.0,0.98,2.2,1.2200000000000002,1.8359999999999999,0.43680000000000013,2.2,1.0,2.0,1.0,1.2,0.31999999999999995,1.0,0.0,0.0,0.0,0.0,0.0,0.0,0.0,10.0,10.0,1.5,2.4,0.0,0.0,0.0,0.0,0.0,0.0,0.0,1.0,12.0,11.0,2.7,2.72,1.0,0.0,1.0,1.0,0.8,0.31999999999999995,1.0,0.0,0.0,0.0,0.0,0.0,0.0,0.0,5.0,5.0,0.5,0.9,0.0,0.0,0.0,0.0,0.0,0.0,0.0,0.0,5.0,5.0,1.3,0.74,1.0,6.615,16.5933333333,9.978333333299998,9.73242528735,3.74091034482,6.615,0.0,7.853,7.853,4.711799999999999,3.7694400000000003,7.853,0.0,0.000310120689655,0.000310120689655,3.10120689655e-05,5.58217241379e-05,0.0,194.0,229.0,35.0,203.3,13.020000000000005,194.0,-8.362918168572744,-1.6708806969791639,1,0.7746079111727967
Na2CuTiH6,1.0,29.0,28.0,7.9,8.280000000000001,1.0,2.0,92.0,90.0,66.3,30.839999999999996,92.0,1.00794,63.546,62.53806,16.344017856,18.403293427199998,1.00794,14.01,1941.0,1926.99,412.45700000000005,494.77119999999996,14.01,1.0,11.0,10.0,2.3,2.0799999999999996,1.0,1.0,4.0,3.0,2.0,1.2,1.0,31.0,166.0,135.0,81.0,60.0,31.0,0.93,2.2,1.27,1.85,0.43000000000000005,2.2,1.0,2.0,1.0,1.1,0.18000000000000008,1.0,0.0,0.0,0.0,0.0,0.0,0.0,0.0,10.0,10.0,1.2,1.9200000000000004,0.0,0.0,0.0,0.0,0.0,0.0,0.0,1.0,11.0,10.0,2.3,2.0799999999999996,1.0,0.0,1.0,1.0,0.9,0.18,1.0,0.0,0.0,0.0,0.0,0.0,0.0,0.0,8.0,8.0,0.8,1.4400000000000002,0.0,0.0,0.0,0.0,0.0,0.0,0.0,1.0,8.0,7.0,1.7,1.2599999999999998,1.0,6.615,29.2433333333,22.6283333333,12.593666666659999,7.479133333324,6.615,0.0,7.853,7.853,4.711799999999999,3.7694400000000003,7.853,0.0,2.25333333333e-05,2.25333333333e-05,2.25333333333e-06,4.055999999993999e-06,0.0,194.0,229.0,35.0,204.1,14.139999999999997,194.0,-9.577434015160486,-0.4717530852553725,1,0.7741710629956537
Na2TiCuH6,1.0,29.0,28.0,7.9,8.280000000000001,1.0,2.0,92.0,90.0,66.3,30.839999999999996,92.0,1.00794,63.546,62.53806,16.344017856,18.403293427199998,1.00794,14.01,1941.0,1926.99,412.457,494.77119999999996,14.01,1.0,11.0,10.0,2.3,2.0799999999999996,1.0,1.0,4.0,3.0,2.0,1.2,1.0,31.0,166.0,135.0,81.0,60.0,31.0,0.93,2.2,1.27,1.85,0.43000000000000005,2.2,1.0,2.0,1.0,1.1,0.18000000000000008,1.0,0.0,0.0,0.0,0.0,0.0,0.0,0.0,10.0,10.0,1.2,1.92,0.0,0.0,0.0,0.0,0.0,0.0,0.0,1.0,11.0,10.0,2.3,2.0799999999999996,1.0,0.0,1.0,1.0,0.9,0.18,1.0,0.0,0.0,0.0,0.0,0.0,0.0,0.0,8.0,8.0,0.8,1.4400000000000002,0.0,0.0,0.0,0.0,0.0,0.0,0.0,1.0,8.0,7.0,1.7,1.2599999999999998,1.0,6.615,29.2433333333,22.6283333333,12.593666666659999,7.479133333324,6.615,0.0,7.853,7.853,4.711799999999999,3.7694400000000003,7.853,0.0,2.25333333333e-05,2.25333333333e-05,2.25333333333e-06,4.055999999994e-06,0.0,194.0,229.0,35.0,204.1,14.139999999999997,194.0,-9.577434015160486,-0.4717530852553725,1,0.7741710629956537
Li2NiZnH6,1.0,30.0,29.0,7.0,8.8,1.0,1.0,92.0,91.0,68.4,28.439999999999998,92.0,1.00794,65.38,64.37205999999999,14.400304,19.054558399999998,1.00794,14.01,1728.0,1713.99,341.212,392.6424,14.01,1.0,12.0,11.0,3.0,3.2,1.0,1.0,4.0,3.0,1.8,0.9600000000000002,1.0,31.0,128.0,97.0,68.8,45.36,31.0,0.98,2.2,1.2200000000000002,1.8719999999999999,0.4012000000000001,2.2,1.0,2.0,1.0,1.2,0.31999999999999995,1.0,0.0,0.0,0.0,0.0,0.0,0.0,0.0,10.0,10.0,1.8,2.88,0.0,0.0,0.0,0.0,0.0,0.0,0.0,1.0,12.0,11.0,3.0,3.2,1.0,0.0,1.0,1.0,0.8,0.31999999999999995,1.0,0.0,0.0,0.0,0.0,0.0,0.0,0.0,2.0,2.0,0.2,0.36000000000000004,0.0,0.0,0.0,0.0,0.0,0.0,0.0,0.0,2.0,2.0,1.0,0.2,1.0,6.615,16.5933333333,9.978333333299998,9.715666666659999,3.720799999991999,6.615,0.0,7.853,7.853,4.711799999999999,3.7694400000000003,7.853,0.0,0.5953947,0.5953947,0.059539470000000004,0.107171046,0.0,194.0,229.0,35.0,204.1,14.139999999999997,194.0,-8.039858532130049,-2.0584162331837184,1,0.7721489524208169
Li2ZnNiH6,1.0,30.0,29.0,7.0,8.8,1.0,1.0,92.0,91.0,68.4,28.439999999999998,92.0,1.00794,65.38,64.37205999999999,14.400304,19.054558399999998,1.00794,14.01,1728.0,1713.99,341.212,392.6424,14.01,1.0,12.0,11.0,3.0,3.2,1.0,1.0,4.0,3.0,1.8,0.9600000000000002,1.0,31.0,128.0,97.0,68.8,45.36,31.0,0.98,2.2,1.2200000000000002,1.8719999999999999,0.4012000000000001,2.2,1.0,2.0,1.0,1.2,0.31999999999999995,1.0,0.0,0.0,0.0,0.0,0.0,0.0,0.0,10.0,10.0,1.8,2.88,0.0,0.0,0.0,0.0,0.0,0.0,0.0,1.0,12.0,11.0,3.0,3.2,1.0,0.0,1.0,1.0,0.8,0.31999999999999995,1.0,0.0,0.0,0.0,0.0,0.0,0.0,0.0,2.0,2.0,0.2,0.36000000000000004,0.0,0.0,0.0,0.0,0.0,0.0,0.0,0.0,2.0,2.0,1.0,0.2,1.0,6.615,16.5933333333,9.978333333299998,9.715666666659999,3.720799999991999,6.615,0.0,7.853,7.853,4.711799999999999,3.7694400000000003,7.853,0.0,0.5953947,0.5953947,0.059539470000000004,0.107171046,0.0,194.0,229.0,35.0,204.1,14.139999999999997,194.0,-8.039858532130049,-2.0584162331837184,1,0.7721489524208169
K2CuCrH6,1.0,29.0,28.0,9.7,10.440000000000001,1.0,3.0,92.0,89.0,67.1,29.880000000000003,92.0,1.00794,63.546,62.53806,19.978634,22.7648328,1.00794,14.01,2180.0,2165.99,429.48900000000003,535.7584,14.01,1.0,11.0,10.0,2.5,2.4,1.0,1.0,4.0,3.0,2.2,1.44,1.0,31.0,203.0,172.0,86.3,66.35999999999999,31.0,0.82,2.2,1.3800000000000003,1.8400000000000003,0.44400000000000006,2.2,1.0,1.0,0.0,1.0,0.0,1.0,0.0,0.0,0.0,0.0,0.0,0.0,0.0,10.0,10.0,1.5,2.4,0.0,0.0,0.0,0.0,0.0,0.0,0.0,1.0,11.0,10.0,2.5,2.4,1.0,1.0,1.0,0.0,1.0,0.0,1.0,0.0,0.0,0.0,0.0,0.0,0.0,0.0,5.0,5.0,0.5,0.9,0.0,0.0,0.0,0.0,0.0,0.0,0.0,1.0,6.0,5.0,1.5,0.9,1.0,6.615,73.1066666667,66.4916666667,20.816333333339998,20.916133333344,6.615,0.0,7.853,7.853,4.711799999999999,3.7694400000000003,7.853,0.0,0.0,0.0,0.0,0.0,0.0,194.0,229.0,35.0,207.6,16.32,194.0,-12.30921311592969,1.4473032839829667,1,0.7709166997713716
K2CrCuH6,1.0,29.0,28.0,9.7,10.440000000000001,1.0,3.0,92.0,89.0,67.1,29.880000000000003,92.0,1.00794,63.546,62.53806,19.978634,22.7648328,1.00794,14.01,2180.0,2165.99,429.48900000000003,535.7584,14.01,1.0,11.0,10.0,2.5,2.4,1.0,1.0,4.0,3.0,2.2,1.44,1.0,31.0,203.0,172.0,86.3,66.35999999999999,31.0,0.82,2.2,1.3800000000000003,1.8399999999999999,0.4440000000000001,2.2,1.0,1.0,0.0,1.0,0.0,1.0,0.0,0.0,0.0,0.0,0.0,0.0,0.0,10.0,10.0,1.5,2.4,0.0,0.0,0.0,0.0,0.0,0.0,0.0,1.0,11.0,10.0,2.5,2.4,1.0,1.0,1.0,0.0,1.0,0.0,1.0,0.0,0.0,0.0,0.0,0.0,0.0,0.0,5.0,5.0,0.5,0.9,0.0,0.0,0.0,0.0,0.0,0.0,0.0,1.0,6.0,5.0,1.5,0.9,1.0,6.615,73.1066666667,66.4916666667,20.816333333339998,20.916133333344,6.615,0.0,7.853,7.853,4.711799999999999,3.7694400000000003,7.853,0.0,0.0,0.0,0.0,0.0,0.0,194.0,229.0,35.0,207.6,16.32,194.0,-12.30921311592969,1.4473032839829667,1,0.7709166997713716
Rb2TiAlH6,1.0,37.0,36.0,11.5,12.6,1.0,4.0,92.0,88.0,67.6,30.360000000000003,92.0,1.00794,85.4678,84.45985999999999,25.183177859999997,29.010285431999996,1.00794,14.01,1941.0,1926.99,358.345,431.55600000000004,14.01,1.0,13.0,12.0,2.5,2.4,1.0,1.0,5.0,4.0,2.3,1.56,1.0,31.0,220.0,189.0,90.7,71.64000000000001,31.0,0.82,2.2,1.3800000000000003,1.7990000000000002,0.4812000000000001,2.2,1.0,2.0,1.0,1.2,0.31999999999999995,1.0,0.0,1.0,1.0,0.1,0.18000000000000002,0.0,0.0,2.0,2.0,0.2,0.36000000000000004,0.0,0.0,0.0,0.0,0.0,0.0,0.0,1.0,4.0,3.0,1.5,0.8,1.0,0.0,1.0,1.0,0.8,0.31999999999999995,1.0,0.0,5.0,5.0,0.5,0.9,0.0,0.0,8.0,8.0,0.8,1.4400000000000002,0.0,0.0,0.0,0.0,0.0,0.0,0.0,1.0,8.0,7.0,2.1,1.7600000000000002,1.0,6.615,90.7225,84.1075,25.4305,26.1168,6.615,0.0,7.853,7.853,4.711799999999999,3.7694400000000003,7.853,0.0,2.25333333333e-05,2.25333333333e-05,2.25333333333e-06,4.055999999994e-06,0.0,194.0,229.0,35.0,204.1,14.139999999999997,194.0,-9.148160149554883,0.678838195667427,1,0.7708990313378993
Rb2AlTiH6,1.0,37.0,36.0,11.5,12.6,1.0,4.0,92.0,88.0,67.6,30.360000000000003,92.0,1.00794,85.4678,84.45985999999999,25.183177859999997,29.010285432,1.00794,14.01,1941.0,1926.99,358.34499999999997,431.5559999999999,14.01,1.0,13.0,12.0,2.5,2.4,1.0,1.0,5.0,4.0,2.3,1.56,1.0,31.0,220.0,189.0,90.7,71.64000000000001,31.0,0.82,2.2,1.3800000000000003,1.7990000000000002,0.4812000000000001,2.2,1.0,2.0,1.0,1.2,0.31999999999999995,1.0,0.0,1.0,1.0,0.1,0.18000000000000002,0.0,0.0,2.0,2.0,0.2,0.36000000000000004,0.0,0.0,0.0,0.0,0.0,0.0,0.0,1.0,4.0,3.0,1.5,0.8,1.0,0.0,1.0,1.0,0.8,0.31999999999999995,1.0,0.0,5.0,5.0,0.5,0.9,0.0,0.0,8.0,8.0,0.8,1.4400000000000002,0.0,0.0,0.0,0.0,0.0,0.0,0.0,1.0,8.0,7.0,2.1,1.7600000000000002,1.0,6.615,90.7225,84.1075,25.4305,26.1168,6.615,0.0,7.853,7.853,4.711799999999999,3.7694400000000003,7.853,0.0,2.25333333333e-05,2.25333333333e-05,2.25333333333e-06,4.055999999993999e-06,0.0,194.0,229.0,35.0,204.1,14.139999999999997,194.0,-9.148160149554883,0.6788381956674272,1,0.7708990313378993
Na2VNiH6,1.0,28.0,27.0,7.9,8.280000000000001,1.0,2.0,92.0,90.0,66.3,30.839999999999996,92.0,1.00794,58.6934,57.68546,16.166207856,18.189921427199998,1.00794,14.01,2183.0,2168.99,473.68,592.7280000000001,14.01,1.0,10.0,9.0,2.3,2.0799999999999996,1.0,1.0,4.0,3.0,2.0,1.2,1.0,31.0,166.0,135.0,79.5,58.2,31.0,0.93,2.2,1.27,1.86,0.41800000000000004,2.2,1.0,2.0,1.0,1.2,0.31999999999999995,1.0,0.0,0.0,0.0,0.0,0.0,0.0,0.0,8.0,8.0,1.1,1.7600000000000002,0.0,0.0,0.0,0.0,0.0,0.0,0.0,1.0,10.0,9.0,2.3,2.0799999999999996,1.0,0.0,1.0,1.0,0.8,0.31999999999999995,1.0,0.0,0.0,0.0,0.0,0.0,0.0,0.0,7.0,7.0,0.9,1.44,0.0,0.0,0.0,0.0,0.0,0.0,0.0,1.0,7.0,6.0,1.7,1.1199999999999999,1.0,6.615,29.2433333333,22.6283333333,12.150666666660001,7.008933333324,6.615,0.0,7.853,7.853,4.711799999999999,3.7694400000000003,7.853,0.0,0.5953947,0.5953947,0.059539470000000004,0.107171046,0.0,194.0,229.0,35.0,207.6,16.32,194.0,-9.45914378584722,-0.8545258083792395,1,0.77
Na2NiVH6,1.0,28.0,27.0,7.9,8.280000000000001,1.0,2.0,92.0,90.0,66.3,30.839999999999996,92.0,1.00794,58.6934,57.68546,16.166207856,18.189921427199998,1.00794,14.01,2183.0,2168.99,473.68,592.7280000000001,14.01,1.0,10.0,9.0,2.3,2.0799999999999996,1.0,1.0,4.0,3.0,2.0,1.2,1.0,31.0,166.0,135.0,79.5,58.2,31.0,0.93,2.2,1.27,1.86,0.41800000000000004,2.2,1.0,2.0,1.0,1.2,0.31999999999999995,1.0,0.0,0.0,0.0,0.0,0.0,0.0,0.0,8.0,8.0,1.1,1.7600000000000002,0.0,0.0,0.0,0.0,0.0,0.0,0.0,1.0,10.0,9.0,2.3,2.0799999999999996,1.0,0.0,1.0,1.0,0.8,0.31999999999999995,1.0,0.0,0.0,0.0,0.0,0.0,0.0,0.0,7.0,7.0,0.9,1.44,0.0,0.0,0.0,0.0,0.0,0.0,0.0,1.0,7.0,6.0,1.7,1.1199999999999999,1.0,6.615,29.2433333333,22.6283333333,12.15066666666,7.008933333323999,6.615,0.0,7.853,7.853,4.711799999999999,3.7694400000000003,7.853,0.0,0.5953947,0.5953947,0.059539470000000004,0.107171046,0.0,194.0,229.0,35.0,207.6,16.32,194.0,-9.45914378584722,-0.8545258083792395,1,0.77
Na2CoCrH6,1.0,27.0,26.0,7.9,8.280000000000001,1.0,2.0,92.0,90.0,66.3,30.839999999999996,92.0,1.00794,58.933195,57.925255,16.295647356,18.3452488272,1.00794,14.01,2180.0,2165.99,477.38,598.6479999999999,14.01,1.0,9.0,8.0,2.3,2.0799999999999996,1.0,1.0,4.0,3.0,2.0,1.2,1.0,31.0,166.0,135.0,78.3,56.75999999999999,31.0,0.93,2.2,1.27,1.86,0.4120000000000001,2.2,1.0,2.0,1.0,1.1,0.18000000000000008,1.0,0.0,0.0,0.0,0.0,0.0,0.0,0.0,7.0,7.0,1.2,1.92,0.0,0.0,0.0,0.0,0.0,0.0,0.0,1.0,9.0,8.0,2.3,2.0799999999999996,1.0,0.0,1.0,1.0,0.9,0.18,1.0,0.0,0.0,0.0,0.0,0.0,0.0,0.0,5.0,5.0,0.8,1.28,0.0,0.0,0.0,0.0,0.0,0.0,0.0,1.0,6.0,5.0,1.7,1.1199999999999999,1.0,6.615,29.2433333333,22.6283333333,11.96116666666,6.912866666656001,6.615,0.0,7.853,7.853,4.711799999999999,3.7694400000000003,7.853,0.0,1.5484712,1.5484712,0.15484712,0.278724816,0.0,194.0,229.0,35.0,204.5,14.7,194.0,-9.818301957442898,-0.8137644817485894,1,0.77
Na2CrCoH6,1.0,27.0,26.0,7.9,8.280000000000001,1.0,2.0,92.0,90.0,66.3,30.839999999999996,92.0,1.00794,58.933195,57.925255,16.295647356,18.3452488272,1.00794,14.01,2180.0,2165.99,477.38,598.6479999999999,14.01,1.0,9.0,8.0,2.3,2.0799999999999996,1.0,1.0,4.0,3.0,2.0,1.2,1.0,31.0,166.0,135.0,78.3,56.75999999999999,31.0,0.93,2.2,1.27,1.86,0.4120000000000001,2.2,1.0,2.0,1.0,1.1,0.18000000000000008,1.0,0.0,0.0,0.0,0.0,0.0,0.0,0.0,7.0,7.0,1.2,1.92,0.0,0.0,0.0,0.0,0.0,0.0,0.0,1.0,9.0,8.0,2.3,2.0799999999999996,1.0,0.0,1.0,1.0,0.9,0.18,1.0,0.0,0.0,0.0,0.0,0.0,0.0,0.0,5.0,5.0,0.8,1.28,0.0,0.0,0.0,0.0,0.0,0.0,0.0,1.0,6.0,5.0,1.7,1.1199999999999999,1.0,6.615,29.2433333333,22.6283333333,11.96116666666,6.912866666656001,6.615,0.0,7.853,7.853,4.711799999999999,3.7694400000000003,7.853,0.0,1.5484712,1.5484712,0.15484712,0.278724816,0.0,194.0,229.0,35.0,204.5,14.7,194.0,-9.818301957442898,-0.8137644817485894,1,0.77
Rb2VCrH6,1.0,37.0,36.0,12.7,14.039999999999997,1.0,4.0,92.0,88.0,65.5,31.8,92.0,1.00794,85.4678,84.45985999999999,27.992084,32.380972799999995,1.00794,14.01,2183.0,2168.99,507.19800000000004,669.7208,14.01,1.0,6.0,5.0,1.9,1.44,1.0,1.0,5.0,4.0,2.4,1.6799999999999997,1.0,31.0,220.0,189.0,91.8,72.96,31.0,0.82,2.2,1.3800000000000003,1.8130000000000002,0.4644000000000001,2.2,1.0,2.0,1.0,1.1,0.18000000000000008,1.0,0.0,0.0,0.0,0.0,0.0,0.0,0.0,5.0,5.0,0.8,1.28,0.0,0.0,0.0,0.0,0.0,0.0,0.0,1.0,6.0,5.0,1.9,1.44,1.0,0.0,1.0,1.0,0.9,0.18,1.0,0.0,0.0,0.0,0.0,0.0,0.0,0.0,7.0,7.0,1.2,1.92,0.0,0.0,0.0,0.0,0.0,0.0,0.0,1.0,7.0,6.0,2.1,1.7600000000000002,1.0,6.615,90.7225,84.1075,24.533499999999997,26.475599999999996,6.615,0.0,7.853,7.853,4.711799999999999,3.7694400000000003,7.853,0.0,0.0,0.0,0.0,0.0,0.0,194.0,229.0,35.0,208.0,16.8,194.0,-11.91288564156728,2.2472082999052807,1,0.769622995345222
Rb2CrVH6,1.0,37.0,36.0,12.7,14.039999999999997,1.0,4.0,92.0,88.0,65.5,31.8,92.0,1.00794,85.4678,84.45985999999999,27.992084,32.380972799999995,1.00794,14.01,2183.0,2168.99,507.19800000000004,669.7208,14.01,1.0,6.0,5.0,1.9,1.44,1.0,1.0,5.0,4.0,2.4,1.6799999999999997,1.0,31.0,220.0,189.0,91.8,72.96,31.0,0.82,2.2,1.3800000000000003,1.8130000000000002,0.4644000000000001,2.2,1.0,2.0,1.0,1.1,0.18000000000000008,1.0,0.0,0.0,0.0,0.0,0.0,0.0,0.0,5.0,5.0,0.8,1.28,0.0,0.0,0.0,0.0,0.0,0.0,0.0,1.0,6.0,5.0,1.9,1.44,1.0,0.0,1.0,1.0,0.9,0.18,1.0,0.0,0.0,0.0,0.0,0.0,0.0,0.0,7.0,7.0,1.2,1.92,0.0,0.0,0.0,0.0,0.0,0.0,0.0,1.0,7.0,6.0,2.1,1.7600000000000002,1.0,6.615,90.7225,84.1075,24.533499999999997,26.475599999999996,6.615,0.0,7.853,7.853,4.711799999999999,3.7694400000000003,7.853,0.0,0.0,0.0,0.0,0.0,0.0,194.0,229.0,35.0,208.0,16.8,194.0,-11.91288564156728,2.2472082999052807,1,0.769622995345222
Na2TiNiH6,1.0,28.0,27.0,7.8,8.16,1.0,2.0,92.0,90.0,66.0,31.2,92.0,1.00794,58.6934,57.68546,15.858757856,17.820981427200003,1.00794,14.01,1941.0,1926.99,449.48,554.008,14.01,1.0,10.0,9.0,2.2,1.9200000000000004,1.0,1.0,4.0,3.0,2.0,1.2,1.0,31.0,166.0,135.0,80.2,59.040000000000006,31.0,0.93,2.2,1.27,1.8510000000000002,0.4306,2.2,1.0,2.0,1.0,1.2,0.31999999999999995,1.0,0.0,0.0,0.0,0.0,0.0,0.0,0.0,8.0,8.0,1.0,1.6,0.0,0.0,0.0,0.0,0.0,0.0,0.0,1.0,10.0,9.0,2.2,1.9200000000000004,1.0,0.0,1.0,1.0,0.8,0.31999999999999995,1.0,0.0,0.0,0.0,0.0,0.0,0.0,0.0,8.0,8.0,1.0,1.6,0.0,0.0,0.0,0.0,0.0,0.0,0.0,1.0,8.0,7.0,1.8,1.28,1.0,6.615,29.2433333333,22.6283333333,12.51866666666,7.5241333333239995,6.615,0.0,7.853,7.853,4.711799999999999,3.7694400000000003,7.853,0.0,0.5953947,0.5953947,0.05954172333333334,0.10717059533333335,0.0,194.0,229.0,35.0,204.1,14.139999999999997,194.0,-9.585878069020854,-0.7036637518874002,1,0.76886875436715
Na2NiTiH6,1.0,28.0,27.0,7.8,8.16,1.0,2.0,92.0,90.0,66.0,31.2,92.0,1.00794,58.6934,57.68546,15.858757856,17.820981427200003,1.00794,14.01,1941.0,1926.99,449.48,554.008,14.01,1.0,10.0,9.0,2.2,1.9200000000000004,1.0,1.0,4.0,3.0,2.0,1.2,1.0,31.0,166.0,135.0,80.2,59.040000000000006,31.0,0.93,2.2,1.27,1.8510000000000002,0.4306,2.2,1.0,2.0,1.0,1.2,0.31999999999999995,1.0,0.0,0.0,0.0,0.0,0.0,0.0,0.0,8.0,8.0,1.0,1.6,0.0,0.0,0.0,0.0,0.0,0.0,0.0,1.0,10.0,9.0,2.2,1.9200000000000004,1.0,0.0,1.0,1.0,0.8,0.31999999999999995,1.0,0.0,0.0,0.0,0.0,0.0,0.0,0.0,8.0,8.0,1.0,1.6,0.0,0.0,0.0,0.0,0.0,0.0,0.0,1.0,8.0,7.0,1.8,1.28,1.0,6.615,29.2433333333,22.6283333333,12.51866666666,7.5241333333239995,6.615,0.0,7.853,7.853,4.711799999999999,3.7694400000000003,7.853,0.0,0.5953947,0.5953947,0.05954172333333334,0.10717059533333335,0.0,194.0,229.0,35.0,204.1,14.139999999999997,194.0,-9.585878069020854,-0.7036637518874002,1,0.76886875436715
Na2AlFeH6,1.0,26.0,25.0,6.7,6.840000000000001,1.0,2.0,92.0,90.0,68.4,29.24,92.0,1.00794,55.845,54.83706,13.485371716,14.972918059200001,1.00794,14.01,1811.0,1796.99,357.027,411.62039999999996,14.01,1.0,13.0,12.0,2.9,3.04,1.0,1.0,4.0,3.0,1.9,1.08,1.0,31.0,166.0,135.0,77.1,55.32000000000001,31.0,0.93,2.2,1.27,1.85,0.4200000000000001,2.2,1.0,2.0,1.0,1.2,0.31999999999999995,1.0,0.0,1.0,1.0,0.1,0.18000000000000002,0.0,0.0,6.0,6.0,0.6,1.08,0.0,0.0,0.0,0.0,0.0,0.0,0.0,1.0,8.0,7.0,1.9,1.44,1.0,0.0,1.0,1.0,0.8,0.31999999999999995,1.0,0.0,5.0,5.0,0.5,0.9,0.0,0.0,4.0,4.0,0.4,0.7200000000000001,0.0,0.0,0.0,0.0,0.0,0.0,0.0,1.0,5.0,4.0,1.7,1.1199999999999999,1.0,6.615,29.2433333333,22.6283333333,12.538666666660001,7.470133333324,6.615,0.0,7.853,7.853,4.711799999999999,3.7694400000000003,7.853,0.0,2.1106628,2.1106628,0.21106628,0.37991930399999996,0.0,194.0,229.0,35.0,207.6,16.32,194.0,-7.398710581404774,-2.397983992859557,1,0.7683195352099408
Na2FeAlH6,1.0,26.0,25.0,6.7,6.840000000000001,1.0,2.0,92.0,90.0,68.4,29.24,92.0,1.00794,55.845,54.83706,13.485371716,14.972918059200001,1.00794,14.01,1811.0,1796.99,357.027,411.62039999999996,14.01,1.0,13.0,12.0,2.9,3.04,1.0,1.0,4.0,3.0,1.9,1.08,1.0,31.0,166.0,135.0,77.1,55.32000000000001,31.0,0.93,2.2,1.27,1.85,0.4200000000000001,2.2,1.0,2.0,1.0,1.2,0.31999999999999995,1.0,0.0,1.0,1.0,0.1,0.18000000000000002,0.0,0.0,6.0,6.0,0.6,1.08,0.0,0.0,0.0,0.0,0.0,0.0,0.0,1.0,8.0,7.0,1.9,1.44,1.0,0.0,1.0,1.0,0.8,0.31999999999999995,1.0,0.0,5.0,5.0,0.5,0.9,0.0,0.0,4.0,4.0,0.4,0.7200000000000001,0.0,0.0,0.0,0.0,0.0,0.0,0.0,1.0,5.0,4.0,1.7,1.1199999999999999,1.0,6.615,29.2433333333,22.6283333333,12.538666666660001,7.470133333324,6.615,0.0,7.853,7.853,4.711799999999999,3.7694400000000003,7.853,0.0,2.1106628,2.1106628,0.21106628,0.37991930399999996,0.0,194.0,229.0,35.0,207.6,16.32,194.0,-7.398710581404774,-2.397983992859557,1,0.7683195352099408
Na2ZnCuH6,1.0,30.0,29.0,8.7,9.24,1.0,2.0,92.0,90.0,68.9,27.74,92.0,1.00794,65.38,64.37205999999999,18.095317856,20.504853427199997,1.00794,14.01,1357.77,1343.76,287.625,328.338,14.01,1.0,12.0,11.0,3.1,3.3600000000000003,1.0,1.0,4.0,3.0,2.0,1.2,1.0,31.0,166.0,135.0,77.2,55.44000000000001,31.0,0.93,2.2,1.27,1.861,0.4146000000000001,2.2,1.0,2.0,1.0,1.1,0.18000000000000008,1.0,0.0,0.0,0.0,0.0,0.0,0.0,0.0,10.0,10.0,2.0,3.2,0.0,0.0,0.0,0.0,0.0,0.0,0.0,1.0,12.0,11.0,3.1,3.3600000000000003,1.0,0.0,1.0,1.0,0.9,0.18,1.0,0.0,0.0,0.0,0.0,0.0,0.0,0.0,0.0,0.0,0.0,0.0,0.0,0.0,0.0,0.0,0.0,0.0,0.0,0.0,1.0,1.0,0.9,0.18,1.0,6.615,29.2433333333,22.6283333333,12.32066666666,7.096933333323999,6.615,0.0,7.853,7.853,4.711799999999999,3.7694400000000003,7.853,0.0,0.0,0.0,0.0,0.0,0.0,194.0,229.0,35.0,204.1,14.139999999999997,194.0,-8.501736450433185,-1.1993932760142894,1,0.7682373181145841
Na2CuZnH6,1.0,30.0,29.0,8.7,9.24,1.0,2.0,92.0,90.0,68.9,27.74,92.0,1.00794,65.38,64.37205999999999,18.095317856,20.504853427199997,1.00794,14.01,1357.77,1343.76,287.625,328.338,14.01,1.0,12.0,11.0,3.1,3.3600000000000003,1.0,1.0,4.0,3.0,2.0,1.2,1.0,31.0,166.0,135.0,77.2,55.44000000000001,31.0,0.93,2.2,1.27,1.861,0.4146000000000001,2.2,1.0,2.0,1.0,1.1,0.18000000000000008,1.0,0.0,0.0,0.0,0.0,0.0,0.0,0.0,10.0,10.0,2.0,3.2,0.0,0.0,0.0,0.0,0.0,0.0,0.0,1.0,12.0,11.0,3.1,3.3600000000000003,1.0,0.0,1.0,1.0,0.9,0.18,1.0,0.0,0.0,0.0,0.0,0.0,0.0,0.0,0.0,0.0,0.0,0.0,0.0,0.0,0.0,0.0,0.0,0.0,0.0,0.0,1.0,1.0,0.9,0.18,1.0,6.615,29.2433333333,22.6283333333,12.32066666666,7.096933333324,6.615,0.0,7.853,7.853,4.711799999999999,3.7694400000000003,7.853,0.0,0.0,0.0,0.0,0.0,0.0,194.0,229.0,35.0,204.1,14.139999999999997,194.0,-8.501736450433185,-1.1993932760142894,1,0.7682373181145841
Mg2CuCoH6,1.0,29.0,28.0,8.6,9.12,1.0,58.0,92.0,34.0,81.0,13.2,92.0,1.00794,63.546,62.53806,17.713683500000002,20.0468922,1.00794,14.01,1768.0,1753.99,505.5830000000001,589.8876,14.01,1.0,11.0,10.0,3.0,2.8,1.0,1.0,4.0,3.0,2.0,1.2,1.0,31.0,141.0,110.0,72.6,49.92,31.0,1.31,2.2,0.8900000000000001,1.9600000000000002,0.2880000000000001,2.2,1.0,2.0,1.0,1.3,0.42000000000000004,1.0,0.0,0.0,0.0,0.0,0.0,0.0,0.0,10.0,10.0,1.7,2.7199999999999998,0.0,0.0,0.0,0.0,0.0,0.0,0.0,1.0,11.0,10.0,3.0,2.8,1.0,0.0,1.0,1.0,0.7,0.42000000000000004,1.0,0.0,0.0,0.0,0.0,0.0,0.0,0.0,3.0,3.0,0.3,0.54,0.0,0.0,0.0,0.0,0.0,0.0,0.0,0.0,3.0,3.0,1.0,0.4,1.0,6.615,22.89,16.275,10.6785,4.9629,6.615,0.0,7.853,7.853,4.711799999999999,3.7694400000000003,7.853,0.0,1.5484712,1.5484712,0.15484712,0.278724816,0.0,194.0,225.0,31.0,197.1,5.579999999999996,194.0,-8.07715832349907,-2.2580446520292123,1,0.7658473060625502
Mg2CoCuH6,1.0,29.0,28.0,8.6,9.12,1.0,58.0,92.0,34.0,81.0,13.2,92.0,1.00794,63.546,62.53806,17.7136835,20.0468922,1.00794,14.01,1768.0,1753.99,505.5830000000001,589.8876,14.01,1.0,11.0,10.0,3.0,2.8,1.0,1.0,4.0,3.0,2.0,1.2,1.0,31.0,141.0,110.0,72.6,49.92,31.0,1.31,2.2,0.8900000000000001,1.9600000000000002,0.2880000000000001,2.2,1.0,2.0,1.0,1.3,0.41999999999999993,1.0,0.0,0.0,0.0,0.0,0.0,0.0,0.0,10.0,10.0,1.7,2.7199999999999998,0.0,0.0,0.0,0.0,0.0,0.0,0.0,1.0,11.0,10.0,3.0,2.8,1.0,0.0,1.0,1.0,0.7,0.41999999999999993,1.0,0.0,0.0,0.0,0.0,0.0,0.0,0.0,3.0,3.0,0.3,0.54,0.0,0.0,0.0,0.0,0.0,0.0,0.0,0.0,3.0,3.0,1.0,0.4,1.0,6.615,22.89,16.275,10.6785,4.9629,6.615,0.0,7.853,7.853,4.711799999999999,3.7694400000000003,7.853,0.0,1.5484712,1.5484712,0.15484712,0.278724816,0.0,194.0,225.0,31.0,197.1,5.579999999999996,194.0,-8.07715832349907,-2.2580446520292123,1,0.7658473060625502
K2MnAlH6,1.0,25.0,24.0,8.2,8.64,1.0,3.0,92.0,89.0,68.3,29.379999999999995,92.0,1.00794,54.938045,53.930105000000005,16.61638236,18.730130832000004,1.00794,14.01,1519.0,1504.99,320.95899999999995,368.3388,14.01,1.0,13.0,12.0,2.8,2.88,1.0,1.0,4.0,3.0,2.1,1.3199999999999998,1.0,31.0,203.0,172.0,85.2,65.04,31.0,0.82,2.2,1.3800000000000003,1.8,0.4800000000000001,2.2,1.0,2.0,1.0,1.2,0.31999999999999995,1.0,0.0,1.0,1.0,0.1,0.18000000000000002,0.0,0.0,5.0,5.0,0.5,0.9,0.0,0.0,0.0,0.0,0.0,0.0,0.0,1.0,7.0,6.0,1.8,1.28,1.0,0.0,1.0,1.0,0.8,0.31999999999999995,1.0,0.0,5.0,5.0,0.5,0.9,0.0,0.0,5.0,5.0,0.5,0.9,0.0,0.0,0.0,0.0,0.0,0.0,0.0,1.0,5.0,4.0,1.8,1.28,1.0,6.615,73.1066666667,66.4916666667,21.287091954029997,20.727829885067997,6.615,0.0,7.853,7.853,4.711799999999999,3.7694400000000003,7.853,0.0,0.000310120689655,0.000310120689655,3.10120689655e-05,5.58217241379e-05,0.0,194.0,229.0,35.0,206.4,14.88,194.0,-8.016136784448488,-1.1666977087450887,1,0.7657749692102465
K2AlMnH6,1.0,25.0,24.0,8.2,8.64,1.0,3.0,92.0,89.0,68.3,29.380000000000006,92.0,1.00794,54.938045,53.930105000000005,16.61638236,18.730130832,1.00794,14.01,1519.0,1504.99,320.95899999999995,368.3388,14.01,1.0,13.0,12.0,2.8,2.88,1.0,1.0,4.0,3.0,2.1,1.3199999999999998,1.0,31.0,203.0,172.0,85.2,65.04,31.0,0.82,2.2,1.3800000000000003,1.8,0.4800000000000001,2.2,1.0,2.0,1.0,1.2,0.31999999999999995,1.0,0.0,1.0,1.0,0.1,0.18000000000000002,0.0,0.0,5.0,5.0,0.5,0.9,0.0,0.0,0.0,0.0,0.0,0.0,0.0,1.0,7.0,6.0,1.8,1.28,1.0,0.0,1.0,1.0,0.8,0.31999999999999995,1.0,0.0,5.0,5.0,0.5,0.9,0.0,0.0,5.0,5.0,0.5,0.9,0.0,0.0,0.0,0.0,0.0,0.0,0.0,1.0,5.0,4.0,1.8,1.28,1.0,6.615,73.1066666667,66.4916666667,21.287091954029997,20.727829885067997,6.615,0.0,7.853,7.853,4.711799999999999,3.7694400000000003,7.853,0.0,0.000310120689655,0.000310120689655,3.10120689655e-05,5.58217241379e-05,0.0,194.0,229.0,35.0,206.4,14.88,194.0,-8.016136784448488,-1.1666977087450887,1,0.7657749692102465
Mg2FeZnH6,1.0,30.0,29.0,8.6,9.12,1.0,55.0,92.0,37.0,81.2,12.959999999999999,92.0,1.00794,65.38,64.37205999999999,17.588264,19.8963888,1.00794,14.01,1811.0,1796.99,443.3740000000001,515.2368,14.01,1.0,12.0,11.0,3.0,2.8,1.0,1.0,4.0,3.0,2.0,1.2,1.0,31.0,141.0,110.0,72.2,49.44,31.0,1.31,2.2,0.8900000000000001,1.9300000000000002,0.32400000000000007,2.2,1.0,2.0,1.0,1.4,0.48,1.0,0.0,0.0,0.0,0.0,0.0,0.0,0.0,10.0,10.0,1.6,2.56,0.0,0.0,0.0,0.0,0.0,0.0,0.0,1.0,12.0,11.0,3.0,2.8,1.0,0.0,1.0,1.0,0.6,0.4800000000000001,1.0,0.0,0.0,0.0,0.0,0.0,0.0,0.0,4.0,4.0,0.4,0.7200000000000001,0.0,0.0,0.0,0.0,0.0,0.0,0.0,0.0,4.0,4.0,1.0,0.6,1.0,6.615,22.89,16.275,11.016,5.3384,6.615,0.0,7.853,7.853,4.711799999999999,3.7694400000000003,7.853,0.0,2.1106628,2.1106628,0.21106628,0.37991930399999996,0.0,194.0,229.0,35.0,197.5,6.3,194.0,-7.949063826127145,-2.0233326219448236,1,0.7614194933683087
Mg2ZnFeH6,1.0,30.0,29.0,8.6,9.12,1.0,55.0,92.0,37.0,81.2,12.959999999999999,92.0,1.00794,65.38,64.37205999999999,17.588264,19.8963888,1.00794,14.01,1811.0,1796.99,443.3740000000001,515.2368,14.01,1.0,12.0,11.0,3.0,2.8,1.0,1.0,4.0,3.0,2.0,1.2,1.0,31.0,141.0,110.0,72.2,49.44,31.0,1.31,2.2,0.8900000000000001,1.9300000000000002,0.32400000000000007,2.2,1.0,2.0,1.0,1.4,0.48,1.0,0.0,0.0,0.0,0.0,0.0,0.0,0.0,10.0,10.0,1.6,2.56,0.0,0.0,0.0,0.0,0.0,0.0,0.0,1.0,12.0,11.0,3.0,2.8,1.0,0.0,1.0,1.0,0.6,0.4800000000000001,1.0,0.0,0.0,0.0,0.0,0.0,0.0,0.0,4.0,4.0,0.4,0.7200000000000001,0.0,0.0,0.0,0.0,0.0,0.0,0.0,0.0,4.0,4.0,1.0,0.6,1.0,6.615,22.89,16.275,11.016,5.3384,6.615,0.0,7.853,7.853,4.711799999999999,3.7694400000000003,7.853,0.0,2.1106628,2.1106628,0.21106628,0.37991930399999996,0.0,194.0,229.0,35.0,197.5,6.3,194.0,-7.949063826127145,-2.0233326219448236,1,0.7614194933683087
Ca2VCrH6,1.0,24.0,23.0,9.3,9.959999999999999,1.0,7.0,92.0,85.0,66.1,31.080000000000002,92.0,1.00794,51.9961,50.98816,18.914123999999997,21.4874208,1.00794,14.01,2183.0,2168.99,667.706,784.4352,14.01,1.0,6.0,5.0,2.1,1.36,1.0,1.0,4.0,3.0,2.2,1.44,1.0,31.0,176.0,145.0,83.0,62.4,31.0,1.0,2.2,1.2000000000000002,1.8490000000000002,0.4212000000000001,2.2,1.0,2.0,1.0,1.3,0.41999999999999993,1.0,0.0,0.0,0.0,0.0,0.0,0.0,0.0,5.0,5.0,0.8,1.28,0.0,0.0,0.0,0.0,0.0,0.0,0.0,1.0,6.0,5.0,2.1,1.36,1.0,0.0,1.0,1.0,0.7,0.41999999999999993,1.0,0.0,0.0,0.0,0.0,0.0,0.0,0.0,7.0,7.0,1.2,1.92,0.0,0.0,0.0,0.0,0.0,0.0,0.0,0.0,7.0,7.0,1.9,1.8399999999999999,1.0,6.615,37.77,31.155,13.943000000000001,9.530800000000001,6.615,0.0,7.853,7.853,4.711799999999999,3.7694400000000003,7.853,0.0,0.0,0.0,0.0,0.0,0.0,194.0,229.0,35.0,207.2,15.839999999999998,194.0,-10.24656077027586,-0.5890355915278415,1,0.7603143750988588
Ca2CrVH6,1.0,24.0,23.0,9.3,9.959999999999999,1.0,7.0,92.0,85.0,66.1,31.080000000000002,92.0,1.00794,51.9961,50.98816,18.914124,21.487420800000002,1.00794,14.01,2183.0,2168.99,667.706,784.4352,14.01,1.0,6.0,5.0,2.1,1.36,1.0,1.0,4.0,3.0,2.2,1.44,1.0,31.0,176.0,145.0,83.0,62.4,31.0,1.0,2.2,1.2000000000000002,1.8490000000000002,0.4212000000000001,2.2,1.0,2.0,1.0,1.3,0.42000000000000004,1.0,0.0,0.0,0.0,0.0,0.0,0.0,0.0,5.0,5.0,0.8,1.28,0.0,0.0,0.0,0.0,0.0,0.0,0.0,1.0,6.0,5.0,2.1,1.36,1.0,0.0,1.0,1.0,0.7,0.42000000000000004,1.0,0.0,0.0,0.0,0.0,0.0,0.0,0.0,7.0,7.0,1.2,1.92,0.0,0.0,0.0,0.0,0.0,0.0,0.0,0.0,7.0,7.0,1.9,1.8399999999999999,1.0,6.615,37.77,31.155,13.943000000000001,9.530800000000001,6.615,0.0,7.853,7.853,4.711799999999999,3.7694400000000003,7.853,0.0,0.0,0.0,0.0,0.0,0.0,194.0,229.0,35.0,207.2,15.839999999999998,194.0,-10.24656077027586,-0.5890355915278416,1,0.7603143750988588
Na2CuScH6,1.0,29.0,28.0,7.8,8.16,1.0,2.0,92.0,90.0,63.1,34.86,92.0,1.00794,63.546,62.53806,16.052909055999997,18.0539628672,1.00794,14.01,1814.0,1799.99,399.757,474.4512,14.01,1.0,11.0,10.0,2.2,1.9200000000000004,1.0,1.0,4.0,3.0,2.0,1.2,1.0,31.0,170.0,139.0,82.0,61.2,31.0,0.93,2.2,1.27,1.832,0.45520000000000005,2.2,1.0,2.0,1.0,1.1,0.18000000000000008,1.0,0.0,0.0,0.0,0.0,0.0,0.0,0.0,10.0,10.0,1.1,1.78,0.0,0.0,0.0,0.0,0.0,0.0,0.0,1.0,11.0,10.0,2.2,1.9200000000000004,1.0,0.0,1.0,1.0,0.9,0.18,1.0,0.0,0.0,0.0,0.0,0.0,0.0,0.0,9.0,9.0,0.9,1.6200000000000003,0.0,0.0,0.0,0.0,0.0,0.0,0.0,1.0,9.0,8.0,1.8,1.4400000000000002,1.0,6.615,29.2433333333,22.6283333333,13.14816666666,8.255433333324,6.615,0.0,7.853,7.853,4.711799999999999,3.7694400000000003,7.853,0.0,6.35e-06,6.35e-06,6.350000000000001e-07,1.1430000000000001e-06,0.0,194.0,229.0,35.0,204.1,14.139999999999997,194.0,-9.820541186358417,-0.21444639484469438,1,0.7601876208349494
Na2ScCuH6,1.0,29.0,28.0,7.8,8.16,1.0,2.0,92.0,90.0,63.1,34.86,92.0,1.00794,63.546,62.53806,16.052909055999997,18.0539628672,1.00794,14.01,1814.0,1799.99,399.75699999999995,474.4512,14.01,1.0,11.0,10.0,2.2,1.9200000000000004,1.0,1.0,4.0,3.0,2.0,1.2,1.0,31.0,170.0,139.0,82.0,61.2,31.0,0.93,2.2,1.27,1.832,0.45519999999999994,2.2,1.0,2.0,1.0,1.1,0.18000000000000008,1.0,0.0,0.0,0.0,0.0,0.0,0.0,0.0,10.0,10.0,1.1,1.78,0.0,0.0,0.0,0.0,0.0,0.0,0.0,1.0,11.0,10.0,2.2,1.9200000000000004,1.0,0.0,1.0,1.0,0.9,0.18,1.0,0.0,0.0,0.0,0.0,0.0,0.0,0.0,9.0,9.0,0.9,1.6200000000000003,0.0,0.0,0.0,0.0,0.0,0.0,0.0,1.0,9.0,8.0,1.8,1.4400000000000002,1.0,6.615,29.2433333333,22.6283333333,13.14816666666,8.255433333324,6.615,0.0,7.853,7.853,4.711799999999999,3.7694400000000003,7.853,0.0,6.35e-06,6.35e-06,6.350000000000001e-07,1.1430000000000001e-06,0.0,194.0,229.0,35.0,204.1,14.139999999999997,194.0,-9.820541186358417,-0.21444639484469438,1,0.7601876208349494
Na2CrVH6,1.0,24.0,23.0,7.5,7.8,1.0,2.0,92.0,90.0,65.1,32.28,92.0,1.00794,51.9961,50.98816,15.496477855999998,17.3862454272,1.00794,14.01,2183.0,2168.99,518.88,665.048,14.01,1.0,6.0,5.0,1.9,1.44,1.0,1.0,4.0,3.0,2.0,1.2,1.0,31.0,166.0,135.0,81.0,60.0,31.0,0.93,2.2,1.27,1.8350000000000002,0.43800000000000006,2.2,1.0,2.0,1.0,1.1,0.18000000000000008,1.0,0.0,0.0,0.0,0.0,0.0,0.0,0.0,5.0,5.0,0.8,1.28,0.0,0.0,0.0,0.0,0.0,0.0,0.0,1.0,6.0,5.0,1.9,1.44,1.0,0.0,1.0,1.0,0.9,0.18,1.0,0.0,0.0,0.0,0.0,0.0,0.0,0.0,7.0,7.0,1.2,1.92,0.0,0.0,0.0,0.0,0.0,0.0,0.0,1.0,7.0,6.0,2.1,1.7600000000000002,1.0,6.615,29.2433333333,22.6283333333,12.237666666660001,6.956733333324,6.615,0.0,7.853,7.853,4.711799999999999,3.7694400000000003,7.853,0.0,0.0,0.0,0.0,0.0,0.0,194.0,229.0,35.0,208.0,16.8,194.0,-10.291002327126492,-0.900245994668393,1,0.7590201901301706
Na2VCrH6,1.0,24.0,23.0,7.5,7.8,1.0,2.0,92.0,90.0,65.1,32.28,92.0,1.00794,51.9961,50.98816,15.496477856000002,17.386245427200002,1.00794,14.01,2183.0,2168.99,518.88,665.048,14.01,1.0,6.0,5.0,1.9,1.44,1.0,1.0,4.0,3.0,2.0,1.2,1.0,31.0,166.0,135.0,81.0,60.0,31.0,0.93,2.2,1.27,1.8350000000000002,0.43800000000000006,2.2,1.0,2.0,1.0,1.1,0.18000000000000008,1.0,0.0,0.0,0.0,0.0,0.0,0.0,0.0,5.0,5.0,0.8,1.28,0.0,0.0,0.0,0.0,0.0,0.0,0.0,1.0,6.0,5.0,1.9,1.44,1.0,0.0,1.0,1.0,0.9,0.18,1.0,0.0,0.0,0.0,0.0,0.0,0.0,0.0,7.0,7.0,1.2,1.92,0.0,0.0,0.0,0.0,0.0,0.0,0.0,1.0,7.0,6.0,2.1,1.7600000000000002,1.0,6.615,29.2433333333,22.6283333333,12.237666666660001,6.956733333324,6.615,0.0,7.853,7.853,4.711799999999999,3.7694400000000003,7.853,0.0,0.0,0.0,0.0,0.0,0.0,194.0,229.0,35.0,208.0,16.8,194.0,-10.291002327126492,-0.9002459946683927,1,0.7590201901301706
Ca2AlMnH6,1.0,25.0,24.0,8.4,8.88,1.0,7.0,92.0,85.0,69.1,28.26,92.0,1.00794,54.938045,53.930105000000005,16.812322360000003,18.965258832,1.00794,14.01,1519.0,1504.99,476.6530000000001,555.1716,14.01,1.0,13.0,12.0,3.0,2.8,1.0,1.0,4.0,3.0,2.1,1.3199999999999998,1.0,31.0,176.0,145.0,79.8,58.55999999999999,31.0,1.0,2.2,1.2000000000000002,1.8359999999999999,0.43680000000000013,2.2,1.0,2.0,1.0,1.4,0.48,1.0,0.0,1.0,1.0,0.1,0.18000000000000002,0.0,0.0,5.0,5.0,0.5,0.9,0.0,0.0,0.0,0.0,0.0,0.0,0.0,1.0,7.0,6.0,2.0,1.2,1.0,0.0,1.0,1.0,0.6,0.4800000000000001,1.0,0.0,5.0,5.0,0.5,0.9,0.0,0.0,5.0,5.0,0.5,0.9,0.0,0.0,0.0,0.0,0.0,0.0,0.0,0.0,5.0,5.0,1.6,1.36,1.0,6.615,37.77,31.155,14.219758620690001,9.872144827586002,6.615,0.0,7.853,7.853,4.711799999999999,3.7694400000000003,7.853,0.0,0.000310120689655,0.000310120689655,3.10120689655e-05,5.58217241379e-05,0.0,194.0,225.0,31.0,205.6,13.919999999999998,194.0,-7.148523263124288,-2.1573433886147577,1,0.7578226214779289
Ca2MnAlH6,1.0,25.0,24.0,8.4,8.88,1.0,7.0,92.0,85.0,69.1,28.26,92.0,1.00794,54.938045,53.930105000000005,16.81232236,18.965258832,1.00794,14.01,1519.0,1504.99,476.6530000000001,555.1716,14.01,1.0,13.0,12.0,3.0,2.8,1.0,1.0,4.0,3.0,2.1,1.3199999999999998,1.0,31.0,176.0,145.0,79.8,58.55999999999999,31.0,1.0,2.2,1.2000000000000002,1.8359999999999999,0.43680000000000013,2.2,1.0,2.0,1.0,1.4,0.48,1.0,0.0,1.0,1.0,0.1,0.18000000000000002,0.0,0.0,5.0,5.0,0.5,0.9,0.0,0.0,0.0,0.0,0.0,0.0,0.0,1.0,7.0,6.0,2.0,1.2,1.0,0.0,1.0,1.0,0.6,0.4800000000000001,1.0,0.0,5.0,5.0,0.5,0.9,0.0,0.0,5.0,5.0,0.5,0.9,0.0,0.0,0.0,0.0,0.0,0.0,0.0,0.0,5.0,5.0,1.6,1.36,1.0,6.615,37.77,31.155,14.219758620690001,9.872144827586002,6.615,0.0,7.853,7.853,4.711799999999999,3.7694400000000003,7.853,0.0,0.000310120689655,0.000310120689655,3.10120689655e-05,5.58217241379e-05,0.0,194.0,225.0,31.0,205.6,13.919999999999998,194.0,-7.148523263124288,-2.1573433886147577,1,0.7578226214779289
Li2ZnCuH6,1.0,30.0,29.0,7.1,8.959999999999999,1.0,1.0,92.0,91.0,68.7,28.019999999999992,92.0,1.00794,65.38,64.37205999999999,14.885563999999999,19.8309744,1.00794,14.01,1357.77,1343.76,304.18899999999996,348.2148,14.01,1.0,12.0,11.0,3.1,3.3600000000000003,1.0,1.0,4.0,3.0,1.8,0.9600000000000002,1.0,31.0,132.0,101.0,69.6,46.32,31.0,0.98,2.2,1.2200000000000002,1.871,0.4006000000000001,2.2,1.0,2.0,1.0,1.1,0.18000000000000008,1.0,0.0,0.0,0.0,0.0,0.0,0.0,0.0,10.0,10.0,2.0,3.2,0.0,0.0,0.0,0.0,0.0,0.0,0.0,1.0,12.0,11.0,3.1,3.3600000000000003,1.0,0.0,1.0,1.0,0.9,0.18,1.0,0.0,0.0,0.0,0.0,0.0,0.0,0.0,0.0,0.0,0.0,0.0,0.0,0.0,0.0,0.0,0.0,0.0,0.0,0.0,1.0,1.0,0.9,0.18,1.0,6.615,16.5933333333,9.978333333299998,9.790666666659998,3.8107999999919997,6.615,0.0,7.853,7.853,4.711799999999999,3.7694400000000003,7.853,0.0,0.0,0.0,0.0,0.0,0.0,194.0,229.0,35.0,204.1,14.139999999999997,194.0,-8.030202179832084,-2.028947028313635,1,0.757736673463443
Li2CuZnH6,1.0,30.0,29.0,7.1,8.959999999999999,1.0,1.0,92.0,91.0,68.7,28.020000000000003,92.0,1.00794,65.38,64.37205999999999,14.885563999999999,19.8309744,1.00794,14.01,1357.77,1343.76,304.18899999999996,348.2148,14.01,1.0,12.0,11.0,3.1,3.3600000000000003,1.0,1.0,4.0,3.0,1.8,0.9600000000000002,1.0,31.0,132.0,101.0,69.6,46.32,31.0,0.98,2.2,1.2200000000000002,1.871,0.4006000000000001,2.2,1.0,2.0,1.0,1.1,0.18000000000000008,1.0,0.0,0.0,0.0,0.0,0.0,0.0,0.0,10.0,10.0,2.0,3.2,0.0,0.0,0.0,0.0,0.0,0.0,0.0,1.0,12.0,11.0,3.1,3.3600000000000003,1.0,0.0,1.0,1.0,0.9,0.18,1.0,0.0,0.0,0.0,0.0,0.0,0.0,0.0,0.0,0.0,0.0,0.0,0.0,0.0,0.0,0.0,0.0,0.0,0.0,0.0,1.0,1.0,0.9,0.18,1.0,6.615,16.5933333333,9.978333333299998,9.790666666659998,3.8107999999919997,6.615,0.0,7.853,7.853,4.711799999999999,3.7694400000000003,7.853,0.0,0.0,0.0,0.0,0.0,0.0,194.0,229.0,35.0,204.1,14.139999999999997,194.0,-8.030202179832084,-2.028947028313635,1,0.757736673463443
Rb2ZnAlH6,1.0,37.0,36.0,12.3,13.560000000000002,1.0,4.0,92.0,88.0,70.2,26.720000000000006,92.0,1.00794,85.4678,84.45985999999999,26.934477859999998,31.111845431999996,1.00794,14.01,933.47,919.46,233.51299999999998,263.4036,14.01,1.0,13.0,12.0,3.3,3.6799999999999997,1.0,1.0,5.0,4.0,2.3,1.56,1.0,31.0,220.0,189.0,86.9,67.08,31.0,0.82,2.2,1.3800000000000003,1.81,0.46800000000000014,2.2,1.0,2.0,1.0,1.2,0.31999999999999995,1.0,0.0,1.0,1.0,0.1,0.18000000000000002,0.0,0.0,10.0,10.0,1.0,1.8,0.0,0.0,0.0,0.0,0.0,0.0,0.0,1.0,12.0,11.0,2.3,2.0799999999999996,1.0,0.0,1.0,1.0,0.8,0.31999999999999995,1.0,0.0,5.0,5.0,0.5,0.9,0.0,0.0,0.0,0.0,0.0,0.0,0.0,0.0,0.0,0.0,0.0,0.0,0.0,0.0,5.0,5.0,1.3,0.74,1.0,6.615,90.7225,84.1075,25.1575,26.226,6.615,0.0,7.853,7.853,4.711799999999999,3.7694400000000003,7.853,0.0,0.0,0.0,0.0,0.0,0.0,194.0,229.0,35.0,204.1,14.139999999999997,194.0,-8.305111715699175,0.5907208682707191,1,0.7559808511403796
Rb2AlZnH6,1.0,37.0,36.0,12.3,13.560000000000002,1.0,4.0,92.0,88.0,70.2,26.71999999999999,92.0,1.00794,85.4678,84.45985999999999,26.934477859999998,31.111845431999996,1.00794,14.01,933.47,919.46,233.51299999999998,263.4036,14.01,1.0,13.0,12.0,3.3,3.6799999999999997,1.0,1.0,5.0,4.0,2.3,1.56,1.0,31.0,220.0,189.0,86.9,67.08,31.0,0.82,2.2,1.3800000000000003,1.81,0.46800000000000014,2.2,1.0,2.0,1.0,1.2,0.31999999999999995,1.0,0.0,1.0,1.0,0.1,0.18000000000000002,0.0,0.0,10.0,10.0,1.0,1.8,0.0,0.0,0.0,0.0,0.0,0.0,0.0,1.0,12.0,11.0,2.3,2.0799999999999996,1.0,0.0,1.0,1.0,0.8,0.31999999999999995,1.0,0.0,5.0,5.0,0.5,0.9,0.0,0.0,0.0,0.0,0.0,0.0,0.0,0.0,0.0,0.0,0.0,0.0,0.0,0.0,5.0,5.0,1.3,0.74,1.0,6.615,90.7225,84.1075,25.1575,26.226,6.615,0.0,7.853,7.853,4.711799999999999,3.7694400000000003,7.853,0.0,0.0,0.0,0.0,0.0,0.0,194.0,229.0,35.0,204.1,14.139999999999997,194.0,-8.305111715699175,0.590720868270719,1,0.7559808511403796
K2AlCrH6,1.0,24.0,23.0,8.1,8.52,1.0,3.0,92.0,89.0,68.0,29.8,92.0,1.00794,51.9961,50.98816,16.322187860000003,18.377097432000003,1.00794,14.01,2180.0,2165.99,387.05899999999997,467.87039999999996,14.01,1.0,13.0,12.0,2.7,2.72,1.0,1.0,4.0,3.0,2.1,1.3199999999999998,1.0,31.0,203.0,172.0,85.2,65.04,31.0,0.82,2.2,1.3800000000000003,1.811,0.4668000000000001,2.2,1.0,2.0,1.0,1.1,0.18000000000000008,1.0,0.0,1.0,1.0,0.1,0.18000000000000002,0.0,0.0,5.0,5.0,0.5,0.9,0.0,0.0,0.0,0.0,0.0,0.0,0.0,1.0,6.0,5.0,1.7,1.1199999999999999,1.0,0.0,1.0,1.0,0.9,0.18,1.0,0.0,5.0,5.0,0.5,0.9,0.0,0.0,5.0,5.0,0.5,0.9,0.0,0.0,0.0,0.0,0.0,0.0,0.0,1.0,6.0,5.0,1.9,1.44,1.0,6.615,73.1066666667,66.4916666667,21.357333333339998,20.699733333344,6.615,0.0,7.853,7.853,4.711799999999999,3.7694400000000003,7.853,0.0,0.0,0.0,0.0,0.0,0.0,194.0,229.0,35.0,207.6,16.32,194.0,-8.323995620719286,-1.0776841018473746,1,0.7559768138146764
K2CrAlH6,1.0,24.0,23.0,8.1,8.52,1.0,3.0,92.0,89.0,68.0,29.8,92.0,1.00794,51.9961,50.98816,16.32218786,18.377097432,1.00794,14.01,2180.0,2165.99,387.05899999999997,467.87039999999996,14.01,1.0,13.0,12.0,2.7,2.72,1.0,1.0,4.0,3.0,2.1,1.3199999999999998,1.0,31.0,203.0,172.0,85.2,65.04,31.0,0.82,2.2,1.3800000000000003,1.811,0.4668000000000001,2.2,1.0,2.0,1.0,1.1,0.18000000000000008,1.0,0.0,1.0,1.0,0.1,0.18000000000000002,0.0,0.0,5.0,5.0,0.5,0.9,0.0,0.0,0.0,0.0,0.0,0.0,0.0,1.0,6.0,5.0,1.7,1.1199999999999999,1.0,0.0,1.0,1.0,0.9,0.18,1.0,0.0,5.0,5.0,0.5,0.9,0.0,0.0,5.0,5.0,0.5,0.9,0.0,0.0,0.0,0.0,0.0,0.0,0.0,1.0,6.0,5.0,1.9,1.44,1.0,6.615,73.1066666667,66.4916666667,21.357333333339998,20.699733333344,6.615,0.0,7.853,7.853,4.711799999999999,3.7694400000000003,7.853,0.0,0.0,0.0,0.0,0.0,0.0,194.0,229.0,35.0,207.6,16.32,194.0,-8.323995620719286,-1.0776841018473748,1,0.7559768138146764
Na2CoCuH6,1.0,29.0,28.0,8.4,8.88,1.0,2.0,92.0,90.0,67.8,29.04,92.0,1.00794,63.546,62.53806,17.450637355999998,19.7312368272,1.00794,14.01,1768.0,1753.99,395.157,467.0912,14.01,1.0,11.0,10.0,2.8,2.88,1.0,1.0,4.0,3.0,2.0,1.2,1.0,31.0,166.0,135.0,77.6,55.92,31.0,0.93,2.2,1.27,1.8840000000000003,0.38239999999999996,2.2,1.0,2.0,1.0,1.1,0.18000000000000008,1.0,0.0,0.0,0.0,0.0,0.0,0.0,0.0,10.0,10.0,1.7,2.7199999999999998,0.0,0.0,0.0,0.0,0.0,0.0,0.0,1.0,11.0,10.0,2.8,2.88,1.0,0.0,1.0,1.0,0.9,0.18,1.0,0.0,0.0,0.0,0.0,0.0,0.0,0.0,3.0,3.0,0.3,0.54,0.0,0.0,0.0,0.0,0.0,0.0,0.0,1.0,3.0,2.0,1.2,0.36,1.0,6.615,29.2433333333,22.6283333333,11.94916666666,6.917666666656001,6.615,0.0,7.853,7.853,4.711799999999999,3.7694400000000003,7.853,0.0,1.5484712,1.5484712,0.15484712,0.278724816,0.0,194.0,229.0,35.0,204.1,14.139999999999997,194.0,-9.152993986884573,-0.9211343983421985,1,0.7546079111727967
Na2CuCoH6,1.0,29.0,28.0,8.4,8.88,1.0,2.0,92.0,90.0,67.8,29.04,92.0,1.00794,63.546,62.53806,17.450637355999998,19.7312368272,1.00794,14.01,1768.0,1753.99,395.15700000000004,467.0912,14.01,1.0,11.0,10.0,2.8,2.88,1.0,1.0,4.0,3.0,2.0,1.2,1.0,31.0,166.0,135.0,77.6,55.92,31.0,0.93,2.2,1.27,1.884,0.3824000000000002,2.2,1.0,2.0,1.0,1.1,0.18000000000000008,1.0,0.0,0.0,0.0,0.0,0.0,0.0,0.0,10.0,10.0,1.7,2.7199999999999998,0.0,0.0,0.0,0.0,0.0,0.0,0.0,1.0,11.0,10.0,2.8,2.88,1.0,0.0,1.0,1.0,0.9,0.18,1.0,0.0,0.0,0.0,0.0,0.0,0.0,0.0,3.0,3.0,0.3,0.54,0.0,0.0,0.0,0.0,0.0,0.0,0.0,1.0,3.0,2.0,1.2,0.36,1.0,6.615,29.2433333333,22.6283333333,11.94916666666,6.917666666656001,6.615,0.0,7.853,7.853,4.711799999999999,3.7694400000000003,7.853,0.0,1.5484712,1.5484712,0.15484712,0.278724816,0.0,194.0,229.0,35.0,204.1,14.139999999999997,194.0,-9.152993986884573,-0.9211343983421985,1,0.7546079111727967
Cs2VCrH6,1.0,55.0,54.0,16.3,18.360000000000003,1.0,5.0,92.0,87.0,65.7,31.560000000000002,92.0,1.00794,132.9054519,131.8975119,37.47961438,43.766009256000004,1.00794,14.01,2183.0,2168.99,505.02400000000006,670.5904,14.01,1.0,6.0,5.0,1.9,1.44,1.0,1.0,6.0,5.0,2.6,1.9200000000000004,1.0,31.0,244.0,213.0,96.6,78.72,31.0,0.79,2.2,1.4100000000000001,1.807,0.47160000000000013,2.2,1.0,2.0,1.0,1.1,0.18000000000000008,1.0,0.0,0.0,0.0,0.0,0.0,0.0,0.0,5.0,5.0,0.8,1.28,0.0,0.0,0.0,0.0,0.0,0.0,0.0,1.0,6.0,5.0,1.9,1.44,1.0,0.0,1.0,1.0,0.9,0.18,1.0,0.0,0.0,0.0,0.0,0.0,0.0,0.0,7.0,7.0,1.2,1.92,0.0,0.0,0.0,0.0,0.0,0.0,0.0,1.0,7.0,6.0,2.1,1.7600000000000002,1.0,6.615,115.765,109.15,29.541999999999994,34.4892,6.615,0.0,7.853,7.853,4.711799999999999,3.7694400000000003,7.853,0.0,0.0,0.0,0.0,0.0,0.0,194.0,229.0,35.0,208.0,16.8,194.0,-12.813579168500727,4.321366407696696,1,0.7539103877785852
Cs2CrVH6,1.0,55.0,54.0,16.3,18.360000000000003,1.0,5.0,92.0,87.0,65.7,31.560000000000002,92.0,1.00794,132.9054519,131.8975119,37.47961438,43.766009256000004,1.00794,14.01,2183.0,2168.99,505.02400000000006,670.5904,14.01,1.0,6.0,5.0,1.9,1.44,1.0,1.0,6.0,5.0,2.6,1.9200000000000004,1.0,31.0,244.0,213.0,96.6,78.72,31.0,0.79,2.2,1.4100000000000001,1.807,0.47160000000000013,2.2,1.0,2.0,1.0,1.1,0.18000000000000008,1.0,0.0,0.0,0.0,0.0,0.0,0.0,0.0,5.0,5.0,0.8,1.28,0.0,0.0,0.0,0.0,0.0,0.0,0.0,1.0,6.0,5.0,1.9,1.44,1.0,0.0,1.0,1.0,0.9,0.18,1.0,0.0,0.0,0.0,0.0,0.0,0.0,0.0,7.0,7.0,1.2,1.92,0.0,0.0,0.0,0.0,0.0,0.0,0.0,1.0,7.0,6.0,2.1,1.7600000000000002,1.0,6.615,115.765,109.15,29.541999999999994,34.4892,6.615,0.0,7.853,7.853,4.711799999999999,3.7694400000000003,7.853,0.0,0.0,0.0,0.0,0.0,0.0,194.0,229.0,35.0,208.0,16.8,194.0,-12.813579168500727,4.321366407696696,1,0.7539103877785852
Ca2AlCrH6,1.0,24.0,23.0,8.3,8.76,1.0,7.0,92.0,85.0,68.8,28.68,92.0,1.00794,51.9961,50.98816,16.51812786,18.612225432000002,1.00794,14.01,2180.0,2165.99,542.753,634.4916000000001,14.01,1.0,13.0,12.0,2.9,2.6399999999999997,1.0,1.0,4.0,3.0,2.1,1.3199999999999998,1.0,31.0,176.0,145.0,79.8,58.55999999999999,31.0,1.0,2.2,1.2000000000000002,1.8470000000000002,0.4236000000000001,2.2,1.0,2.0,1.0,1.3,0.41999999999999993,1.0,0.0,1.0,1.0,0.1,0.18000000000000002,0.0,0.0,5.0,5.0,0.5,0.9,0.0,0.0,0.0,0.0,0.0,0.0,0.0,1.0,6.0,5.0,1.9,1.08,1.0,0.0,1.0,1.0,0.7,0.41999999999999993,1.0,0.0,5.0,5.0,0.5,0.9,0.0,0.0,5.0,5.0,0.5,0.9,0.0,0.0,0.0,0.0,0.0,0.0,0.0,0.0,6.0,6.0,1.7,1.52,1.0,6.615,37.77,31.155,14.290000000000001,9.830000000000002,6.615,0.0,7.853,7.853,4.711799999999999,3.7694400000000003,7.853,0.0,0.0,0.0,0.0,0.0,0.0,194.0,229.0,35.0,206.8,15.360000000000003,194.0,-7.41171571423111,-2.1881549418837465,1,0.753887496732876
Ca2CrAlH6,1.0,24.0,23.0,8.3,8.76,1.0,7.0,92.0,85.0,68.8,28.679999999999996,92.0,1.00794,51.9961,50.98816,16.51812786,18.612225432000002,1.00794,14.01,2180.0,2165.99,542.753,634.4916000000001,14.01,1.0,13.0,12.0,2.9,2.6399999999999997,1.0,1.0,4.0,3.0,2.1,1.3199999999999998,1.0,31.0,176.0,145.0,79.8,58.55999999999999,31.0,1.0,2.2,1.2000000000000002,1.8470000000000002,0.4236000000000001,2.2,1.0,2.0,1.0,1.3,0.42000000000000004,1.0,0.0,1.0,1.0,0.1,0.18000000000000002,0.0,0.0,5.0,5.0,0.5,0.9,0.0,0.0,0.0,0.0,0.0,0.0,0.0,1.0,6.0,5.0,1.9,1.08,1.0,0.0,1.0,1.0,0.7,0.42000000000000004,1.0,0.0,5.0,5.0,0.5,0.9,0.0,0.0,5.0,5.0,0.5,0.9,0.0,0.0,0.0,0.0,0.0,0.0,0.0,0.0,6.0,6.0,1.7,1.52,1.0,6.615,37.77,31.155,14.290000000000001,9.830000000000002,6.615,0.0,7.853,7.853,4.711799999999999,3.7694400000000003,7.853,0.0,0.0,0.0,0.0,0.0,0.0,194.0,229.0,35.0,206.8,15.360000000000003,194.0,-7.41171571423111,-2.1881549418837465,1,0.753887496732876
Na2CuVH6,1.0,29.0,28.0,8.0,8.4,1.0,2.0,92.0,90.0,66.6,30.48,92.0,1.00794,63.546,62.53806,16.651467856,18.7722334272,1.00794,14.01,2183.0,2168.99,436.65700000000004,533.4912,14.01,1.0,11.0,10.0,2.4,2.2399999999999998,1.0,1.0,4.0,3.0,2.0,1.2,1.0,31.0,166.0,135.0,80.3,59.15999999999999,31.0,0.93,2.2,1.27,1.859,0.4174000000000001,2.2,1.0,2.0,1.0,1.1,0.18000000000000008,1.0,0.0,0.0,0.0,0.0,0.0,0.0,0.0,10.0,10.0,1.3,2.0799999999999996,0.0,0.0,0.0,0.0,0.0,0.0,0.0,1.0,11.0,10.0,2.4,2.2399999999999998,1.0,0.0,1.0,1.0,0.9,0.18,1.0,0.0,0.0,0.0,0.0,0.0,0.0,0.0,7.0,7.0,0.7,1.2599999999999998,0.0,0.0,0.0,0.0,0.0,0.0,0.0,1.0,7.0,6.0,1.6,1.08,1.0,6.615,29.2433333333,22.6283333333,12.22566666666,6.963933333324,6.615,0.0,7.853,7.853,4.711799999999999,3.7694400000000003,7.853,0.0,0.0,0.0,0.0,0.0,0.0,194.0,229.0,35.0,207.6,16.32,194.0,-9.446614731796684,-0.6263837406015293,1,0.7529936880072137
Na2VCuH6,1.0,29.0,28.0,8.0,8.4,1.0,2.0,92.0,90.0,66.6,30.48,92.0,1.00794,63.546,62.53806,16.651467856,18.7722334272,1.00794,14.01,2183.0,2168.99,436.65700000000004,533.4912,14.01,1.0,11.0,10.0,2.4,2.2399999999999998,1.0,1.0,4.0,3.0,2.0,1.2,1.0,31.0,166.0,135.0,80.3,59.15999999999999,31.0,0.93,2.2,1.27,1.8590000000000004,0.41739999999999994,2.2,1.0,2.0,1.0,1.1,0.18000000000000008,1.0,0.0,0.0,0.0,0.0,0.0,0.0,0.0,10.0,10.0,1.3,2.08,0.0,0.0,0.0,0.0,0.0,0.0,0.0,1.0,11.0,10.0,2.4,2.2399999999999998,1.0,0.0,1.0,1.0,0.9,0.18,1.0,0.0,0.0,0.0,0.0,0.0,0.0,0.0,7.0,7.0,0.7,1.2599999999999998,0.0,0.0,0.0,0.0,0.0,0.0,0.0,1.0,7.0,6.0,1.6,1.08,1.0,6.615,29.2433333333,22.6283333333,12.22566666666,6.963933333324,6.615,0.0,7.853,7.853,4.711799999999999,3.7694400000000003,7.853,0.0,0.0,0.0,0.0,0.0,0.0,194.0,229.0,35.0,207.6,16.32,194.0,-9.446614731796684,-0.6263837406015295,1,0.7529936880072137
Ca2ZnScH6,1.0,30.0,29.0,9.7,10.440000000000001,1.0,7.0,92.0,85.0,64.6,33.760000000000005,92.0,1.00794,65.38,64.37205999999999,19.653955200000002,22.37521824,1.00794,14.01,1814.0,1799.99,482.07400000000007,561.6768,14.01,1.0,12.0,11.0,2.5,2.0,1.0,1.0,4.0,3.0,2.2,1.44,1.0,31.0,176.0,145.0,83.0,62.4,31.0,1.0,2.2,1.2000000000000002,1.8210000000000002,0.4548000000000001,2.2,1.0,2.0,1.0,1.4,0.48,1.0,0.0,0.0,0.0,0.0,0.0,0.0,0.0,10.0,10.0,1.1,1.78,0.0,0.0,0.0,0.0,0.0,0.0,0.0,1.0,12.0,11.0,2.5,2.0,1.0,0.0,1.0,1.0,0.6,0.4800000000000001,1.0,0.0,0.0,0.0,0.0,0.0,0.0,0.0,9.0,9.0,0.9,1.6200000000000003,0.0,0.0,0.0,0.0,0.0,0.0,0.0,0.0,9.0,9.0,1.5,1.5,1.0,6.615,37.77,31.155,15.142500000000002,10.4695,6.615,0.0,7.853,7.853,4.711799999999999,3.7694400000000003,7.853,0.0,6.35e-06,6.35e-06,6.350000000000001e-07,1.1430000000000001e-06,0.0,194.0,225.0,31.0,200.2,9.919999999999993,194.0,-9.42205692599819,0.0718428497886969,1,0.7529598586705434
Ca2ScZnH6,1.0,30.0,29.0,9.7,10.440000000000001,1.0,7.0,92.0,85.0,64.6,33.760000000000005,92.0,1.00794,65.38,64.37205999999999,19.653955200000002,22.37521824,1.00794,14.01,1814.0,1799.99,482.07400000000007,561.6768,14.01,1.0,12.0,11.0,2.5,2.0,1.0,1.0,4.0,3.0,2.2,1.44,1.0,31.0,176.0,145.0,83.0,62.4,31.0,1.0,2.2,1.2000000000000002,1.8210000000000002,0.4548000000000001,2.2,1.0,2.0,1.0,1.4,0.48,1.0,0.0,0.0,0.0,0.0,0.0,0.0,0.0,10.0,10.0,1.1,1.78,0.0,0.0,0.0,0.0,0.0,0.0,0.0,1.0,12.0,11.0,2.5,2.0,1.0,0.0,1.0,1.0,0.6,0.4800000000000001,1.0,0.0,0.0,0.0,0.0,0.0,0.0,0.0,9.0,9.0,0.9,1.6200000000000003,0.0,0.0,0.0,0.0,0.0,0.0,0.0,0.0,9.0,9.0,1.5,1.5,1.0,6.615,37.77,31.155,15.142500000000002,10.4695,6.615,0.0,7.853,7.853,4.711799999999999,3.7694400000000003,7.853,0.0,6.35e-06,6.35e-06,6.350000000000001e-07,1.1430000000000001e-06,0.0,194.0,225.0,31.0,200.2,9.919999999999993,194.0,-9.42205692599819,0.0718428497886969,1,0.7529598586705434
Na2AlCrH6,1.0,24.0,23.0,6.5,6.6,1.0,2.0,92.0,90.0,67.8,30.080000000000005,92.0,1.00794,51.9961,50.98816,13.100481715999999,14.511050059199999,1.00794,14.01,2180.0,2165.99,393.927,465.1232,14.01,1.0,13.0,12.0,2.7,2.72,1.0,1.0,4.0,3.0,1.9,1.08,1.0,31.0,166.0,135.0,77.8,56.15999999999999,31.0,0.93,2.2,1.27,1.8330000000000002,0.44040000000000007,2.2,1.0,2.0,1.0,1.1,0.18000000000000008,1.0,0.0,1.0,1.0,0.1,0.18000000000000002,0.0,0.0,5.0,5.0,0.5,0.9,0.0,0.0,0.0,0.0,0.0,0.0,0.0,1.0,6.0,5.0,1.7,1.1199999999999999,1.0,0.0,1.0,1.0,0.9,0.18,1.0,0.0,5.0,5.0,0.5,0.9,0.0,0.0,5.0,5.0,0.5,0.9,0.0,0.0,0.0,0.0,0.0,0.0,0.0,1.0,6.0,5.0,1.9,1.44,1.0,6.615,29.2433333333,22.6283333333,12.58466666666,7.4425333333240005,6.615,0.0,7.853,7.853,4.711799999999999,3.7694400000000003,7.853,0.0,0.0,0.0,0.0,0.0,0.0,194.0,229.0,35.0,207.6,16.32,194.0,-7.457629108023626,-2.4943819886843746,1,0.7529274463827375
Na2CrAlH6,1.0,24.0,23.0,6.5,6.6,1.0,2.0,92.0,90.0,67.8,30.079999999999995,92.0,1.00794,51.9961,50.98816,13.100481715999999,14.511050059199999,1.00794,14.01,2180.0,2165.99,393.927,465.1232,14.01,1.0,13.0,12.0,2.7,2.72,1.0,1.0,4.0,3.0,1.9,1.08,1.0,31.0,166.0,135.0,77.8,56.15999999999999,31.0,0.93,2.2,1.27,1.8330000000000002,0.44040000000000007,2.2,1.0,2.0,1.0,1.1,0.18000000000000008,1.0,0.0,1.0,1.0,0.1,0.18000000000000002,0.0,0.0,5.0,5.0,0.5,0.9,0.0,0.0,0.0,0.0,0.0,0.0,0.0,1.0,6.0,5.0,1.7,1.1199999999999999,1.0,0.0,1.0,1.0,0.9,0.18,1.0,0.0,5.0,5.0,0.5,0.9,0.0,0.0,5.0,5.0,0.5,0.9,0.0,0.0,0.0,0.0,0.0,0.0,0.0,1.0,6.0,5.0,1.9,1.44,1.0,6.615,29.2433333333,22.6283333333,12.58466666666,7.4425333333240005,6.615,0.0,7.853,7.853,4.711799999999999,3.7694400000000003,7.853,0.0,0.0,0.0,0.0,0.0,0.0,194.0,229.0,35.0,207.6,16.32,194.0,-7.457629108023626,-2.4943819886843746,1,0.7529274463827375
Ca2AlScH6,1.0,21.0,20.0,8.0,8.4,1.0,7.0,92.0,85.0,65.0,34.0,92.0,1.00794,44.955912,43.947972,15.814109059999998,17.767402871999998,1.00794,14.01,1814.0,1799.99,506.1530000000001,590.5716,14.01,1.0,13.0,12.0,2.6,2.16,1.0,1.0,4.0,3.0,2.1,1.3199999999999998,1.0,31.0,176.0,145.0,82.9,62.279999999999994,31.0,1.0,2.2,1.2000000000000002,1.8170000000000002,0.4596,2.2,1.0,2.0,1.0,1.4,0.48,1.0,0.0,1.0,1.0,0.1,0.18000000000000002,0.0,0.0,1.0,1.0,0.1,0.18000000000000002,0.0,0.0,0.0,0.0,0.0,0.0,0.0,1.0,3.0,2.0,1.6,0.72,1.0,0.0,1.0,1.0,0.6,0.4800000000000001,1.0,0.0,5.0,5.0,0.5,0.9,0.0,0.0,9.0,9.0,0.9,1.6200000000000003,0.0,0.0,0.0,0.0,0.0,0.0,0.0,0.0,9.0,9.0,2.0,2.0,1.0,6.615,37.77,31.155,15.394499999999999,10.5354,6.615,0.0,7.853,7.853,4.711799999999999,3.7694400000000003,7.853,0.0,6.35e-06,6.35e-06,6.350000000000001e-07,1.1430000000000001e-06,0.0,194.0,225.0,31.0,203.3,13.020000000000005,194.0,-7.751307968778005,-1.9327063701649432,1,0.7527425823730758
Ca2ScAlH6,1.0,21.0,20.0,8.0,8.4,1.0,7.0,92.0,85.0,65.0,34.0,92.0,1.00794,44.955912,43.947972,15.814109060000002,17.767402872,1.00794,14.01,1814.0,1799.99,506.1530000000001,590.5716,14.01,1.0,13.0,12.0,2.6,2.16,1.0,1.0,4.0,3.0,2.1,1.3199999999999998,1.0,31.0,176.0,145.0,82.9,62.279999999999994,31.0,1.0,2.2,1.2000000000000002,1.8170000000000002,0.4596,2.2,1.0,2.0,1.0,1.4,0.48,1.0,0.0,1.0,1.0,0.1,0.18000000000000002,0.0,0.0,1.0,1.0,0.1,0.18000000000000002,0.0,0.0,0.0,0.0,0.0,0.0,0.0,1.0,3.0,2.0,1.6,0.72,1.0,0.0,1.0,1.0,0.6,0.4800000000000001,1.0,0.0,5.0,5.0,0.5,0.9,0.0,0.0,9.0,9.0,0.9,1.6200000000000003,0.0,0.0,0.0,0.0,0.0,0.0,0.0,0.0,9.0,9.0,2.0,2.0,1.0,6.615,37.77,31.155,15.394499999999999,10.5354,6.615,0.0,7.853,7.853,4.711799999999999,3.7694400000000003,7.853,0.0,6.35e-06,6.35e-06,6.350000000000001e-07,1.1430000000000001e-06,0.0,194.0,225.0,31.0,203.3,13.020000000000005,194.0,-7.751307968778005,-1.932706370164943,1,0.7527425823730758
Mg2MnNiH6,1.0,28.0,27.0,8.3,8.76,1.0,52.0,92.0,40.0,80.1,14.280000000000001,92.0,1.00794,58.6934,57.68546,16.8289085,18.9851622,1.00794,14.01,1728.0,1713.99,517.706,604.4352000000001,14.01,1.0,10.0,9.0,2.7,2.3200000000000003,1.0,1.0,4.0,3.0,2.0,1.2,1.0,31.0,141.0,110.0,73.1,50.519999999999996,31.0,1.31,2.2,0.8900000000000001,1.9280000000000002,0.3264000000000001,2.2,1.0,2.0,1.0,1.4,0.48,1.0,0.0,0.0,0.0,0.0,0.0,0.0,0.0,8.0,8.0,1.3,2.08,0.0,0.0,0.0,0.0,0.0,0.0,0.0,1.0,10.0,9.0,2.7,2.3200000000000003,1.0,0.0,1.0,1.0,0.6,0.4800000000000001,1.0,0.0,0.0,0.0,0.0,0.0,0.0,0.0,5.0,5.0,0.7,1.1199999999999999,0.0,0.0,0.0,0.0,0.0,0.0,0.0,0.0,5.0,5.0,1.3,0.8800000000000001,1.0,6.615,22.89,16.275,10.627758620689999,4.904896551723999,6.615,0.0,7.853,7.853,4.711799999999999,3.7694400000000003,7.853,0.0,0.5953947,0.5953947,0.0595704820689655,0.1071648435862069,0.0,194.0,225.0,31.0,199.4,8.640000000000004,194.0,-8.156463095527794,-2.2093295719716566,1,0.7514500259490272
Mg2NiMnH6,1.0,28.0,27.0,8.3,8.76,1.0,52.0,92.0,40.0,80.1,14.280000000000001,92.0,1.00794,58.6934,57.68546,16.8289085,18.9851622,1.00794,14.01,1728.0,1713.99,517.706,604.4352000000001,14.01,1.0,10.0,9.0,2.7,2.3200000000000003,1.0,1.0,4.0,3.0,2.0,1.2,1.0,31.0,141.0,110.0,73.1,50.519999999999996,31.0,1.31,2.2,0.8900000000000001,1.9280000000000002,0.3264000000000001,2.2,1.0,2.0,1.0,1.4,0.48,1.0,0.0,0.0,0.0,0.0,0.0,0.0,0.0,8.0,8.0,1.3,2.08,0.0,0.0,0.0,0.0,0.0,0.0,0.0,1.0,10.0,9.0,2.7,2.3200000000000003,1.0,0.0,1.0,1.0,0.6,0.4800000000000001,1.0,0.0,0.0,0.0,0.0,0.0,0.0,0.0,5.0,5.0,0.7,1.1199999999999999,0.0,0.0,0.0,0.0,0.0,0.0,0.0,0.0,5.0,5.0,1.3,0.8800000000000001,1.0,6.615,22.89,16.275,10.627758620689999,4.904896551723999,6.615,0.0,7.853,7.853,4.711799999999999,3.7694400000000003,7.853,0.0,0.5953947,0.5953947,0.0595704820689655,0.10716484358620688,0.0,194.0,225.0,31.0,199.4,8.640000000000004,194.0,-8.156463095527794,-2.2093295719716566,1,0.7514500259490272
Ca2ZnVH6,1.0,30.0,29.0,9.9,10.680000000000001,1.0,7.0,92.0,85.0,68.1,28.860000000000003,92.0,1.00794,65.38,64.37205999999999,20.252513999999998,23.093488799999996,1.00794,14.01,2183.0,2168.99,518.974,605.9568,14.01,1.0,12.0,11.0,2.7,2.3200000000000003,1.0,1.0,4.0,3.0,2.2,1.44,1.0,31.0,176.0,145.0,81.3,60.35999999999999,31.0,1.0,2.2,1.2000000000000002,1.848,0.4224000000000001,2.2,1.0,2.0,1.0,1.4,0.48,1.0,0.0,0.0,0.0,0.0,0.0,0.0,0.0,10.0,10.0,1.3,2.0799999999999996,0.0,0.0,0.0,0.0,0.0,0.0,0.0,1.0,12.0,11.0,2.7,2.3200000000000003,1.0,0.0,1.0,1.0,0.6,0.4800000000000001,1.0,0.0,0.0,0.0,0.0,0.0,0.0,0.0,7.0,7.0,0.7,1.2599999999999998,0.0,0.0,0.0,0.0,0.0,0.0,0.0,0.0,7.0,7.0,1.3,1.1400000000000001,1.0,6.615,37.77,31.155,14.219999999999999,9.42,6.615,0.0,7.853,7.853,4.711799999999999,3.7694400000000003,7.853,0.0,0.0,0.0,0.0,0.0,0.0,194.0,229.0,35.0,203.7,13.579999999999995,194.0,-9.042853989280525,-0.2946436231795989,1,0.7511995193280195
Ca2VZnH6,1.0,30.0,29.0,9.9,10.680000000000001,1.0,7.0,92.0,85.0,68.1,28.860000000000003,92.0,1.00794,65.38,64.37205999999999,20.252513999999998,23.093488799999996,1.00794,14.01,2183.0,2168.99,518.974,605.9568,14.01,1.0,12.0,11.0,2.7,2.3200000000000003,1.0,1.0,4.0,3.0,2.2,1.44,1.0,31.0,176.0,145.0,81.3,60.35999999999999,31.0,1.0,2.2,1.2000000000000002,1.848,0.4224000000000001,2.2,1.0,2.0,1.0,1.4,0.48,1.0,0.0,0.0,0.0,0.0,0.0,0.0,0.0,10.0,10.0,1.3,2.08,0.0,0.0,0.0,0.0,0.0,0.0,0.0,1.0,12.0,11.0,2.7,2.3200000000000003,1.0,0.0,1.0,1.0,0.6,0.4800000000000001,1.0,0.0,0.0,0.0,0.0,0.0,0.0,0.0,7.0,7.0,0.7,1.2599999999999998,0.0,0.0,0.0,0.0,0.0,0.0,0.0,0.0,7.0,7.0,1.3,1.1400000000000001,1.0,6.615,37.77,31.155,14.220000000000002,9.420000000000002,6.615,0.0,7.853,7.853,4.711799999999999,3.7694400000000003,7.853,0.0,0.0,0.0,0.0,0.0,0.0,194.0,229.0,35.0,203.7,13.579999999999995,194.0,-9.042853989280525,-0.2946436231795988,1,0.7511995193280195
Rb2CuAlH6,1.0,37.0,36.0,12.2,13.439999999999998,1.0,4.0,92.0,88.0,69.7,27.420000000000005,92.0,1.00794,85.4678,84.45985999999999,26.75107786,30.891765432,1.00794,14.01,1357.77,1343.76,300.022,343.2144,14.01,1.0,13.0,12.0,3.2,3.5200000000000005,1.0,1.0,5.0,4.0,2.3,1.56,1.0,31.0,220.0,189.0,87.9,68.28,31.0,0.82,2.2,1.3800000000000003,1.8350000000000002,0.45099999999999996,2.2,1.0,2.0,1.0,1.1,0.18000000000000008,1.0,0.0,1.0,1.0,0.1,0.18000000000000002,0.0,0.0,10.0,10.0,1.0,1.8,0.0,0.0,0.0,0.0,0.0,0.0,0.0,1.0,11.0,10.0,2.2,1.9200000000000004,1.0,0.0,1.0,1.0,0.9,0.18,1.0,0.0,5.0,5.0,0.5,0.9,0.0,0.0,0.0,0.0,0.0,0.0,0.0,0.0,0.0,0.0,0.0,0.0,0.0,1.0,5.0,4.0,1.4,0.72,1.0,6.615,90.7225,84.1075,24.868499999999997,26.341599999999993,6.615,0.0,7.853,7.853,4.711799999999999,3.7694400000000003,7.853,0.0,0.0,0.0,0.0,0.0,0.0,194.0,229.0,35.0,207.2,15.839999999999998,194.0,-8.54139388705332,0.6447287167497437,1,0.750508756940643
Rb2AlCuH6,1.0,37.0,36.0,12.2,13.439999999999998,1.0,4.0,92.0,88.0,69.7,27.419999999999995,92.0,1.00794,85.4678,84.45985999999999,26.75107786,30.891765432,1.00794,14.01,1357.77,1343.76,300.022,343.2144,14.01,1.0,13.0,12.0,3.2,3.5200000000000005,1.0,1.0,5.0,4.0,2.3,1.56,1.0,31.0,220.0,189.0,87.9,68.28,31.0,0.82,2.2,1.3800000000000003,1.8350000000000002,0.45099999999999996,2.2,1.0,2.0,1.0,1.1,0.18000000000000008,1.0,0.0,1.0,1.0,0.1,0.18000000000000002,0.0,0.0,10.0,10.0,1.0,1.8,0.0,0.0,0.0,0.0,0.0,0.0,0.0,1.0,11.0,10.0,2.2,1.9200000000000004,1.0,0.0,1.0,1.0,0.9,0.18,1.0,0.0,5.0,5.0,0.5,0.9,0.0,0.0,0.0,0.0,0.0,0.0,0.0,0.0,0.0,0.0,0.0,0.0,0.0,1.0,5.0,4.0,1.4,0.72,1.0,6.615,90.7225,84.1075,24.868499999999997,26.341599999999993,6.615,0.0,7.853,7.853,4.711799999999999,3.7694400000000003,7.853,0.0,0.0,0.0,0.0,0.0,0.0,194.0,229.0,35.0,207.2,15.839999999999998,194.0,-8.54139388705332,0.6447287167497436,1,0.750508756940643
Li2NiMnH6,1.0,28.0,27.0,6.5,8.0,1.0,1.0,92.0,91.0,66.7,30.360000000000003,92.0,1.00794,58.6934,57.68546,13.3561085,17.3838456,1.00794,14.01,1728.0,1713.99,423.84400000000005,491.8008,14.01,1.0,10.0,9.0,2.5,2.4,1.0,1.0,4.0,3.0,1.8,0.9600000000000002,1.0,31.0,139.0,108.0,70.5,47.4,31.0,0.98,2.2,1.2200000000000002,1.862,0.4152000000000001,2.2,1.0,2.0,1.0,1.2,0.31999999999999995,1.0,0.0,0.0,0.0,0.0,0.0,0.0,0.0,8.0,8.0,1.3,2.08,0.0,0.0,0.0,0.0,0.0,0.0,0.0,1.0,10.0,9.0,2.5,2.4,1.0,0.0,1.0,1.0,0.8,0.31999999999999995,1.0,0.0,0.0,0.0,0.0,0.0,0.0,0.0,5.0,5.0,0.7,1.1199999999999999,0.0,0.0,0.0,0.0,0.0,0.0,0.0,1.0,5.0,4.0,1.5,0.8,1.0,6.615,16.5933333333,9.978333333299998,9.368425287349998,3.304110344819999,6.615,0.0,7.853,7.853,4.711799999999999,3.7694400000000003,7.853,0.0,0.5953947,0.5953947,0.0595704820689655,0.10716484358620688,0.0,194.0,229.0,35.0,206.4,14.88,194.0,-8.711968130758569,-1.8463893652939505,1,0.7499947576601868
Li2MnNiH6,1.0,28.0,27.0,6.5,8.0,1.0,1.0,92.0,91.0,66.7,30.360000000000003,92.0,1.00794,58.6934,57.68546,13.3561085,17.3838456,1.00794,14.01,1728.0,1713.99,423.84400000000005,491.8008,14.01,1.0,10.0,9.0,2.5,2.4,1.0,1.0,4.0,3.0,1.8,0.9600000000000002,1.0,31.0,139.0,108.0,70.5,47.4,31.0,0.98,2.2,1.2200000000000002,1.862,0.4152000000000001,2.2,1.0,2.0,1.0,1.2,0.31999999999999995,1.0,0.0,0.0,0.0,0.0,0.0,0.0,0.0,8.0,8.0,1.3,2.08,0.0,0.0,0.0,0.0,0.0,0.0,0.0,1.0,10.0,9.0,2.5,2.4,1.0,0.0,1.0,1.0,0.8,0.31999999999999995,1.0,0.0,0.0,0.0,0.0,0.0,0.0,0.0,5.0,5.0,0.7,1.1199999999999999,0.0,0.0,0.0,0.0,0.0,0.0,0.0,1.0,5.0,4.0,1.5,0.8,1.0,6.615,16.5933333333,9.978333333299998,9.368425287349998,3.304110344819999,6.615,0.0,7.853,7.853,4.711799999999999,3.7694400000000003,7.853,0.0,0.5953947,0.5953947,0.0595704820689655,0.1071648435862069,0.0,194.0,229.0,35.0,206.4,14.88,194.0,-8.711968130758569,-1.8463893652939505,1,0.7499947576601868
Rb2AlVH6,1.0,37.0,36.0,11.6,12.719999999999999,1.0,4.0,92.0,88.0,67.9,29.939999999999998,92.0,1.00794,85.4678,84.45985999999999,25.490627859999996,29.379225432,1.00794,14.01,2183.0,2168.99,382.54499999999996,470.276,14.01,1.0,13.0,12.0,2.6,2.56,1.0,1.0,5.0,4.0,2.3,1.56,1.0,31.0,220.0,189.0,90.0,70.8,31.0,0.82,2.2,1.3800000000000003,1.8080000000000003,0.47040000000000004,2.2,1.0,2.0,1.0,1.2,0.31999999999999995,1.0,0.0,1.0,1.0,0.1,0.18000000000000002,0.0,0.0,3.0,3.0,0.3,0.54,0.0,0.0,0.0,0.0,0.0,0.0,0.0,1.0,5.0,4.0,1.6,0.9600000000000002,1.0,0.0,1.0,1.0,0.8,0.31999999999999995,1.0,0.0,5.0,5.0,0.5,0.9,0.0,0.0,7.0,7.0,0.7,1.2599999999999998,0.0,0.0,0.0,0.0,0.0,0.0,0.0,1.0,7.0,6.0,2.0,1.6,1.0,6.615,90.7225,84.1075,25.062499999999996,26.264,6.615,0.0,7.853,7.853,4.711799999999999,3.7694400000000003,7.853,0.0,0.0,0.0,0.0,0.0,0.0,194.0,229.0,35.0,207.6,16.32,194.0,-9.03177858326367,0.5924502995358599,1,0.7478105066686652
Rb2VAlH6,1.0,37.0,36.0,11.6,12.719999999999999,1.0,4.0,92.0,88.0,67.9,29.939999999999998,92.0,1.00794,85.4678,84.45985999999999,25.490627859999996,29.379225432,1.00794,14.01,2183.0,2168.99,382.545,470.276,14.01,1.0,13.0,12.0,2.6,2.56,1.0,1.0,5.0,4.0,2.3,1.56,1.0,31.0,220.0,189.0,90.0,70.8,31.0,0.82,2.2,1.3800000000000003,1.8080000000000003,0.47040000000000004,2.2,1.0,2.0,1.0,1.2,0.31999999999999995,1.0,0.0,1.0,1.0,0.1,0.18000000000000002,0.0,0.0,3.0,3.0,0.3,0.54,0.0,0.0,0.0,0.0,0.0,0.0,0.0,1.0,5.0,4.0,1.6,0.9600000000000002,1.0,0.0,1.0,1.0,0.8,0.31999999999999995,1.0,0.0,5.0,5.0,0.5,0.9,0.0,0.0,7.0,7.0,0.7,1.2599999999999998,0.0,0.0,0.0,0.0,0.0,0.0,0.0,1.0,7.0,6.0,2.0,1.6,1.0,6.615,90.7225,84.1075,25.062499999999996,26.264,6.615,0.0,7.853,7.853,4.711799999999999,3.7694400000000003,7.853,0.0,0.0,0.0,0.0,0.0,0.0,194.0,229.0,35.0,207.6,16.32,194.0,-9.03177858326367,0.5924502995358599,1,0.7478105066686652
Li2ZnFeH6,1.0,30.0,29.0,6.8,8.48,1.0,1.0,92.0,91.0,67.8,29.28000000000001,92.0,1.00794,65.38,64.37205999999999,14.115464,18.5988144,1.00794,14.01,1811.0,1796.99,349.512,402.60240000000005,14.01,1.0,12.0,11.0,2.8,2.88,1.0,1.0,4.0,3.0,1.8,0.9600000000000002,1.0,31.0,132.0,101.0,69.6,46.32,31.0,0.98,2.2,1.2200000000000002,1.864,0.4032000000000001,2.2,1.0,2.0,1.0,1.2,0.31999999999999995,1.0,0.0,0.0,0.0,0.0,0.0,0.0,0.0,10.0,10.0,1.6,2.56,0.0,0.0,0.0,0.0,0.0,0.0,0.0,1.0,12.0,11.0,2.8,2.88,1.0,0.0,1.0,1.0,0.8,0.31999999999999995,1.0,0.0,0.0,0.0,0.0,0.0,0.0,0.0,4.0,4.0,0.4,0.7200000000000001,0.0,0.0,0.0,0.0,0.0,0.0,0.0,0.0,4.0,4.0,1.2,0.5599999999999999,1.0,6.615,16.5933333333,9.978333333299998,9.75666666666,3.7699999999919998,6.615,0.0,7.853,7.853,4.711799999999999,3.7694400000000003,7.853,0.0,2.1106628,2.1106628,0.21106628,0.37991930399999996,0.0,194.0,229.0,35.0,204.5,14.7,194.0,-8.559137548522358,-1.6540107187760311,1,0.7465860737299912
Li2FeZnH6,1.0,30.0,29.0,6.8,8.48,1.0,1.0,92.0,91.0,67.8,29.279999999999994,92.0,1.00794,65.38,64.37205999999999,14.115464,18.5988144,1.00794,14.01,1811.0,1796.99,349.512,402.60240000000005,14.01,1.0,12.0,11.0,2.8,2.88,1.0,1.0,4.0,3.0,1.8,0.9600000000000002,1.0,31.0,132.0,101.0,69.6,46.32,31.0,0.98,2.2,1.2200000000000002,1.864,0.4032000000000001,2.2,1.0,2.0,1.0,1.2,0.31999999999999995,1.0,0.0,0.0,0.0,0.0,0.0,0.0,0.0,10.0,10.0,1.6,2.56,0.0,0.0,0.0,0.0,0.0,0.0,0.0,1.0,12.0,11.0,2.8,2.88,1.0,0.0,1.0,1.0,0.8,0.31999999999999995,1.0,0.0,0.0,0.0,0.0,0.0,0.0,0.0,4.0,4.0,0.4,0.7200000000000001,0.0,0.0,0.0,0.0,0.0,0.0,0.0,0.0,4.0,4.0,1.2,0.5599999999999999,1.0,6.615,16.5933333333,9.978333333299998,9.75666666666,3.7699999999919998,6.615,0.0,7.853,7.853,4.711799999999999,3.7694400000000003,7.853,0.0,2.1106628,2.1106628,0.21106628,0.37991930399999996,0.0,194.0,229.0,35.0,204.5,14.7,194.0,-8.559137548522358,-1.6540107187760313,1,0.7465860737299912
Li2CuNiH6,1.0,29.0,28.0,6.9,8.64,1.0,1.0,92.0,91.0,67.9,28.919999999999998,92.0,1.00794,63.546,62.53806,14.216904,18.761118399999997,1.00794,14.01,1728.0,1713.99,407.721,472.45320000000004,14.01,1.0,11.0,10.0,2.9,3.04,1.0,1.0,4.0,3.0,1.8,0.9600000000000002,1.0,31.0,132.0,101.0,69.8,46.56,31.0,0.98,2.2,1.2200000000000002,1.8969999999999998,0.3668000000000002,2.2,1.0,2.0,1.0,1.1,0.18000000000000008,1.0,0.0,0.0,0.0,0.0,0.0,0.0,0.0,10.0,10.0,1.8,2.88,0.0,0.0,0.0,0.0,0.0,0.0,0.0,1.0,11.0,10.0,2.9,3.04,1.0,0.0,1.0,1.0,0.9,0.18,1.0,0.0,0.0,0.0,0.0,0.0,0.0,0.0,2.0,2.0,0.2,0.36000000000000004,0.0,0.0,0.0,0.0,0.0,0.0,0.0,1.0,2.0,1.0,1.1,0.18000000000000008,1.0,6.615,16.5933333333,9.978333333299998,9.426666666660001,3.3739999999920003,6.615,0.0,7.853,7.853,4.711799999999999,3.7694400000000003,7.853,0.0,0.5953947,0.5953947,0.059539470000000004,0.107171046,0.0,194.0,229.0,35.0,207.2,15.839999999999998,194.0,-8.393384521793207,-1.9715002817227905,1,0.746572810536855
Li2NiCuH6,1.0,29.0,28.0,6.9,8.64,1.0,1.0,92.0,91.0,67.9,28.919999999999998,92.0,1.00794,63.546,62.53806,14.216904,18.761118399999997,1.00794,14.01,1728.0,1713.99,407.721,472.45320000000004,14.01,1.0,11.0,10.0,2.9,3.04,1.0,1.0,4.0,3.0,1.8,0.9600000000000002,1.0,31.0,132.0,101.0,69.8,46.56,31.0,0.98,2.2,1.2200000000000002,1.8969999999999998,0.3668000000000002,2.2,1.0,2.0,1.0,1.1,0.18000000000000008,1.0,0.0,0.0,0.0,0.0,0.0,0.0,0.0,10.0,10.0,1.8,2.88,0.0,0.0,0.0,0.0,0.0,0.0,0.0,1.0,11.0,10.0,2.9,3.04,1.0,0.0,1.0,1.0,0.9,0.18,1.0,0.0,0.0,0.0,0.0,0.0,0.0,0.0,2.0,2.0,0.2,0.36000000000000004,0.0,0.0,0.0,0.0,0.0,0.0,0.0,1.0,2.0,1.0,1.1,0.18000000000000008,1.0,6.615,16.5933333333,9.978333333299998,9.426666666660001,3.3739999999920003,6.615,0.0,7.853,7.853,4.711799999999999,3.7694400000000003,7.853,0.0,0.5953947,0.5953947,0.059539470000000004,0.107171046,0.0,194.0,229.0,35.0,207.2,15.839999999999998,194.0,-8.393384521793207,-1.9715002817227905,1,0.746572810536855
Mg2ScFeH6,1.0,26.0,25.0,7.7,8.040000000000001,1.0,11.0,92.0,81.0,75.4,19.919999999999998,92.0,1.00794,55.845,54.83706,15.5458552,17.44549824,1.00794,14.01,1814.0,1799.99,555.5060000000001,649.7952,14.01,1.0,8.0,7.0,2.1,1.36,1.0,1.0,4.0,3.0,2.0,1.2,1.0,31.0,170.0,139.0,77.0,55.2,31.0,1.31,2.2,0.8900000000000001,1.9010000000000002,0.3588,2.2,1.0,2.0,1.0,1.4,0.48,1.0,0.0,0.0,0.0,0.0,0.0,0.0,0.0,6.0,6.0,0.7,1.1199999999999999,0.0,0.0,0.0,0.0,0.0,0.0,0.0,1.0,8.0,7.0,2.1,1.36,1.0,0.0,1.0,1.0,0.6,0.4800000000000001,1.0,0.0,0.0,0.0,0.0,0.0,0.0,0.0,9.0,9.0,1.3,2.08,0.0,0.0,0.0,0.0,0.0,0.0,0.0,0.0,9.0,9.0,1.9,1.8399999999999999,1.0,6.615,22.89,16.275,11.8435,6.496899999999999,6.615,0.0,7.853,7.853,4.711799999999999,3.7694400000000003,7.853,0.0,2.1106628,2.1106628,0.21106691500000002,0.37991917700000005,0.0,194.0,229.0,35.0,197.5,6.3,194.0,-9.61940735678009,-1.1018029977920702,1,0.746202727339678
Mg2FeScH6,1.0,26.0,25.0,7.7,8.040000000000001,1.0,11.0,92.0,81.0,75.4,19.919999999999998,92.0,1.00794,55.845,54.83706,15.5458552,17.44549824,1.00794,14.01,1814.0,1799.99,555.5060000000001,649.7952,14.01,1.0,8.0,7.0,2.1,1.36,1.0,1.0,4.0,3.0,2.0,1.2,1.0,31.0,170.0,139.0,77.0,55.2,31.0,1.31,2.2,0.8900000000000001,1.9010000000000002,0.3588,2.2,1.0,2.0,1.0,1.4,0.48,1.0,0.0,0.0,0.0,0.0,0.0,0.0,0.0,6.0,6.0,0.7,1.1199999999999999,0.0,0.0,0.0,0.0,0.0,0.0,0.0,1.0,8.0,7.0,2.1,1.36,1.0,0.0,1.0,1.0,0.6,0.4800000000000001,1.0,0.0,0.0,0.0,0.0,0.0,0.0,0.0,9.0,9.0,1.3,2.08,0.0,0.0,0.0,0.0,0.0,0.0,0.0,0.0,9.0,9.0,1.9,1.8399999999999999,1.0,6.615,22.89,16.275,11.8435,6.496899999999999,6.615,0.0,7.853,7.853,4.711799999999999,3.7694400000000003,7.853,0.0,2.1106628,2.1106628,0.21106691500000002,0.379919177,0.0,194.0,229.0,35.0,197.5,6.3,194.0,-9.61940735678009,-1.1018029977920702,1,0.746202727339678
Rb2AlCrH6,1.0,37.0,36.0,11.7,12.839999999999998,1.0,4.0,92.0,88.0,68.2,29.519999999999992,92.0,1.00794,85.4678,84.45985999999999,25.59608786,29.505777432000002,1.00794,14.01,2180.0,2165.99,382.245,469.796,14.01,1.0,13.0,12.0,2.7,2.72,1.0,1.0,5.0,4.0,2.3,1.56,1.0,31.0,220.0,189.0,88.6,69.12,31.0,0.82,2.2,1.3800000000000003,1.811,0.4668000000000001,2.2,1.0,2.0,1.0,1.1,0.18000000000000008,1.0,0.0,1.0,1.0,0.1,0.18000000000000002,0.0,0.0,5.0,5.0,0.5,0.9,0.0,0.0,0.0,0.0,0.0,0.0,0.0,1.0,6.0,5.0,1.7,1.1199999999999999,1.0,0.0,1.0,1.0,0.9,0.18,1.0,0.0,5.0,5.0,0.5,0.9,0.0,0.0,5.0,5.0,0.5,0.9,0.0,0.0,0.0,0.0,0.0,0.0,0.0,1.0,6.0,5.0,1.9,1.44,1.0,6.615,90.7225,84.1075,24.880499999999998,26.336799999999993,6.615,0.0,7.853,7.853,4.711799999999999,3.7694400000000003,7.853,0.0,0.0,0.0,0.0,0.0,0.0,194.0,229.0,35.0,207.6,16.32,194.0,-9.06995669022273,0.6443315113636614,1,0.744834605577784
Rb2CrAlH6,1.0,37.0,36.0,11.7,12.839999999999998,1.0,4.0,92.0,88.0,68.2,29.520000000000003,92.0,1.00794,85.4678,84.45985999999999,25.596087859999997,29.505777432000002,1.00794,14.01,2180.0,2165.99,382.245,469.796,14.01,1.0,13.0,12.0,2.7,2.72,1.0,1.0,5.0,4.0,2.3,1.56,1.0,31.0,220.0,189.0,88.6,69.12,31.0,0.82,2.2,1.3800000000000003,1.811,0.4668000000000001,2.2,1.0,2.0,1.0,1.1,0.18000000000000008,1.0,0.0,1.0,1.0,0.1,0.18000000000000002,0.0,0.0,5.0,5.0,0.5,0.9,0.0,0.0,0.0,0.0,0.0,0.0,0.0,1.0,6.0,5.0,1.7,1.1199999999999999,1.0,0.0,1.0,1.0,0.9,0.18,1.0,0.0,5.0,5.0,0.5,0.9,0.0,0.0,5.0,5.0,0.5,0.9,0.0,0.0,0.0,0.0,0.0,0.0,0.0,1.0,6.0,5.0,1.9,1.44,1.0,6.615,90.7225,84.1075,24.880499999999998,26.336799999999993,6.615,0.0,7.853,7.853,4.711799999999999,3.7694400000000003,7.853,0.0,0.0,0.0,0.0,0.0,0.0,194.0,229.0,35.0,207.6,16.32,194.0,-9.06995669022273,0.6443315113636615,1,0.744834605577784
Na2ZnTiH6,1.0,30.0,29.0,8.0,8.4,1.0,2.0,92.0,90.0,66.8,30.680000000000007,92.0,1.00794,65.38,64.37205999999999,16.527417856,18.6233734272,1.00794,14.01,1941.0,1926.99,345.948,398.3256,14.01,1.0,12.0,11.0,2.4,2.2399999999999998,1.0,1.0,4.0,3.0,2.0,1.2,1.0,31.0,166.0,135.0,80.0,58.8,31.0,0.93,2.2,1.27,1.825,0.4500000000000002,2.2,1.0,2.0,1.0,1.2,0.31999999999999995,1.0,0.0,0.0,0.0,0.0,0.0,0.0,0.0,10.0,10.0,1.2,1.9200000000000004,0.0,0.0,0.0,0.0,0.0,0.0,0.0,1.0,12.0,11.0,2.4,2.2399999999999998,1.0,0.0,1.0,1.0,0.8,0.31999999999999995,1.0,0.0,0.0,0.0,0.0,0.0,0.0,0.0,8.0,8.0,0.8,1.4400000000000002,0.0,0.0,0.0,0.0,0.0,0.0,0.0,0.0,8.0,8.0,1.6,1.28,1.0,6.615,29.2433333333,22.6283333333,12.88266666666,7.521199999992001,6.615,0.0,7.853,7.853,4.711799999999999,3.7694400000000003,7.853,0.0,2.25333333333e-05,2.25333333333e-05,2.25333333333e-06,4.055999999993999e-06,0.0,194.0,229.0,35.0,201.0,11.2,194.0,-9.248237909463063,-0.5402447388575792,1,0.74382373351839
Na2TiZnH6,1.0,30.0,29.0,8.0,8.4,1.0,2.0,92.0,90.0,66.8,30.679999999999996,92.0,1.00794,65.38,64.37205999999999,16.527417856,18.6233734272,1.00794,14.01,1941.0,1926.99,345.948,398.3256,14.01,1.0,12.0,11.0,2.4,2.2399999999999998,1.0,1.0,4.0,3.0,2.0,1.2,1.0,31.0,166.0,135.0,80.0,58.8,31.0,0.93,2.2,1.27,1.825,0.4500000000000002,2.2,1.0,2.0,1.0,1.2,0.31999999999999995,1.0,0.0,0.0,0.0,0.0,0.0,0.0,0.0,10.0,10.0,1.2,1.92,0.0,0.0,0.0,0.0,0.0,0.0,0.0,1.0,12.0,11.0,2.4,2.2399999999999998,1.0,0.0,1.0,1.0,0.8,0.31999999999999995,1.0,0.0,0.0,0.0,0.0,0.0,0.0,0.0,8.0,8.0,0.8,1.4400000000000002,0.0,0.0,0.0,0.0,0.0,0.0,0.0,0.0,8.0,8.0,1.6,1.28,1.0,6.615,29.2433333333,22.6283333333,12.88266666666,7.521199999992001,6.615,0.0,7.853,7.853,4.711799999999999,3.7694400000000003,7.853,0.0,2.25333333333e-05,2.25333333333e-05,2.25333333333e-06,4.055999999994e-06,0.0,194.0,229.0,35.0,201.0,11.2,194.0,-9.248237909463063,-0.5402447388575794,1,0.74382373351839
Li2ScZnH6,1.0,30.0,29.0,6.3,7.68,1.0,1.0,92.0,91.0,63.4,35.44,92.0,1.00794,65.38,64.37205999999999,13.026555199999999,16.85656032,1.00794,14.01,1814.0,1799.99,349.812,402.9624,14.01,1.0,12.0,11.0,2.3,2.0799999999999996,1.0,1.0,4.0,3.0,1.8,0.9600000000000002,1.0,31.0,170.0,139.0,73.4,50.88,31.0,0.98,2.2,1.2200000000000002,1.8170000000000002,0.4596,2.2,1.0,2.0,1.0,1.2,0.31999999999999995,1.0,0.0,0.0,0.0,0.0,0.0,0.0,0.0,10.0,10.0,1.1,1.78,0.0,0.0,0.0,0.0,0.0,0.0,0.0,1.0,12.0,11.0,2.3,2.0799999999999996,1.0,0.0,1.0,1.0,0.8,0.31999999999999995,1.0,0.0,0.0,0.0,0.0,0.0,0.0,0.0,9.0,9.0,0.9,1.6200000000000003,0.0,0.0,0.0,0.0,0.0,0.0,0.0,0.0,9.0,9.0,1.7,1.4599999999999997,1.0,6.615,22.235,15.62,10.90716666666,5.150599999991999,6.615,0.0,7.853,7.853,4.711799999999999,3.7694400000000003,7.853,0.0,6.35e-06,6.35e-06,6.350000000000001e-07,1.1430000000000001e-06,0.0,194.0,229.0,35.0,201.0,11.2,194.0,-9.142668155662571,-0.8531538086692713,1,0.7429936880072137
Na2NiCrH6,1.0,28.0,27.0,8.0,8.4,1.0,2.0,92.0,90.0,66.6,30.48,92.0,1.00794,58.6934,57.68546,16.271667856,18.3164734272,1.00794,14.01,2180.0,2165.99,473.38,592.2479999999999,14.01,1.0,10.0,9.0,2.4,2.2399999999999998,1.0,1.0,4.0,3.0,2.0,1.2,1.0,31.0,166.0,135.0,78.1,56.52,31.0,0.93,2.2,1.27,1.8630000000000002,0.4138,2.2,1.0,2.0,1.0,1.1,0.18000000000000008,1.0,0.0,0.0,0.0,0.0,0.0,0.0,0.0,8.0,8.0,1.3,2.08,0.0,0.0,0.0,0.0,0.0,0.0,0.0,1.0,10.0,9.0,2.4,2.2399999999999998,1.0,0.0,1.0,1.0,0.9,0.18,1.0,0.0,0.0,0.0,0.0,0.0,0.0,0.0,5.0,5.0,0.7,1.1199999999999999,0.0,0.0,0.0,0.0,0.0,0.0,0.0,1.0,6.0,5.0,1.6,0.9600000000000002,1.0,6.615,29.2433333333,22.6283333333,11.968666666659999,6.909866666656001,6.615,0.0,7.853,7.853,4.711799999999999,3.7694400000000003,7.853,0.0,0.5953947,0.5953947,0.059539470000000004,0.107171046,0.0,194.0,229.0,35.0,207.6,16.32,194.0,-9.487288843190381,-0.8852293486556895,1,0.7429936880072137
Na2CrNiH6,1.0,28.0,27.0,8.0,8.4,1.0,2.0,92.0,90.0,66.6,30.48,92.0,1.00794,58.6934,57.68546,16.271667856,18.3164734272,1.00794,14.01,2180.0,2165.99,473.38,592.2479999999999,14.01,1.0,10.0,9.0,2.4,2.2399999999999998,1.0,1.0,4.0,3.0,2.0,1.2,1.0,31.0,166.0,135.0,78.1,56.52,31.0,0.93,2.2,1.27,1.8630000000000002,0.4138,2.2,1.0,2.0,1.0,1.1,0.18000000000000008,1.0,0.0,0.0,0.0,0.0,0.0,0.0,0.0,8.0,8.0,1.3,2.08,0.0,0.0,0.0,0.0,0.0,0.0,0.0,1.0,10.0,9.0,2.4,2.2399999999999998,1.0,0.0,1.0,1.0,0.9,0.18,1.0,0.0,0.0,0.0,0.0,0.0,0.0,0.0,5.0,5.0,0.7,1.1199999999999999,0.0,0.0,0.0,0.0,0.0,0.0,0.0,1.0,6.0,5.0,1.6,0.9600000000000002,1.0,6.615,29.2433333333,22.6283333333,11.968666666659999,6.909866666656001,6.615,0.0,7.853,7.853,4.711799999999999,3.7694400000000003,7.853,0.0,0.5953947,0.5953947,0.059539470000000004,0.107171046,0.0,194.0,229.0,35.0,207.6,16.32,194.0,-9.487288843190381,-0.8852293486556895,1,0.7429936880072137
Li2ZnScH6,1.0,30.0,29.0,6.3,7.68,1.0,1.0,92.0,91.0,63.4,35.440000000000005,92.0,1.00794,65.38,64.37205999999999,13.026555199999999,16.85656032,1.00794,14.01,1814.0,1799.99,349.812,402.9624,14.01,1.0,12.0,11.0,2.3,2.0799999999999996,1.0,1.0,4.0,3.0,1.8,0.9600000000000002,1.0,31.0,170.0,139.0,73.4,50.88,31.0,0.98,2.2,1.2200000000000002,1.8170000000000002,0.4596000000000001,2.2,1.0,2.0,1.0,1.2,0.31999999999999995,1.0,0.0,0.0,0.0,0.0,0.0,0.0,0.0,10.0,10.0,1.1,1.78,0.0,0.0,0.0,0.0,0.0,0.0,0.0,1.0,12.0,11.0,2.3,2.0799999999999996,1.0,0.0,1.0,1.0,0.8,0.31999999999999995,1.0,0.0,0.0,0.0,0.0,0.0,0.0,0.0,9.0,9.0,0.9,1.6200000000000003,0.0,0.0,0.0,0.0,0.0,0.0,0.0,0.0,9.0,9.0,1.7,1.4599999999999997,1.0,6.615,22.235,15.62,10.90716666666,5.150599999991999,6.615,0.0,7.853,7.853,4.711799999999999,3.7694400000000003,7.853,0.0,6.35e-06,6.35e-06,6.350000000000001e-07,1.1430000000000001e-06,0.0,194.0,229.0,35.0,201.0,11.2,194.0,-9.142668155662571,-0.8531538086692713,1,0.7429936880072137
Mg2VFeH6,1.0,26.0,25.0,7.9,8.280000000000001,1.0,46.0,92.0,46.0,78.9,15.719999999999999,92.0,1.00794,55.845,54.83706,16.144414,18.1637688,1.00794,14.01,2183.0,2168.99,592.4060000000001,694.0752,14.01,1.0,8.0,7.0,2.3,1.6799999999999997,1.0,1.0,4.0,3.0,2.0,1.2,1.0,31.0,153.0,122.0,75.3,53.15999999999999,31.0,1.31,2.2,0.8900000000000001,1.9280000000000002,0.3264000000000001,2.2,1.0,2.0,1.0,1.4,0.48,1.0,0.0,0.0,0.0,0.0,0.0,0.0,0.0,6.0,6.0,0.9,1.44,0.0,0.0,0.0,0.0,0.0,0.0,0.0,1.0,8.0,7.0,2.3,1.6799999999999997,1.0,0.0,1.0,1.0,0.6,0.4800000000000001,1.0,0.0,0.0,0.0,0.0,0.0,0.0,0.0,7.0,7.0,1.1,1.7600000000000002,0.0,0.0,0.0,0.0,0.0,0.0,0.0,0.0,7.0,7.0,1.7,1.52,1.0,6.615,22.89,16.275,10.921,5.205399999999999,6.615,0.0,7.853,7.853,4.711799999999999,3.7694400000000003,7.853,0.0,2.1106628,2.1106628,0.21106628,0.37991930399999996,0.0,194.0,229.0,35.0,201.0,11.2,194.0,-9.086832660815421,-1.793799524668073,1,0.742432509052413
Mg2FeVH6,1.0,26.0,25.0,7.9,8.280000000000001,1.0,46.0,92.0,46.0,78.9,15.719999999999999,92.0,1.00794,55.845,54.83706,16.144414,18.1637688,1.00794,14.01,2183.0,2168.99,592.4060000000001,694.0752,14.01,1.0,8.0,7.0,2.3,1.6799999999999997,1.0,1.0,4.0,3.0,2.0,1.2,1.0,31.0,153.0,122.0,75.3,53.15999999999999,31.0,1.31,2.2,0.8900000000000001,1.9280000000000002,0.3264000000000001,2.2,1.0,2.0,1.0,1.4,0.48,1.0,0.0,0.0,0.0,0.0,0.0,0.0,0.0,6.0,6.0,0.9,1.44,0.0,0.0,0.0,0.0,0.0,0.0,0.0,1.0,8.0,7.0,2.3,1.6799999999999997,1.0,0.0,1.0,1.0,0.6,0.4800000000000001,1.0,0.0,0.0,0.0,0.0,0.0,0.0,0.0,7.0,7.0,1.1,1.7600000000000002,0.0,0.0,0.0,0.0,0.0,0.0,0.0,0.0,7.0,7.0,1.7,1.52,1.0,6.615,22.89,16.275,10.921000000000001,5.2054,6.615,0.0,7.853,7.853,4.711799999999999,3.7694400000000003,7.853,0.0,2.1106628,2.1106628,0.21106628,0.37991930399999996,0.0,194.0,229.0,35.0,201.0,11.2,194.0,-9.086832660815421,-1.793799524668073,1,0.742432509052413
Li2CoZnH6,1.0,30.0,29.0,6.9,8.64,1.0,1.0,92.0,91.0,68.1,28.860000000000003,92.0,1.00794,65.38,64.37205999999999,14.424283500000001,19.0929256,1.00794,14.01,1768.0,1753.99,345.212,397.4424,14.01,1.0,12.0,11.0,2.9,3.04,1.0,1.0,4.0,3.0,1.8,0.9600000000000002,1.0,31.0,128.0,97.0,69.0,45.6,31.0,0.98,2.2,1.2200000000000002,1.8690000000000002,0.39940000000000003,2.2,1.0,2.0,1.0,1.2,0.31999999999999995,1.0,0.0,0.0,0.0,0.0,0.0,0.0,0.0,10.0,10.0,1.7,2.7199999999999998,0.0,0.0,0.0,0.0,0.0,0.0,0.0,1.0,12.0,11.0,2.9,3.04,1.0,0.0,1.0,1.0,0.8,0.31999999999999995,1.0,0.0,0.0,0.0,0.0,0.0,0.0,0.0,3.0,3.0,0.3,0.54,0.0,0.0,0.0,0.0,0.0,0.0,0.0,0.0,3.0,3.0,1.1,0.38000000000000006,1.0,6.615,16.5933333333,9.978333333299998,9.70816666666,3.7117999999919995,6.615,0.0,7.853,7.853,4.711799999999999,3.7694400000000003,7.853,0.0,1.5484712,1.5484712,0.15484712,0.278724816,0.0,194.0,229.0,35.0,201.0,11.2,194.0,-8.328262177882005,-1.8489777864022083,1,0.7423445846362398
Li2ZnCoH6,1.0,30.0,29.0,6.9,8.64,1.0,1.0,92.0,91.0,68.1,28.860000000000003,92.0,1.00794,65.38,64.37205999999999,14.424283500000001,19.0929256,1.00794,14.01,1768.0,1753.99,345.212,397.4424,14.01,1.0,12.0,11.0,2.9,3.04,1.0,1.0,4.0,3.0,1.8,0.9600000000000002,1.0,31.0,128.0,97.0,69.0,45.6,31.0,0.98,2.2,1.2200000000000002,1.8690000000000002,0.39940000000000003,2.2,1.0,2.0,1.0,1.2,0.31999999999999995,1.0,0.0,0.0,0.0,0.0,0.0,0.0,0.0,10.0,10.0,1.7,2.7199999999999998,0.0,0.0,0.0,0.0,0.0,0.0,0.0,1.0,12.0,11.0,2.9,3.04,1.0,0.0,1.0,1.0,0.8,0.31999999999999995,1.0,0.0,0.0,0.0,0.0,0.0,0.0,0.0,3.0,3.0,0.3,0.54,0.0,0.0,0.0,0.0,0.0,0.0,0.0,0.0,3.0,3.0,1.1,0.38000000000000006,1.0,6.615,16.5933333333,9.978333333299998,9.70816666666,3.7117999999919995,6.615,0.0,7.853,7.853,4.711799999999999,3.7694400000000003,7.853,0.0,1.5484712,1.5484712,0.15484712,0.278724816,0.0,194.0,229.0,35.0,201.0,11.2,194.0,-8.328262177882005,-1.8489777864022083,1,0.7423445846362398
Li2CoNiH6,1.0,28.0,27.0,6.7,8.32,1.0,1.0,92.0,91.0,67.3,29.639999999999997,92.0,1.00794,58.933195,57.925255,13.755623500000002,18.023069600000003,1.00794,14.01,1768.0,1753.99,448.744,521.6808,14.01,1.0,10.0,9.0,2.7,2.72,1.0,1.0,4.0,3.0,1.8,0.9600000000000002,1.0,31.0,128.0,97.0,69.2,45.839999999999996,31.0,0.98,2.2,1.2200000000000002,1.8950000000000002,0.36900000000000005,2.2,1.0,2.0,1.0,1.2,0.31999999999999995,1.0,0.0,0.0,0.0,0.0,0.0,0.0,0.0,8.0,8.0,1.5,2.4,0.0,0.0,0.0,0.0,0.0,0.0,0.0,1.0,10.0,9.0,2.7,2.72,1.0,0.0,1.0,1.0,0.8,0.31999999999999995,1.0,0.0,0.0,0.0,0.0,0.0,0.0,0.0,3.0,3.0,0.5,0.8,0.0,0.0,0.0,0.0,0.0,0.0,0.0,1.0,3.0,2.0,1.3,0.4800000000000001,1.0,6.615,16.5933333333,9.978333333299998,9.344166666659998,3.274999999991999,6.615,0.0,7.853,7.853,4.711799999999999,3.7694400000000003,7.853,0.0,1.5484712,1.5484712,0.21438659000000002,0.34301854400000004,0.0,194.0,229.0,35.0,204.1,14.139999999999997,194.0,-8.623000398659022,-2.0304191338208746,1,0.7422502826807884
Li2NiCoH6,1.0,28.0,27.0,6.7,8.32,1.0,1.0,92.0,91.0,67.3,29.639999999999997,92.0,1.00794,58.933195,57.925255,13.755623500000002,18.023069600000003,1.00794,14.01,1768.0,1753.99,448.744,521.6808,14.01,1.0,10.0,9.0,2.7,2.72,1.0,1.0,4.0,3.0,1.8,0.9600000000000002,1.0,31.0,128.0,97.0,69.2,45.839999999999996,31.0,0.98,2.2,1.2200000000000002,1.8950000000000002,0.36900000000000005,2.2,1.0,2.0,1.0,1.2,0.31999999999999995,1.0,0.0,0.0,0.0,0.0,0.0,0.0,0.0,8.0,8.0,1.5,2.4,0.0,0.0,0.0,0.0,0.0,0.0,0.0,1.0,10.0,9.0,2.7,2.72,1.0,0.0,1.0,1.0,0.8,0.31999999999999995,1.0,0.0,0.0,0.0,0.0,0.0,0.0,0.0,3.0,3.0,0.5,0.8,0.0,0.0,0.0,0.0,0.0,0.0,0.0,1.0,3.0,2.0,1.3,0.4800000000000001,1.0,6.615,16.5933333333,9.978333333299998,9.344166666659998,3.274999999991999,6.615,0.0,7.853,7.853,4.711799999999999,3.7694400000000003,7.853,0.0,1.5484712,1.5484712,0.21438659000000002,0.34301854400000004,0.0,194.0,229.0,35.0,204.1,14.139999999999997,194.0,-8.623000398659022,-2.0304191338208746,1,0.7422502826807884
K2CuAlH6,1.0,29.0,28.0,8.6,9.12,1.0,3.0,92.0,89.0,69.5,27.7,92.0,1.00794,63.546,62.53806,17.47717786,19.763085432,1.00794,14.01,1357.77,1343.76,304.836,348.99120000000005,14.01,1.0,13.0,12.0,3.2,3.5200000000000005,1.0,1.0,4.0,3.0,2.1,1.3199999999999998,1.0,31.0,203.0,172.0,84.5,64.2,31.0,0.82,2.2,1.3800000000000003,1.8350000000000002,0.45099999999999996,2.2,1.0,2.0,1.0,1.1,0.18000000000000008,1.0,0.0,1.0,1.0,0.1,0.18000000000000002,0.0,0.0,10.0,10.0,1.0,1.8,0.0,0.0,0.0,0.0,0.0,0.0,0.0,1.0,11.0,10.0,2.2,1.9200000000000004,1.0,0.0,1.0,1.0,0.9,0.18,1.0,0.0,5.0,5.0,0.5,0.9,0.0,0.0,0.0,0.0,0.0,0.0,0.0,0.0,0.0,0.0,0.0,0.0,0.0,1.0,5.0,4.0,1.4,0.72,1.0,6.615,73.1066666667,66.4916666667,21.345333333339997,20.704533333344,6.615,0.0,7.853,7.853,4.711799999999999,3.7694400000000003,7.853,0.0,0.0,0.0,0.0,0.0,0.0,194.0,229.0,35.0,207.2,15.839999999999998,194.0,-7.823062532662749,-0.9414121258035406,1,0.74026244326316
K2AlCuH6,1.0,29.0,28.0,8.6,9.12,1.0,3.0,92.0,89.0,69.5,27.7,92.0,1.00794,63.546,62.53806,17.47717786,19.763085432,1.00794,14.01,1357.77,1343.76,304.836,348.99120000000005,14.01,1.0,13.0,12.0,3.2,3.5200000000000005,1.0,1.0,4.0,3.0,2.1,1.3199999999999998,1.0,31.0,203.0,172.0,84.5,64.2,31.0,0.82,2.2,1.3800000000000003,1.8350000000000002,0.45099999999999996,2.2,1.0,2.0,1.0,1.1,0.18000000000000008,1.0,0.0,1.0,1.0,0.1,0.18000000000000002,0.0,0.0,10.0,10.0,1.0,1.8,0.0,0.0,0.0,0.0,0.0,0.0,0.0,1.0,11.0,10.0,2.2,1.9200000000000004,1.0,0.0,1.0,1.0,0.9,0.18,1.0,0.0,5.0,5.0,0.5,0.9,0.0,0.0,0.0,0.0,0.0,0.0,0.0,0.0,0.0,0.0,0.0,0.0,0.0,1.0,5.0,4.0,1.4,0.72,1.0,6.615,73.1066666667,66.4916666667,21.345333333339997,20.704533333344,6.615,0.0,7.853,7.853,4.711799999999999,3.7694400000000003,7.853,0.0,0.0,0.0,0.0,0.0,0.0,194.0,229.0,35.0,207.2,15.839999999999998,194.0,-7.823062532662749,-0.9414121258035406,1,0.74026244326316
Cs2CrAlH6,1.0,55.0,54.0,15.3,17.62,1.0,5.0,92.0,87.0,68.4,29.24,92.0,1.00794,132.9054519,131.8975119,35.08361824000001,42.511229816000004,1.00794,14.01,2180.0,2165.99,380.07099999999997,470.6656,14.01,1.0,13.0,12.0,2.7,2.72,1.0,1.0,6.0,5.0,2.5,1.8,1.0,31.0,244.0,213.0,93.4,74.88,31.0,0.79,2.2,1.4100000000000001,1.8050000000000002,0.4740000000000001,2.2,1.0,2.0,1.0,1.1,0.18000000000000008,1.0,0.0,1.0,1.0,0.1,0.18000000000000002,0.0,0.0,5.0,5.0,0.5,0.9,0.0,0.0,0.0,0.0,0.0,0.0,0.0,1.0,6.0,5.0,1.7,1.1199999999999999,1.0,0.0,1.0,1.0,0.9,0.18,1.0,0.0,5.0,5.0,0.5,0.9,0.0,0.0,5.0,5.0,0.5,0.9,0.0,0.0,0.0,0.0,0.0,0.0,0.0,1.0,6.0,5.0,1.9,1.44,1.0,6.615,115.765,109.15,29.889,34.3504,6.615,0.0,7.853,7.853,4.711799999999999,3.7694400000000003,7.853,0.0,0.0,0.0,0.0,0.0,0.0,194.0,229.0,35.0,207.6,16.32,194.0,-9.989612769475553,2.7479684438378613,1,0.74
Cs2AlCrH6,1.0,55.0,54.0,15.3,17.62,1.0,5.0,92.0,87.0,68.4,29.24,92.0,1.00794,132.9054519,131.8975119,35.08361824000001,42.511229816000004,1.00794,14.01,2180.0,2165.99,380.071,470.6656,14.01,1.0,13.0,12.0,2.7,2.72,1.0,1.0,6.0,5.0,2.5,1.8,1.0,31.0,244.0,213.0,93.4,74.88,31.0,0.79,2.2,1.4100000000000001,1.8050000000000002,0.4740000000000001,2.2,1.0,2.0,1.0,1.1,0.18000000000000008,1.0,0.0,1.0,1.0,0.1,0.18000000000000002,0.0,0.0,5.0,5.0,0.5,0.9,0.0,0.0,0.0,0.0,0.0,0.0,0.0,1.0,6.0,5.0,1.7,1.1199999999999999,1.0,0.0,1.0,1.0,0.9,0.18,1.0,0.0,5.0,5.0,0.5,0.9,0.0,0.0,5.0,5.0,0.5,0.9,0.0,0.0,0.0,0.0,0.0,0.0,0.0,1.0,6.0,5.0,1.9,1.44,1.0,6.615,115.765,109.15,29.889,34.3504,6.615,0.0,7.853,7.853,4.711799999999999,3.7694400000000003,7.853,0.0,0.0,0.0,0.0,0.0,0.0,194.0,229.0,35.0,207.6,16.32,194.0,-9.989612769475553,2.7479684438378613,1,0.74
Na2CuMnH6,1.0,29.0,28.0,8.2,8.64,1.0,2.0,92.0,90.0,67.2,29.76,92.0,1.00794,63.546,62.53806,17.051122356,19.251818827199997,1.00794,14.01,1519.0,1504.99,370.257,427.4964,14.01,1.0,11.0,10.0,2.6,2.56,1.0,1.0,4.0,3.0,2.0,1.2,1.0,31.0,166.0,135.0,78.9,57.48,31.0,0.93,2.2,1.27,1.8510000000000002,0.4286,2.2,1.0,2.0,1.0,1.1,0.18000000000000008,1.0,0.0,0.0,0.0,0.0,0.0,0.0,0.0,10.0,10.0,1.5,2.4,0.0,0.0,0.0,0.0,0.0,0.0,0.0,1.0,11.0,10.0,2.6,2.56,1.0,0.0,1.0,1.0,0.9,0.18,1.0,0.0,0.0,0.0,0.0,0.0,0.0,0.0,5.0,5.0,0.5,0.9,0.0,0.0,0.0,0.0,0.0,0.0,0.0,1.0,5.0,4.0,1.4,0.72,1.0,6.615,29.2433333333,22.6283333333,11.97342528735,6.907963218379999,6.615,0.0,7.853,7.853,4.711799999999999,3.7694400000000003,7.853,0.0,0.000310120689655,0.000310120689655,3.10120689655e-05,5.58217241379e-05,0.0,194.0,229.0,35.0,206.4,14.88,194.0,-9.15449539115373,-0.8132501019482705,1,0.738237318114584
Na2MnCuH6,1.0,29.0,28.0,8.2,8.64,1.0,2.0,92.0,90.0,67.2,29.76,92.0,1.00794,63.546,62.53806,17.051122356,19.251818827199997,1.00794,14.01,1519.0,1504.99,370.25699999999995,427.4964,14.01,1.0,11.0,10.0,2.6,2.56,1.0,1.0,4.0,3.0,2.0,1.2,1.0,31.0,166.0,135.0,78.9,57.48,31.0,0.93,2.2,1.27,1.8510000000000002,0.4286,2.2,1.0,2.0,1.0,1.1,0.18000000000000008,1.0,0.0,0.0,0.0,0.0,0.0,0.0,0.0,10.0,10.0,1.5,2.4,0.0,0.0,0.0,0.0,0.0,0.0,0.0,1.0,11.0,10.0,2.6,2.56,1.0,0.0,1.0,1.0,0.9,0.18,1.0,0.0,0.0,0.0,0.0,0.0,0.0,0.0,5.0,5.0,0.5,0.9,0.0,0.0,0.0,0.0,0.0,0.0,0.0,1.0,5.0,4.0,1.4,0.72,1.0,6.615,29.2433333333,22.6283333333,11.97342528735,6.90796321838,6.615,0.0,7.853,7.853,4.711799999999999,3.7694400000000003,7.853,0.0,0.000310120689655,0.000310120689655,3.10120689655e-05,5.58217241379e-05,0.0,194.0,229.0,35.0,206.4,14.88,194.0,-9.15449539115373,-0.8132501019482705,1,0.738237318114584
Na2CrMnH6,1.0,25.0,24.0,7.7,8.040000000000001,1.0,2.0,92.0,90.0,65.7,31.560000000000002,92.0,1.00794,54.938045,53.930105000000005,15.896132355999999,17.8658308272,1.00794,14.01,2180.0,2165.99,452.48,558.808,14.01,1.0,7.0,6.0,2.1,1.7600000000000002,1.0,1.0,4.0,3.0,2.0,1.2,1.0,31.0,166.0,135.0,79.6,58.32000000000001,31.0,0.93,2.2,1.27,1.8270000000000004,0.4476,2.2,1.0,2.0,1.0,1.1,0.18000000000000008,1.0,0.0,0.0,0.0,0.0,0.0,0.0,0.0,5.0,5.0,1.0,1.6,0.0,0.0,0.0,0.0,0.0,0.0,0.0,1.0,7.0,6.0,2.1,1.7600000000000002,1.0,0.0,1.0,1.0,0.9,0.18,1.0,0.0,0.0,0.0,0.0,0.0,0.0,0.0,5.0,5.0,1.0,1.6,0.0,0.0,0.0,0.0,0.0,0.0,0.0,1.0,6.0,5.0,1.9,1.44,1.0,6.615,29.2433333333,22.6283333333,11.985425287350001,6.90316321838,6.615,0.0,7.853,7.853,4.711799999999999,3.7694400000000003,7.853,0.0,0.000310120689655,0.000310120689655,3.10120689655e-05,5.58217241379e-05,0.0,194.0,229.0,35.0,206.8,15.360000000000003,194.0,-9.923429433622221,-1.0367183861912186,1,0.7358750663599364
Na2CrFeH6,1.0,26.0,25.0,7.8,8.16,1.0,2.0,92.0,90.0,66.0,31.2,92.0,1.00794,55.845,54.83706,15.986827856,17.9746654272,1.00794,14.01,2180.0,2165.99,481.68,605.528,14.01,1.0,8.0,7.0,2.2,1.9200000000000004,1.0,1.0,4.0,3.0,2.0,1.2,1.0,31.0,166.0,135.0,78.9,57.48,31.0,0.93,2.2,1.27,1.855,0.41400000000000003,2.2,1.0,2.0,1.0,1.1,0.18000000000000008,1.0,0.0,0.0,0.0,0.0,0.0,0.0,0.0,6.0,6.0,1.1,1.7600000000000002,0.0,0.0,0.0,0.0,0.0,0.0,0.0,1.0,8.0,7.0,2.2,1.9200000000000004,1.0,0.0,1.0,1.0,0.9,0.18,1.0,0.0,0.0,0.0,0.0,0.0,0.0,0.0,5.0,5.0,0.9,1.44,0.0,0.0,0.0,0.0,0.0,0.0,0.0,1.0,6.0,5.0,1.8,1.28,1.0,6.615,29.2433333333,22.6283333333,12.00966666666,6.893466666655999,6.615,0.0,7.853,7.853,4.711799999999999,3.7694400000000003,7.853,0.0,2.1106628,2.1106628,0.21106628,0.37991930399999996,0.0,194.0,229.0,35.0,208.0,16.8,194.0,-10.090800239363722,-0.8059301755689748,1,0.7358750663599364
Na2MnCrH6,1.0,25.0,24.0,7.7,8.040000000000001,1.0,2.0,92.0,90.0,65.7,31.560000000000002,92.0,1.00794,54.938045,53.930105000000005,15.896132355999999,17.8658308272,1.00794,14.01,2180.0,2165.99,452.48,558.808,14.01,1.0,7.0,6.0,2.1,1.7600000000000002,1.0,1.0,4.0,3.0,2.0,1.2,1.0,31.0,166.0,135.0,79.6,58.32000000000001,31.0,0.93,2.2,1.27,1.8270000000000004,0.4476,2.2,1.0,2.0,1.0,1.1,0.18000000000000008,1.0,0.0,0.0,0.0,0.0,0.0,0.0,0.0,5.0,5.0,1.0,1.6,0.0,0.0,0.0,0.0,0.0,0.0,0.0,1.0,7.0,6.0,2.1,1.7600000000000002,1.0,0.0,1.0,1.0,0.9,0.18,1.0,0.0,0.0,0.0,0.0,0.0,0.0,0.0,5.0,5.0,1.0,1.6,0.0,0.0,0.0,0.0,0.0,0.0,0.0,1.0,6.0,5.0,1.9,1.44,1.0,6.615,29.2433333333,22.6283333333,11.985425287350001,6.90316321838,6.615,0.0,7.853,7.853,4.711799999999999,3.7694400000000003,7.853,0.0,0.000310120689655,0.000310120689655,3.10120689655e-05,5.58217241379e-05,0.0,194.0,229.0,35.0,206.8,15.360000000000003,194.0,-9.923429433622221,-1.0367183861912186,1,0.7358750663599364
Na2FeCrH6,1.0,26.0,25.0,7.8,8.16,1.0,2.0,92.0,90.0,66.0,31.2,92.0,1.00794,55.845,54.83706,15.986827856000001,17.9746654272,1.00794,14.01,2180.0,2165.99,481.68,605.528,14.01,1.0,8.0,7.0,2.2,1.9200000000000004,1.0,1.0,4.0,3.0,2.0,1.2,1.0,31.0,166.0,135.0,78.9,57.48,31.0,0.93,2.2,1.27,1.855,0.41400000000000003,2.2,1.0,2.0,1.0,1.1,0.18000000000000008,1.0,0.0,0.0,0.0,0.0,0.0,0.0,0.0,6.0,6.0,1.1,1.7600000000000002,0.0,0.0,0.0,0.0,0.0,0.0,0.0,1.0,8.0,7.0,2.2,1.9200000000000004,1.0,0.0,1.0,1.0,0.9,0.18,1.0,0.0,0.0,0.0,0.0,0.0,0.0,0.0,5.0,5.0,0.9,1.44,0.0,0.0,0.0,0.0,0.0,0.0,0.0,1.0,6.0,5.0,1.8,1.28,1.0,6.615,29.2433333333,22.6283333333,12.00966666666,6.893466666655999,6.615,0.0,7.853,7.853,4.711799999999999,3.7694400000000003,7.853,0.0,2.1106628,2.1106628,0.21106628,0.37991930399999996,0.0,194.0,229.0,35.0,208.0,16.8,194.0,-10.090800239363722,-0.8059301755689748,1,0.7358750663599364
Na2ZnCrH6,1.0,30.0,29.0,8.2,8.64,1.0,2.0,92.0,90.0,67.4,29.839999999999996,92.0,1.00794,65.38,64.37205999999999,16.940327856,19.1188654272,1.00794,14.01,2180.0,2165.99,369.848,427.0056000000001,14.01,1.0,12.0,11.0,2.6,2.56,1.0,1.0,4.0,3.0,2.0,1.2,1.0,31.0,166.0,135.0,77.9,56.279999999999994,31.0,0.93,2.2,1.27,1.8370000000000002,0.4356000000000001,2.2,1.0,2.0,1.0,1.1,0.18000000000000008,1.0,0.0,0.0,0.0,0.0,0.0,0.0,0.0,10.0,10.0,1.5,2.4,0.0,0.0,0.0,0.0,0.0,0.0,0.0,1.0,12.0,11.0,2.6,2.56,1.0,0.0,1.0,1.0,0.9,0.18,1.0,0.0,0.0,0.0,0.0,0.0,0.0,0.0,5.0,5.0,0.5,0.9,0.0,0.0,0.0,0.0,0.0,0.0,0.0,0.0,6.0,6.0,1.4,0.9199999999999999,1.0,6.615,29.2433333333,22.6283333333,12.33266666666,7.089733333324,6.615,0.0,7.853,7.853,4.711799999999999,3.7694400000000003,7.853,0.0,0.0,0.0,0.0,0.0,0.0,194.0,229.0,35.0,204.5,14.7,194.0,-9.131466497785807,-0.727106885233329,1,0.7346079111727967
Na2CrZnH6,1.0,30.0,29.0,8.2,8.64,1.0,2.0,92.0,90.0,67.4,29.839999999999996,92.0,1.00794,65.38,64.37205999999999,16.940327856,19.1188654272,1.00794,14.01,2180.0,2165.99,369.84799999999996,427.0056000000001,14.01,1.0,12.0,11.0,2.6,2.56,1.0,1.0,4.0,3.0,2.0,1.2,1.0,31.0,166.0,135.0,77.9,56.279999999999994,31.0,0.93,2.2,1.27,1.8370000000000002,0.4356000000000001,2.2,1.0,2.0,1.0,1.1,0.18000000000000008,1.0,0.0,0.0,0.0,0.0,0.0,0.0,0.0,10.0,10.0,1.5,2.4,0.0,0.0,0.0,0.0,0.0,0.0,0.0,1.0,12.0,11.0,2.6,2.56,1.0,0.0,1.0,1.0,0.9,0.18,1.0,0.0,0.0,0.0,0.0,0.0,0.0,0.0,5.0,5.0,0.5,0.9,0.0,0.0,0.0,0.0,0.0,0.0,0.0,0.0,6.0,6.0,1.4,0.9199999999999999,1.0,6.615,29.2433333333,22.6283333333,12.33266666666,7.089733333324,6.615,0.0,7.853,7.853,4.711799999999999,3.7694400000000003,7.853,0.0,0.0,0.0,0.0,0.0,0.0,194.0,229.0,35.0,204.5,14.7,194.0,-9.131466497785807,-0.727106885233329,1,0.7346079111727967
Ca2TiZnH6,1.0,30.0,29.0,9.8,10.559999999999999,1.0,7.0,92.0,85.0,67.8,29.279999999999994,92.0,1.00794,65.38,64.37205999999999,19.945064,22.724548799999997,1.00794,14.01,1941.0,1926.99,494.77400000000006,576.9168,14.01,1.0,12.0,11.0,2.6,2.16,1.0,1.0,4.0,3.0,2.2,1.44,1.0,31.0,176.0,145.0,82.0,61.2,31.0,1.0,2.2,1.2000000000000002,1.839,0.4332000000000001,2.2,1.0,2.0,1.0,1.4,0.48,1.0,0.0,0.0,0.0,0.0,0.0,0.0,0.0,10.0,10.0,1.2,1.92,0.0,0.0,0.0,0.0,0.0,0.0,0.0,1.0,12.0,11.0,2.6,2.16,1.0,0.0,1.0,1.0,0.6,0.4800000000000001,1.0,0.0,0.0,0.0,0.0,0.0,0.0,0.0,8.0,8.0,0.8,1.4400000000000002,0.0,0.0,0.0,0.0,0.0,0.0,0.0,0.0,8.0,8.0,1.4,1.3199999999999998,1.0,6.615,37.77,31.155,14.588,9.693200000000001,6.615,0.0,7.853,7.853,4.711799999999999,3.7694400000000003,7.853,0.0,2.25333333333e-05,2.25333333333e-05,2.25333333333e-06,4.055999999994e-06,0.0,194.0,225.0,31.0,200.2,9.919999999999993,194.0,-9.182865881846045,-0.16023355561870775,1,0.7340055865002839
Ca2ZnTiH6,1.0,30.0,29.0,9.8,10.559999999999999,1.0,7.0,92.0,85.0,67.8,29.28,92.0,1.00794,65.38,64.37205999999999,19.945064,22.724548799999997,1.00794,14.01,1941.0,1926.99,494.77400000000006,576.9168,14.01,1.0,12.0,11.0,2.6,2.16,1.0,1.0,4.0,3.0,2.2,1.44,1.0,31.0,176.0,145.0,82.0,61.2,31.0,1.0,2.2,1.2000000000000002,1.839,0.4332000000000001,2.2,1.0,2.0,1.0,1.4,0.48,1.0,0.0,0.0,0.0,0.0,0.0,0.0,0.0,10.0,10.0,1.2,1.9200000000000004,0.0,0.0,0.0,0.0,0.0,0.0,0.0,1.0,12.0,11.0,2.6,2.16,1.0,0.0,1.0,1.0,0.6,0.4800000000000001,1.0,0.0,0.0,0.0,0.0,0.0,0.0,0.0,8.0,8.0,0.8,1.4400000000000002,0.0,0.0,0.0,0.0,0.0,0.0,0.0,0.0,8.0,8.0,1.4,1.3199999999999998,1.0,6.615,37.77,31.155,14.588,9.693200000000001,6.615,0.0,7.853,7.853,4.711799999999999,3.7694400000000003,7.853,0.0,2.25333333333e-05,2.25333333333e-05,2.25333333333e-06,4.055999999993999e-06,0.0,194.0,225.0,31.0,200.2,9.919999999999993,194.0,-9.182865881846045,-0.16023355561870764,1,0.7340055865002839
Rb2MnAlH6,1.0,37.0,36.0,11.8,12.960000000000003,1.0,4.0,92.0,88.0,68.5,29.1,92.0,1.00794,85.4678,84.45985999999999,25.890282359999997,29.858810831999996,1.00794,14.01,1519.0,1504.99,316.14500000000004,364.03600000000006,14.01,1.0,13.0,12.0,2.8,2.88,1.0,1.0,5.0,4.0,2.3,1.56,1.0,31.0,220.0,189.0,88.6,69.12,31.0,0.82,2.2,1.3800000000000003,1.8,0.4800000000000001,2.2,1.0,2.0,1.0,1.2,0.31999999999999995,1.0,0.0,1.0,1.0,0.1,0.18000000000000002,0.0,0.0,5.0,5.0,0.5,0.9,0.0,0.0,0.0,0.0,0.0,0.0,0.0,1.0,7.0,6.0,1.8,1.28,1.0,0.0,1.0,1.0,0.8,0.31999999999999995,1.0,0.0,5.0,5.0,0.5,0.9,0.0,0.0,5.0,5.0,0.5,0.9,0.0,0.0,0.0,0.0,0.0,0.0,0.0,1.0,5.0,4.0,1.8,1.28,1.0,6.615,90.7225,84.1075,24.81025862069,26.364896551723994,6.615,0.0,7.853,7.853,4.711799999999999,3.7694400000000003,7.853,0.0,0.000310120689655,0.000310120689655,3.10120689655e-05,5.58217241379e-05,0.0,194.0,229.0,35.0,206.4,14.88,194.0,-8.755542566204554,0.524977246659128,1,0.7334409169666728
Rb2AlMnH6,1.0,37.0,36.0,11.8,12.960000000000003,1.0,4.0,92.0,88.0,68.5,29.1,92.0,1.00794,85.4678,84.45985999999999,25.890282359999997,29.858810831999996,1.00794,14.01,1519.0,1504.99,316.145,364.036,14.01,1.0,13.0,12.0,2.8,2.88,1.0,1.0,5.0,4.0,2.3,1.56,1.0,31.0,220.0,189.0,88.6,69.12,31.0,0.82,2.2,1.3800000000000003,1.8,0.4800000000000001,2.2,1.0,2.0,1.0,1.2,0.31999999999999995,1.0,0.0,1.0,1.0,0.1,0.18000000000000002,0.0,0.0,5.0,5.0,0.5,0.9,0.0,0.0,0.0,0.0,0.0,0.0,0.0,1.0,7.0,6.0,1.8,1.28,1.0,0.0,1.0,1.0,0.8,0.31999999999999995,1.0,0.0,5.0,5.0,0.5,0.9,0.0,0.0,5.0,5.0,0.5,0.9,0.0,0.0,0.0,0.0,0.0,0.0,0.0,1.0,5.0,4.0,1.8,1.28,1.0,6.615,90.7225,84.1075,24.81025862069,26.364896551723994,6.615,0.0,7.853,7.853,4.711799999999999,3.7694400000000003,7.853,0.0,0.000310120689655,0.000310120689655,3.10120689655e-05,5.58217241379e-05,0.0,194.0,229.0,35.0,206.4,14.88,194.0,-8.755542566204554,0.524977246659128,1,0.7334409169666728
Mg2CoMnH6,1.0,27.0,26.0,8.2,8.64,1.0,52.0,92.0,40.0,79.8,14.64,92.0,1.00794,58.933195,57.925255,16.852888,19.0139376,1.00794,14.01,1768.0,1753.99,521.706,609.2352,14.01,1.0,9.0,8.0,2.6,2.16,1.0,1.0,4.0,3.0,2.0,1.2,1.0,31.0,141.0,110.0,73.3,50.760000000000005,31.0,1.31,2.2,0.8900000000000001,1.925,0.33000000000000007,2.2,1.0,2.0,1.0,1.4,0.48,1.0,0.0,0.0,0.0,0.0,0.0,0.0,0.0,7.0,7.0,1.2,1.92,0.0,0.0,0.0,0.0,0.0,0.0,0.0,1.0,9.0,8.0,2.6,2.16,1.0,0.0,1.0,1.0,0.6,0.4800000000000001,1.0,0.0,0.0,0.0,0.0,0.0,0.0,0.0,5.0,5.0,0.8,1.28,0.0,0.0,0.0,0.0,0.0,0.0,0.0,0.0,5.0,5.0,1.4,1.0399999999999998,1.0,6.615,22.89,16.275,10.620258620689999,4.907896551723999,6.615,0.0,7.853,7.853,4.711799999999999,3.7694400000000003,7.853,0.0,1.5484712,1.5484712,0.1548781320689655,0.2787186135862069,0.0,194.0,217.0,23.0,196.3,4.1400000000000095,194.0,-8.504231125972284,-2.170684924484152,1,0.7310025500791214
Mg2MnCoH6,1.0,27.0,26.0,8.2,8.64,1.0,52.0,92.0,40.0,79.8,14.64,92.0,1.00794,58.933195,57.925255,16.852888,19.0139376,1.00794,14.01,1768.0,1753.99,521.706,609.2352000000001,14.01,1.0,9.0,8.0,2.6,2.16,1.0,1.0,4.0,3.0,2.0,1.2,1.0,31.0,141.0,110.0,73.3,50.760000000000005,31.0,1.31,2.2,0.8900000000000001,1.925,0.33000000000000007,2.2,1.0,2.0,1.0,1.4,0.48,1.0,0.0,0.0,0.0,0.0,0.0,0.0,0.0,7.0,7.0,1.2,1.92,0.0,0.0,0.0,0.0,0.0,0.0,0.0,1.0,9.0,8.0,2.6,2.16,1.0,0.0,1.0,1.0,0.6,0.4800000000000001,1.0,0.0,0.0,0.0,0.0,0.0,0.0,0.0,5.0,5.0,0.8,1.28,0.0,0.0,0.0,0.0,0.0,0.0,0.0,0.0,5.0,5.0,1.4,1.0399999999999998,1.0,6.615,22.89,16.275,10.620258620689999,4.907896551723999,6.615,0.0,7.853,7.853,4.711799999999999,3.7694400000000003,7.853,0.0,1.5484712,1.5484712,0.1548781320689655,0.2787186135862069,0.0,194.0,217.0,23.0,196.3,4.1400000000000095,194.0,-8.504231125972284,-2.170684924484152,1,0.7310025500791214
Li2FeScH6,1.0,26.0,25.0,5.9,7.040000000000001,1.0,1.0,92.0,91.0,62.0,36.0,92.0,1.00794,55.845,54.83706,12.0730552,15.330960320000003,1.00794,14.01,1814.0,1799.99,461.64400000000006,540.3424000000001,14.01,1.0,8.0,7.0,1.9,1.44,1.0,1.0,4.0,3.0,1.8,0.9600000000000002,1.0,31.0,170.0,139.0,74.4,52.08,31.0,0.98,2.2,1.2200000000000002,1.8350000000000002,0.43800000000000006,2.2,1.0,2.0,1.0,1.2,0.31999999999999995,1.0,0.0,0.0,0.0,0.0,0.0,0.0,0.0,6.0,6.0,0.7,1.1199999999999999,0.0,0.0,0.0,0.0,0.0,0.0,0.0,1.0,8.0,7.0,1.9,1.44,1.0,0.0,1.0,1.0,0.8,0.31999999999999995,1.0,0.0,0.0,0.0,0.0,0.0,0.0,0.0,9.0,9.0,1.3,2.08,0.0,0.0,0.0,0.0,0.0,0.0,0.0,1.0,9.0,8.0,2.1,1.7600000000000002,1.0,6.615,22.235,15.62,10.58416666666,4.762999999991999,6.615,0.0,7.853,7.853,4.711799999999999,3.7694400000000003,7.853,0.0,2.1106628,2.1106628,0.21106691500000002,0.379919177,0.0,194.0,229.0,35.0,204.5,14.7,194.0,-10.058612590589249,-0.9603932231994585,1,0.7309166997713714
Li2ScFeH6,1.0,26.0,25.0,5.9,7.040000000000001,1.0,1.0,92.0,91.0,62.0,36.0,92.0,1.00794,55.845,54.83706,12.073055199999999,15.330960319999999,1.00794,14.01,1814.0,1799.99,461.64400000000006,540.3424000000001,14.01,1.0,8.0,7.0,1.9,1.44,1.0,1.0,4.0,3.0,1.8,0.9600000000000002,1.0,31.0,170.0,139.0,74.4,52.08,31.0,0.98,2.2,1.2200000000000002,1.8350000000000002,0.43800000000000006,2.2,1.0,2.0,1.0,1.2,0.31999999999999995,1.0,0.0,0.0,0.0,0.0,0.0,0.0,0.0,6.0,6.0,0.7,1.1199999999999999,0.0,0.0,0.0,0.0,0.0,0.0,0.0,1.0,8.0,7.0,1.9,1.44,1.0,0.0,1.0,1.0,0.8,0.31999999999999995,1.0,0.0,0.0,0.0,0.0,0.0,0.0,0.0,9.0,9.0,1.3,2.08,0.0,0.0,0.0,0.0,0.0,0.0,0.0,1.0,9.0,8.0,2.1,1.7600000000000002,1.0,6.615,22.235,15.62,10.58416666666,4.762999999991999,6.615,0.0,7.853,7.853,4.711799999999999,3.7694400000000003,7.853,0.0,2.1106628,2.1106628,0.21106691500000002,0.37991917700000005,0.0,194.0,229.0,35.0,204.5,14.7,194.0,-10.058612590589249,-0.9603932231994585,1,0.7309166997713714
Mg2AlMnH6,1.0,25.0,24.0,6.8,6.959999999999999,1.0,52.0,92.0,40.0,81.3,12.84,92.0,1.00794,54.938045,53.930105000000005,13.657722360000003,15.179738832000002,1.00794,14.01,1519.0,1504.99,438.25300000000004,509.0916,14.01,1.0,13.0,12.0,3.0,2.8,1.0,1.0,4.0,3.0,1.9,1.08,1.0,31.0,141.0,110.0,72.8,50.160000000000004,31.0,1.31,2.2,0.8900000000000001,1.8980000000000001,0.36240000000000006,2.2,1.0,2.0,1.0,1.4,0.48,1.0,0.0,1.0,1.0,0.1,0.18000000000000002,0.0,0.0,5.0,5.0,0.5,0.9,0.0,0.0,0.0,0.0,0.0,0.0,0.0,1.0,7.0,6.0,2.0,1.2,1.0,0.0,1.0,1.0,0.6,0.4800000000000001,1.0,0.0,5.0,5.0,0.5,0.9,0.0,0.0,5.0,5.0,0.5,0.9,0.0,0.0,0.0,0.0,0.0,0.0,0.0,0.0,5.0,5.0,1.6,1.36,1.0,6.615,22.89,16.275,11.24375862069,5.705744827586,6.615,0.0,7.853,7.853,4.711799999999999,3.7694400000000003,7.853,0.0,0.000310120689655,0.000310120689655,3.10120689655e-05,5.58217241379e-05,0.0,194.0,225.0,31.0,199.4,8.640000000000004,194.0,-6.11561541382902,-3.746925183207972,1,0.7305468777001718
Mg2MnAlH6,1.0,25.0,24.0,6.8,6.959999999999999,1.0,52.0,92.0,40.0,81.3,12.84,92.0,1.00794,54.938045,53.930105000000005,13.65772236,15.179738831999998,1.00794,14.01,1519.0,1504.99,438.25300000000004,509.0916000000001,14.01,1.0,13.0,12.0,3.0,2.8,1.0,1.0,4.0,3.0,1.9,1.08,1.0,31.0,141.0,110.0,72.8,50.160000000000004,31.0,1.31,2.2,0.8900000000000001,1.8980000000000001,0.36240000000000006,2.2,1.0,2.0,1.0,1.4,0.48,1.0,0.0,1.0,1.0,0.1,0.18000000000000002,0.0,0.0,5.0,5.0,0.5,0.9,0.0,0.0,0.0,0.0,0.0,0.0,0.0,1.0,7.0,6.0,2.0,1.2,1.0,0.0,1.0,1.0,0.6,0.4800000000000001,1.0,0.0,5.0,5.0,0.5,0.9,0.0,0.0,5.0,5.0,0.5,0.9,0.0,0.0,0.0,0.0,0.0,0.0,0.0,0.0,5.0,5.0,1.6,1.36,1.0,6.615,22.89,16.275,11.243758620689999,5.705744827586,6.615,0.0,7.853,7.853,4.711799999999999,3.7694400000000003,7.853,0.0,0.000310120689655,0.000310120689655,3.10120689655e-05,5.58217241379e-05,0.0,194.0,225.0,31.0,199.4,8.640000000000004,194.0,-6.11561541382902,-3.746925183207972,1,0.7305468777001718
Na2ZnVH6,1.0,30.0,29.0,8.1,8.52,1.0,2.0,92.0,90.0,67.1,30.26,92.0,1.00794,65.38,64.37205999999999,16.834867856,18.9923134272,1.00794,14.01,2183.0,2168.99,370.148,427.3656,14.01,1.0,12.0,11.0,2.5,2.4,1.0,1.0,4.0,3.0,2.0,1.2,1.0,31.0,166.0,135.0,79.3,57.959999999999994,31.0,0.93,2.2,1.27,1.834,0.43920000000000015,2.2,1.0,2.0,1.0,1.2,0.31999999999999995,1.0,0.0,0.0,0.0,0.0,0.0,0.0,0.0,10.0,10.0,1.3,2.0799999999999996,0.0,0.0,0.0,0.0,0.0,0.0,0.0,1.0,12.0,11.0,2.5,2.4,1.0,0.0,1.0,1.0,0.8,0.31999999999999995,1.0,0.0,0.0,0.0,0.0,0.0,0.0,0.0,7.0,7.0,0.7,1.2599999999999998,0.0,0.0,0.0,0.0,0.0,0.0,0.0,0.0,7.0,7.0,1.5,1.1,1.0,6.615,29.2433333333,22.6283333333,12.514666666660002,7.079599999992,6.615,0.0,7.853,7.853,4.711799999999999,3.7694400000000003,7.853,0.0,0.0,0.0,0.0,0.0,0.0,194.0,229.0,35.0,204.5,14.7,194.0,-9.109082400446367,-0.6915573759342662,1,0.7292158223455933
Na2VZnH6,1.0,30.0,29.0,8.1,8.52,1.0,2.0,92.0,90.0,67.1,30.26,92.0,1.00794,65.38,64.37205999999999,16.834867856,18.9923134272,1.00794,14.01,2183.0,2168.99,370.14799999999997,427.3656000000001,14.01,1.0,12.0,11.0,2.5,2.4,1.0,1.0,4.0,3.0,2.0,1.2,1.0,31.0,166.0,135.0,79.3,57.959999999999994,31.0,0.93,2.2,1.27,1.8340000000000003,0.43920000000000015,2.2,1.0,2.0,1.0,1.2,0.31999999999999995,1.0,0.0,0.0,0.0,0.0,0.0,0.0,0.0,10.0,10.0,1.3,2.08,0.0,0.0,0.0,0.0,0.0,0.0,0.0,1.0,12.0,11.0,2.5,2.4,1.0,0.0,1.0,1.0,0.8,0.31999999999999995,1.0,0.0,0.0,0.0,0.0,0.0,0.0,0.0,7.0,7.0,0.7,1.2599999999999998,0.0,0.0,0.0,0.0,0.0,0.0,0.0,0.0,7.0,7.0,1.5,1.1,1.0,6.615,29.2433333333,22.6283333333,12.51466666666,7.079599999992001,6.615,0.0,7.853,7.853,4.711799999999999,3.7694400000000003,7.853,0.0,0.0,0.0,0.0,0.0,0.0,194.0,229.0,35.0,204.5,14.7,194.0,-9.109082400446367,-0.6915573759342664,1,0.7292158223455933
Mg2ZnNiH6,1.0,30.0,29.0,8.8,9.36,1.0,61.0,92.0,31.0,81.8,12.24,92.0,1.00794,65.38,64.37205999999999,17.873104,20.238196799999997,1.00794,14.01,1728.0,1713.99,435.07400000000007,505.2768,14.01,1.0,12.0,11.0,3.2,3.12,1.0,1.0,4.0,3.0,2.0,1.2,1.0,31.0,141.0,110.0,71.4,48.480000000000004,31.0,1.31,2.2,0.8900000000000001,1.9380000000000002,0.3144000000000001,2.2,1.0,2.0,1.0,1.4,0.48,1.0,0.0,0.0,0.0,0.0,0.0,0.0,0.0,10.0,10.0,1.8,2.88,0.0,0.0,0.0,0.0,0.0,0.0,0.0,1.0,12.0,11.0,3.2,3.12,1.0,0.0,1.0,1.0,0.6,0.4800000000000001,1.0,0.0,0.0,0.0,0.0,0.0,0.0,0.0,2.0,2.0,0.2,0.36000000000000004,0.0,0.0,0.0,0.0,0.0,0.0,0.0,0.0,2.0,2.0,0.8,0.4800000000000001,1.0,6.615,22.89,16.275,10.975,5.363,6.615,0.0,7.853,7.853,4.711799999999999,3.7694400000000003,7.853,0.0,0.5953947,0.5953947,0.059539470000000004,0.107171046,0.0,194.0,225.0,31.0,197.1,5.579999999999996,194.0,-7.454648006748498,-2.4362040042949613,1,0.7287264338946393
Mg2NiZnH6,1.0,30.0,29.0,8.8,9.36,1.0,61.0,92.0,31.0,81.8,12.24,92.0,1.00794,65.38,64.37205999999999,17.873104,20.238196799999997,1.00794,14.01,1728.0,1713.99,435.07400000000007,505.2768,14.01,1.0,12.0,11.0,3.2,3.12,1.0,1.0,4.0,3.0,2.0,1.2,1.0,31.0,141.0,110.0,71.4,48.480000000000004,31.0,1.31,2.2,0.8900000000000001,1.9380000000000002,0.3144000000000001,2.2,1.0,2.0,1.0,1.4,0.48,1.0,0.0,0.0,0.0,0.0,0.0,0.0,0.0,10.0,10.0,1.8,2.88,0.0,0.0,0.0,0.0,0.0,0.0,0.0,1.0,12.0,11.0,3.2,3.12,1.0,0.0,1.0,1.0,0.6,0.4800000000000001,1.0,0.0,0.0,0.0,0.0,0.0,0.0,0.0,2.0,2.0,0.2,0.36000000000000004,0.0,0.0,0.0,0.0,0.0,0.0,0.0,0.0,2.0,2.0,0.8,0.47999999999999987,1.0,6.615,22.89,16.275,10.975,5.3629999999999995,6.615,0.0,7.853,7.853,4.711799999999999,3.7694400000000003,7.853,0.0,0.5953947,0.5953947,0.059539470000000004,0.107171046,0.0,194.0,225.0,31.0,197.1,5.579999999999996,194.0,-7.454648006748498,-2.4362040042949613,1,0.7287264338946393
Ca2AlZnH6,1.0,30.0,29.0,8.9,9.48,1.0,7.0,92.0,85.0,70.8,25.880000000000006,92.0,1.00794,65.38,64.37205999999999,17.85651786,20.218293432000003,1.00794,14.01,1115.0,1100.99,394.021,456.01320000000004,14.01,1.0,13.0,12.0,3.5,3.6,1.0,1.0,4.0,3.0,2.1,1.3199999999999998,1.0,31.0,176.0,145.0,78.1,56.52,31.0,1.0,2.2,1.2000000000000002,1.846,0.4248000000000001,2.2,1.0,2.0,1.0,1.4,0.48,1.0,0.0,1.0,1.0,0.1,0.18000000000000002,0.0,0.0,10.0,10.0,1.0,1.8,0.0,0.0,0.0,0.0,0.0,0.0,0.0,1.0,12.0,11.0,2.5,2.0,1.0,0.0,1.0,1.0,0.6,0.4800000000000001,1.0,0.0,5.0,5.0,0.5,0.9,0.0,0.0,0.0,0.0,0.0,0.0,0.0,0.0,0.0,0.0,0.0,0.0,0.0,0.0,5.0,5.0,1.1,0.78,1.0,6.615,37.77,31.155,14.567000000000002,9.6638,6.615,0.0,7.853,7.853,4.711799999999999,3.7694400000000003,7.853,0.0,0.0,0.0,0.0,0.0,0.0,194.0,225.0,31.0,203.3,13.020000000000005,194.0,-6.664004412540387,-2.0180439427875774,1,0.7284751150012607
Ca2ZnAlH6,1.0,30.0,29.0,8.9,9.48,1.0,7.0,92.0,85.0,70.8,25.879999999999995,92.0,1.00794,65.38,64.37205999999999,17.85651786,20.218293432000003,1.00794,14.01,1115.0,1100.99,394.02099999999996,456.0132,14.01,1.0,13.0,12.0,3.5,3.6,1.0,1.0,4.0,3.0,2.1,1.3199999999999998,1.0,31.0,176.0,145.0,78.1,56.52,31.0,1.0,2.2,1.2000000000000002,1.846,0.4248000000000001,2.2,1.0,2.0,1.0,1.4,0.48,1.0,0.0,1.0,1.0,0.1,0.18000000000000002,0.0,0.0,10.0,10.0,1.0,1.8,0.0,0.0,0.0,0.0,0.0,0.0,0.0,1.0,12.0,11.0,2.5,2.0,1.0,0.0,1.0,1.0,0.6,0.4800000000000001,1.0,0.0,5.0,5.0,0.5,0.9,0.0,0.0,0.0,0.0,0.0,0.0,0.0,0.0,0.0,0.0,0.0,0.0,0.0,0.0,5.0,5.0,1.1,0.78,1.0,6.615,37.77,31.155,14.567000000000002,9.6638,6.615,0.0,7.853,7.853,4.711799999999999,3.7694400000000003,7.853,0.0,0.0,0.0,0.0,0.0,0.0,194.0,225.0,31.0,203.3,13.020000000000005,194.0,-6.664004412540387,-2.0180439427875774,1,0.7284751150012607
Mg2FeCuH6,1.0,29.0,28.0,8.5,9.0,1.0,55.0,92.0,37.0,80.7,13.559999999999999,92.0,1.00794,63.546,62.53806,17.404864,19.676308799999997,1.00794,14.01,1811.0,1796.99,509.8830000000001,595.0476000000001,14.01,1.0,11.0,10.0,2.9,2.6399999999999997,1.0,1.0,4.0,3.0,2.0,1.2,1.0,31.0,141.0,110.0,73.2,50.64,31.0,1.31,2.2,0.8900000000000001,1.955,0.2940000000000001,2.2,1.0,2.0,1.0,1.3,0.41999999999999993,1.0,0.0,0.0,0.0,0.0,0.0,0.0,0.0,10.0,10.0,1.6,2.56,0.0,0.0,0.0,0.0,0.0,0.0,0.0,1.0,11.0,10.0,2.9,2.6399999999999997,1.0,0.0,1.0,1.0,0.7,0.41999999999999993,1.0,0.0,0.0,0.0,0.0,0.0,0.0,0.0,4.0,4.0,0.4,0.7200000000000001,0.0,0.0,0.0,0.0,0.0,0.0,0.0,0.0,4.0,4.0,1.1,0.58,1.0,6.615,22.89,16.275,10.727,4.9344,6.615,0.0,7.853,7.853,4.711799999999999,3.7694400000000003,7.853,0.0,2.1106628,2.1106628,0.21106628,0.37991930399999996,0.0,194.0,229.0,35.0,200.6,10.559999999999997,194.0,-8.293815668759441,-2.054817277037066,1,0.7283879177305235
Mg2CuFeH6,1.0,29.0,28.0,8.5,9.0,1.0,55.0,92.0,37.0,80.7,13.559999999999999,92.0,1.00794,63.546,62.53806,17.404864,19.676308799999997,1.00794,14.01,1811.0,1796.99,509.8830000000001,595.0476000000001,14.01,1.0,11.0,10.0,2.9,2.6399999999999997,1.0,1.0,4.0,3.0,2.0,1.2,1.0,31.0,141.0,110.0,73.2,50.64,31.0,1.31,2.2,0.8900000000000001,1.955,0.2940000000000001,2.2,1.0,2.0,1.0,1.3,0.42000000000000004,1.0,0.0,0.0,0.0,0.0,0.0,0.0,0.0,10.0,10.0,1.6,2.56,0.0,0.0,0.0,0.0,0.0,0.0,0.0,1.0,11.0,10.0,2.9,2.6399999999999997,1.0,0.0,1.0,1.0,0.7,0.42000000000000004,1.0,0.0,0.0,0.0,0.0,0.0,0.0,0.0,4.0,4.0,0.4,0.7200000000000001,0.0,0.0,0.0,0.0,0.0,0.0,0.0,0.0,4.0,4.0,1.1,0.5800000000000001,1.0,6.615,22.89,16.275,10.727,4.9344,6.615,0.0,7.853,7.853,4.711799999999999,3.7694400000000003,7.853,0.0,2.1106628,2.1106628,0.21106628,0.37991930399999996,0.0,194.0,229.0,35.0,200.6,10.559999999999997,194.0,-8.293815668759441,-2.054817277037066,1,0.7283879177305235
Li2CuCoH6,1.0,29.0,28.0,6.8,8.48,1.0,1.0,92.0,91.0,67.6,29.28,92.0,1.00794,63.546,62.53806,14.2408835,18.7994856,1.00794,14.01,1768.0,1753.99,411.721,477.2532,14.01,1.0,11.0,10.0,2.8,2.88,1.0,1.0,4.0,3.0,1.8,0.9600000000000002,1.0,31.0,132.0,101.0,70.0,46.8,31.0,0.98,2.2,1.2200000000000002,1.8940000000000001,0.36840000000000006,2.2,1.0,2.0,1.0,1.1,0.18000000000000008,1.0,0.0,0.0,0.0,0.0,0.0,0.0,0.0,10.0,10.0,1.7,2.7199999999999998,0.0,0.0,0.0,0.0,0.0,0.0,0.0,1.0,11.0,10.0,2.8,2.88,1.0,0.0,1.0,1.0,0.9,0.18,1.0,0.0,0.0,0.0,0.0,0.0,0.0,0.0,3.0,3.0,0.3,0.54,0.0,0.0,0.0,0.0,0.0,0.0,0.0,1.0,3.0,2.0,1.2,0.36,1.0,6.615,16.5933333333,9.978333333299998,9.419166666659999,3.364999999991999,6.615,0.0,7.853,7.853,4.711799999999999,3.7694400000000003,7.853,0.0,1.5484712,1.5484712,0.15484712,0.278724816,0.0,194.0,229.0,35.0,204.1,14.139999999999997,194.0,-8.67264232202217,-1.759811248315992,1,0.7282048206187706
Li2CoCuH6,1.0,29.0,28.0,6.8,8.48,1.0,1.0,92.0,91.0,67.6,29.28,92.0,1.00794,63.546,62.53806,14.2408835,18.7994856,1.00794,14.01,1768.0,1753.99,411.721,477.2532,14.01,1.0,11.0,10.0,2.8,2.88,1.0,1.0,4.0,3.0,1.8,0.9600000000000002,1.0,31.0,132.0,101.0,70.0,46.8,31.0,0.98,2.2,1.2200000000000002,1.8940000000000001,0.36840000000000006,2.2,1.0,2.0,1.0,1.1,0.18000000000000008,1.0,0.0,0.0,0.0,0.0,0.0,0.0,0.0,10.0,10.0,1.7,2.7199999999999998,0.0,0.0,0.0,0.0,0.0,0.0,0.0,1.0,11.0,10.0,2.8,2.88,1.0,0.0,1.0,1.0,0.9,0.18,1.0,0.0,0.0,0.0,0.0,0.0,0.0,0.0,3.0,3.0,0.3,0.54,0.0,0.0,0.0,0.0,0.0,0.0,0.0,1.0,3.0,2.0,1.2,0.36,1.0,6.615,16.5933333333,9.978333333299998,9.419166666659999,3.364999999991999,6.615,0.0,7.853,7.853,4.711799999999999,3.7694400000000003,7.853,0.0,1.5484712,1.5484712,0.15484712,0.278724816,0.0,194.0,229.0,35.0,204.1,14.139999999999997,194.0,-8.67264232202217,-1.759811248315992,1,0.7282048206187706
Mg2CuNiH6,1.0,29.0,28.0,8.7,9.24,1.0,61.0,92.0,31.0,81.3,12.84,92.0,1.00794,63.546,62.53806,17.689704,20.018116799999998,1.00794,14.01,1728.0,1713.99,501.5830000000001,585.0876000000001,14.01,1.0,11.0,10.0,3.1,2.96,1.0,1.0,4.0,3.0,2.0,1.2,1.0,31.0,141.0,110.0,72.4,49.68,31.0,1.31,2.2,0.8900000000000001,1.9630000000000003,0.28440000000000004,2.2,1.0,2.0,1.0,1.3,0.42000000000000004,1.0,0.0,0.0,0.0,0.0,0.0,0.0,0.0,10.0,10.0,1.8,2.88,0.0,0.0,0.0,0.0,0.0,0.0,0.0,1.0,11.0,10.0,3.1,2.96,1.0,0.0,1.0,1.0,0.7,0.42000000000000004,1.0,0.0,0.0,0.0,0.0,0.0,0.0,0.0,2.0,2.0,0.2,0.36000000000000004,0.0,0.0,0.0,0.0,0.0,0.0,0.0,0.0,2.0,2.0,0.9,0.36,1.0,6.615,22.89,16.275,10.686,4.9584,6.615,0.0,7.853,7.853,4.711799999999999,3.7694400000000003,7.853,0.0,0.5953947,0.5953947,0.059539470000000004,0.107171046,0.0,194.0,225.0,31.0,200.2,9.919999999999993,194.0,-7.788965939581015,-2.4754574904529805,1,0.7264417241096089
Mg2NiCuH6,1.0,29.0,28.0,8.7,9.24,1.0,61.0,92.0,31.0,81.3,12.84,92.0,1.00794,63.546,62.53806,17.689704,20.018116799999998,1.00794,14.01,1728.0,1713.99,501.5830000000001,585.0876000000001,14.01,1.0,11.0,10.0,3.1,2.96,1.0,1.0,4.0,3.0,2.0,1.2,1.0,31.0,141.0,110.0,72.4,49.68,31.0,1.31,2.2,0.8900000000000001,1.9630000000000003,0.28440000000000004,2.2,1.0,2.0,1.0,1.3,0.41999999999999993,1.0,0.0,0.0,0.0,0.0,0.0,0.0,0.0,10.0,10.0,1.8,2.88,0.0,0.0,0.0,0.0,0.0,0.0,0.0,1.0,11.0,10.0,3.1,2.96,1.0,0.0,1.0,1.0,0.7,0.41999999999999993,1.0,0.0,0.0,0.0,0.0,0.0,0.0,0.0,2.0,2.0,0.2,0.36000000000000004,0.0,0.0,0.0,0.0,0.0,0.0,0.0,0.0,2.0,2.0,0.9,0.36000000000000004,1.0,6.615,22.89,16.275,10.686,4.9584,6.615,0.0,7.853,7.853,4.711799999999999,3.7694400000000003,7.853,0.0,0.5953947,0.5953947,0.059539470000000004,0.107171046,0.0,194.0,225.0,31.0,200.2,9.919999999999993,194.0,-7.788965939581015,-2.4754574904529805,1,0.7264417241096089
Li2ScCoH6,1.0,27.0,26.0,6.0,7.2,1.0,1.0,92.0,91.0,62.3,35.64,92.0,1.00794,58.933195,57.925255,12.381874700000001,15.82507152,1.00794,14.01,1814.0,1799.99,457.34400000000005,533.4624,14.01,1.0,9.0,8.0,2.0,1.6,1.0,1.0,4.0,3.0,1.8,0.9600000000000002,1.0,31.0,170.0,139.0,73.8,51.35999999999999,31.0,0.98,2.2,1.2200000000000002,1.8400000000000003,0.44000000000000006,2.2,1.0,2.0,1.0,1.2,0.31999999999999995,1.0,0.0,0.0,0.0,0.0,0.0,0.0,0.0,7.0,7.0,0.8,1.28,0.0,0.0,0.0,0.0,0.0,0.0,0.0,1.0,9.0,8.0,2.0,1.6,1.0,0.0,1.0,1.0,0.8,0.31999999999999995,1.0,0.0,0.0,0.0,0.0,0.0,0.0,0.0,9.0,9.0,1.2,1.92,0.0,0.0,0.0,0.0,0.0,0.0,0.0,1.0,9.0,8.0,2.0,1.6,1.0,6.615,22.235,15.62,10.53566666666,4.762933333324,6.615,0.0,7.853,7.853,4.711799999999999,3.7694400000000003,7.853,0.0,1.5484712,1.5484712,0.154847755,0.278724689,0.0,194.0,229.0,35.0,201.0,11.2,194.0,-9.792356639995944,-0.9660953459437801,1,0.7263087885985748
Li2CoScH6,1.0,27.0,26.0,6.0,7.2,1.0,1.0,92.0,91.0,62.3,35.64,92.0,1.00794,58.933195,57.925255,12.381874700000001,15.82507152,1.00794,14.01,1814.0,1799.99,457.34400000000005,533.4624,14.01,1.0,9.0,8.0,2.0,1.6,1.0,1.0,4.0,3.0,1.8,0.9600000000000002,1.0,31.0,170.0,139.0,73.8,51.35999999999999,31.0,0.98,2.2,1.2200000000000002,1.8400000000000003,0.43999999999999995,2.2,1.0,2.0,1.0,1.2,0.31999999999999995,1.0,0.0,0.0,0.0,0.0,0.0,0.0,0.0,7.0,7.0,0.8,1.28,0.0,0.0,0.0,0.0,0.0,0.0,0.0,1.0,9.0,8.0,2.0,1.6,1.0,0.0,1.0,1.0,0.8,0.31999999999999995,1.0,0.0,0.0,0.0,0.0,0.0,0.0,0.0,9.0,9.0,1.2,1.92,0.0,0.0,0.0,0.0,0.0,0.0,0.0,1.0,9.0,8.0,2.0,1.6,1.0,6.615,22.235,15.62,10.53566666666,4.762933333324,6.615,0.0,7.853,7.853,4.711799999999999,3.7694400000000003,7.853,0.0,1.5484712,1.5484712,0.154847755,0.278724689,0.0,194.0,229.0,35.0,201.0,11.2,194.0,-9.792356639995944,-0.9660953459437801,1,0.7263087885985748
Mg2VMnH6,1.0,25.0,24.0,7.8,8.16,1.0,46.0,92.0,46.0,78.6,16.080000000000002,92.0,1.00794,54.938045,53.930105000000005,16.053718500000002,18.054934199999998,1.00794,14.01,2183.0,2168.99,563.206,659.0352,14.01,1.0,7.0,6.0,2.2,1.52,1.0,1.0,4.0,3.0,2.0,1.2,1.0,31.0,153.0,122.0,76.0,54.0,31.0,1.31,2.2,0.8900000000000001,1.9,0.36000000000000015,2.2,1.0,2.0,1.0,1.4,0.48,1.0,0.0,0.0,0.0,0.0,0.0,0.0,0.0,5.0,5.0,0.8,1.28,0.0,0.0,0.0,0.0,0.0,0.0,0.0,1.0,7.0,6.0,2.2,1.52,1.0,0.0,1.0,1.0,0.6,0.4800000000000001,1.0,0.0,0.0,0.0,0.0,0.0,0.0,0.0,7.0,7.0,1.2,1.92,0.0,0.0,0.0,0.0,0.0,0.0,0.0,0.0,7.0,7.0,1.8,1.6800000000000002,1.0,6.615,22.89,16.275,10.89675862069,5.219944827586,6.615,0.0,7.853,7.853,4.711799999999999,3.7694400000000003,7.853,0.0,0.000310120689655,0.000310120689655,3.10120689655e-05,5.58217241379e-05,0.0,194.0,229.0,35.0,199.8,9.280000000000006,194.0,-8.922870520393245,-2.0258735178913017,1,0.7247151896895718
Mg2MnVH6,1.0,25.0,24.0,7.8,8.16,1.0,46.0,92.0,46.0,78.6,16.080000000000002,92.0,1.00794,54.938045,53.930105000000005,16.0537185,18.0549342,1.00794,14.01,2183.0,2168.99,563.206,659.0352,14.01,1.0,7.0,6.0,2.2,1.52,1.0,1.0,4.0,3.0,2.0,1.2,1.0,31.0,153.0,122.0,76.0,54.0,31.0,1.31,2.2,0.8900000000000001,1.9,0.36000000000000015,2.2,1.0,2.0,1.0,1.4,0.48,1.0,0.0,0.0,0.0,0.0,0.0,0.0,0.0,5.0,5.0,0.8,1.28,0.0,0.0,0.0,0.0,0.0,0.0,0.0,1.0,7.0,6.0,2.2,1.52,1.0,0.0,1.0,1.0,0.6,0.4800000000000001,1.0,0.0,0.0,0.0,0.0,0.0,0.0,0.0,7.0,7.0,1.2,1.92,0.0,0.0,0.0,0.0,0.0,0.0,0.0,0.0,7.0,7.0,1.8,1.6800000000000002,1.0,6.615,22.89,16.275,10.89675862069,5.219944827586,6.615,0.0,7.853,7.853,4.711799999999999,3.7694400000000003,7.853,0.0,0.000310120689655,0.000310120689655,3.10120689655e-05,5.58217241379e-05,0.0,194.0,229.0,35.0,199.8,9.280000000000006,194.0,-8.922870520393245,-2.0258735178913017,1,0.7247151896895718
Li2CuAlH6,1.0,29.0,28.0,5.4,6.24,1.0,1.0,92.0,91.0,69.1,28.26,92.0,1.00794,63.546,62.53806,11.04571786,13.687220575999998,1.00794,14.01,1357.77,1343.76,328.268,377.10959999999994,14.01,1.0,13.0,12.0,3.2,3.5200000000000005,1.0,1.0,4.0,3.0,1.7,0.8399999999999999,1.0,31.0,132.0,101.0,69.5,46.2,31.0,0.98,2.2,1.2200000000000002,1.8670000000000002,0.40619999999999995,2.2,1.0,2.0,1.0,1.1,0.18000000000000008,1.0,0.0,1.0,1.0,0.1,0.18000000000000002,0.0,0.0,10.0,10.0,1.0,1.8,0.0,0.0,0.0,0.0,0.0,0.0,0.0,1.0,11.0,10.0,2.2,1.9200000000000004,1.0,0.0,1.0,1.0,0.9,0.18,1.0,0.0,5.0,5.0,0.5,0.9,0.0,0.0,0.0,0.0,0.0,0.0,0.0,0.0,0.0,0.0,0.0,0.0,0.0,1.0,5.0,4.0,1.4,0.72,1.0,6.615,16.5933333333,9.978333333299998,10.04266666666,4.113199999992,6.615,0.0,7.853,7.853,4.711799999999999,3.7694400000000003,7.853,0.0,0.0,0.0,0.0,0.0,0.0,194.0,229.0,35.0,207.2,15.839999999999998,194.0,-6.464945026176484,-3.225609846755394,1,0.7229274463827374
Li2AlCuH6,1.0,29.0,28.0,5.4,6.24,1.0,1.0,92.0,91.0,69.1,28.26,92.0,1.00794,63.546,62.53806,11.04571786,13.687220575999998,1.00794,14.01,1357.77,1343.76,328.268,377.10959999999994,14.01,1.0,13.0,12.0,3.2,3.5200000000000005,1.0,1.0,4.0,3.0,1.7,0.8399999999999999,1.0,31.0,132.0,101.0,69.5,46.2,31.0,0.98,2.2,1.2200000000000002,1.8670000000000002,0.40619999999999995,2.2,1.0,2.0,1.0,1.1,0.18000000000000008,1.0,0.0,1.0,1.0,0.1,0.18000000000000002,0.0,0.0,10.0,10.0,1.0,1.8,0.0,0.0,0.0,0.0,0.0,0.0,0.0,1.0,11.0,10.0,2.2,1.9200000000000004,1.0,0.0,1.0,1.0,0.9,0.18,1.0,0.0,5.0,5.0,0.5,0.9,0.0,0.0,0.0,0.0,0.0,0.0,0.0,0.0,0.0,0.0,0.0,0.0,0.0,1.0,5.0,4.0,1.4,0.72,1.0,6.615,16.5933333333,9.978333333299998,10.04266666666,4.113199999992,6.615,0.0,7.853,7.853,4.711799999999999,3.7694400000000003,7.853,0.0,0.0,0.0,0.0,0.0,0.0,194.0,229.0,35.0,207.2,15.839999999999998,194.0,-6.464945026176484,-3.225609846755394,1,0.7229274463827374
Mg2CoVH6,1.0,27.0,26.0,8.0,8.4,1.0,46.0,92.0,46.0,79.2,15.36,92.0,1.00794,58.933195,57.925255,16.4532335,18.5343522,1.00794,14.01,2183.0,2168.99,588.106,688.9152,14.01,1.0,9.0,8.0,2.4,1.8399999999999999,1.0,1.0,4.0,3.0,2.0,1.2,1.0,31.0,153.0,122.0,74.7,52.44000000000001,31.0,1.31,2.2,0.8900000000000001,1.9330000000000003,0.3204000000000001,2.2,1.0,2.0,1.0,1.4,0.48,1.0,0.0,0.0,0.0,0.0,0.0,0.0,0.0,7.0,7.0,1.0,1.6,0.0,0.0,0.0,0.0,0.0,0.0,0.0,1.0,9.0,8.0,2.4,1.8399999999999999,1.0,0.0,1.0,1.0,0.6,0.4800000000000001,1.0,0.0,0.0,0.0,0.0,0.0,0.0,0.0,7.0,7.0,1.0,1.6,0.0,0.0,0.0,0.0,0.0,0.0,0.0,0.0,7.0,7.0,1.6,1.36,1.0,6.615,22.89,16.275,10.872499999999999,5.2345,6.615,0.0,7.853,7.853,4.711799999999999,3.7694400000000003,7.853,0.0,1.5484712,1.5484712,0.15484712,0.278724816,0.0,194.0,229.0,35.0,197.5,6.3,194.0,-8.83141028481266,-1.8064243971004919,1,0.7211847079658753
Mg2VCoH6,1.0,27.0,26.0,8.0,8.4,1.0,46.0,92.0,46.0,79.2,15.36,92.0,1.00794,58.933195,57.925255,16.4532335,18.5343522,1.00794,14.01,2183.0,2168.99,588.106,688.9152,14.01,1.0,9.0,8.0,2.4,1.8399999999999999,1.0,1.0,4.0,3.0,2.0,1.2,1.0,31.0,153.0,122.0,74.7,52.44000000000001,31.0,1.31,2.2,0.8900000000000001,1.9330000000000003,0.3204000000000001,2.2,1.0,2.0,1.0,1.4,0.48,1.0,0.0,0.0,0.0,0.0,0.0,0.0,0.0,7.0,7.0,1.0,1.6,0.0,0.0,0.0,0.0,0.0,0.0,0.0,1.0,9.0,8.0,2.4,1.8399999999999999,1.0,0.0,1.0,1.0,0.6,0.4800000000000001,1.0,0.0,0.0,0.0,0.0,0.0,0.0,0.0,7.0,7.0,1.0,1.6,0.0,0.0,0.0,0.0,0.0,0.0,0.0,0.0,7.0,7.0,1.6,1.36,1.0,6.615,22.89,16.275,10.872499999999999,5.2345,6.615,0.0,7.853,7.853,4.711799999999999,3.7694400000000003,7.853,0.0,1.5484712,1.5484712,0.15484712,0.278724816,0.0,194.0,229.0,35.0,197.5,6.3,194.0,-8.83141028481266,-1.8064243971004919,1,0.7211847079658753
Na2CrCuH6,1.0,29.0,28.0,8.1,8.52,1.0,2.0,92.0,90.0,66.9,30.119999999999997,92.0,1.00794,63.546,62.53806,16.756927855999997,18.8987854272,1.00794,14.01,2180.0,2165.99,436.3570000000001,533.0112000000001,14.01,1.0,11.0,10.0,2.5,2.4,1.0,1.0,4.0,3.0,2.0,1.2,1.0,31.0,166.0,135.0,78.9,57.48,31.0,0.93,2.2,1.27,1.862,0.41320000000000007,2.2,1.0,1.0,0.0,1.0,0.0,1.0,0.0,0.0,0.0,0.0,0.0,0.0,0.0,10.0,10.0,1.5,2.4,0.0,0.0,0.0,0.0,0.0,0.0,0.0,1.0,11.0,10.0,2.5,2.4,1.0,1.0,1.0,0.0,1.0,0.0,1.0,0.0,0.0,0.0,0.0,0.0,0.0,0.0,5.0,5.0,0.5,0.9,0.0,0.0,0.0,0.0,0.0,0.0,0.0,1.0,6.0,5.0,1.5,0.9,1.0,6.615,29.2433333333,22.6283333333,12.043666666659998,6.879866666655998,6.615,0.0,7.853,7.853,4.711799999999999,3.7694400000000003,7.853,0.0,0.0,0.0,0.0,0.0,0.0,194.0,229.0,35.0,207.6,16.32,194.0,-11.43422789761446,0.018478040100137812,1,0.72
Li2CuMnH6,1.0,29.0,28.0,6.6,8.16,1.0,1.0,92.0,91.0,67.0,30.0,92.0,1.00794,63.546,62.53806,13.841368499999998,18.160261600000002,1.00794,14.01,1519.0,1504.99,386.821,447.3732,14.01,1.0,11.0,10.0,2.6,2.56,1.0,1.0,4.0,3.0,1.8,0.9600000000000002,1.0,31.0,139.0,108.0,71.3,48.36,31.0,0.98,2.2,1.2200000000000002,1.861,0.4146000000000001,2.2,1.0,2.0,1.0,1.1,0.18000000000000008,1.0,0.0,0.0,0.0,0.0,0.0,0.0,0.0,10.0,10.0,1.5,2.4,0.0,0.0,0.0,0.0,0.0,0.0,0.0,1.0,11.0,10.0,2.6,2.56,1.0,0.0,1.0,1.0,0.9,0.18,1.0,0.0,0.0,0.0,0.0,0.0,0.0,0.0,5.0,5.0,0.5,0.9,0.0,0.0,0.0,0.0,0.0,0.0,0.0,1.0,5.0,4.0,1.4,0.72,1.0,6.615,16.5933333333,9.978333333299998,9.44342528735,3.3941103448199996,6.615,0.0,7.853,7.853,4.711799999999999,3.7694400000000003,7.853,0.0,0.000310120689655,0.000310120689655,3.10120689655e-05,5.58217241379e-05,0.0,194.0,229.0,35.0,206.4,14.88,194.0,-8.694121525651898,-1.6079461701561217,1,0.72
Na2CuCrH6,1.0,29.0,28.0,8.1,8.52,1.0,2.0,92.0,90.0,66.9,30.119999999999997,92.0,1.00794,63.546,62.53806,16.756927855999997,18.8987854272,1.00794,14.01,2180.0,2165.99,436.3570000000001,533.0112000000001,14.01,1.0,11.0,10.0,2.5,2.4,1.0,1.0,4.0,3.0,2.0,1.2,1.0,31.0,166.0,135.0,78.9,57.48,31.0,0.93,2.2,1.27,1.862,0.41320000000000007,2.2,1.0,1.0,0.0,1.0,0.0,1.0,0.0,0.0,0.0,0.0,0.0,0.0,0.0,10.0,10.0,1.5,2.4,0.0,0.0,0.0,0.0,0.0,0.0,0.0,1.0,11.0,10.0,2.5,2.4,1.0,1.0,1.0,0.0,1.0,0.0,1.0,0.0,0.0,0.0,0.0,0.0,0.0,0.0,5.0,5.0,0.5,0.9,0.0,0.0,0.0,0.0,0.0,0.0,0.0,1.0,6.0,5.0,1.5,0.9,1.0,6.615,29.2433333333,22.6283333333,12.043666666659998,6.8798666666559996,6.615,0.0,7.853,7.853,4.711799999999999,3.7694400000000003,7.853,0.0,0.0,0.0,0.0,0.0,0.0,194.0,229.0,35.0,207.6,16.32,194.0,-11.43422789761446,0.018478040100137812,1,0.72
Li2MnCuH6,1.0,29.0,28.0,6.6,8.16,1.0,1.0,92.0,91.0,67.0,30.0,92.0,1.00794,63.546,62.53806,13.841368500000002,18.160261600000002,1.00794,14.01,1519.0,1504.99,386.821,447.3732,14.01,1.0,11.0,10.0,2.6,2.56,1.0,1.0,4.0,3.0,1.8,0.9600000000000002,1.0,31.0,139.0,108.0,71.3,48.36,31.0,0.98,2.2,1.2200000000000002,1.861,0.4146000000000001,2.2,1.0,2.0,1.0,1.1,0.18000000000000008,1.0,0.0,0.0,0.0,0.0,0.0,0.0,0.0,10.0,10.0,1.5,2.4,0.0,0.0,0.0,0.0,0.0,0.0,0.0,1.0,11.0,10.0,2.6,2.56,1.0,0.0,1.0,1.0,0.9,0.18,1.0,0.0,0.0,0.0,0.0,0.0,0.0,0.0,5.0,5.0,0.5,0.9,0.0,0.0,0.0,0.0,0.0,0.0,0.0,1.0,5.0,4.0,1.4,0.72,1.0,6.615,16.5933333333,9.978333333299998,9.44342528735,3.3941103448199996,6.615,0.0,7.853,7.853,4.711799999999999,3.7694400000000003,7.853,0.0,0.000310120689655,0.000310120689655,3.10120689655e-05,5.58217241379e-05,0.0,194.0,229.0,35.0,206.4,14.88,194.0,-8.694121525651898,-1.6079461701561217,1,0.72
Li2ScMnH6,1.0,25.0,24.0,5.8,6.88,1.0,1.0,92.0,91.0,61.7,36.36,92.0,1.00794,54.938045,53.930105000000005,11.9823597,15.18584752,1.00794,14.01,1814.0,1799.99,432.4440000000001,502.12080000000003,14.01,1.0,7.0,6.0,1.8,1.28,1.0,1.0,4.0,3.0,1.8,0.9600000000000002,1.0,31.0,170.0,139.0,75.1,52.92,31.0,0.98,2.2,1.2200000000000002,1.807,0.47160000000000013,2.2,1.0,2.0,1.0,1.2,0.31999999999999995,1.0,0.0,0.0,0.0,0.0,0.0,0.0,0.0,5.0,5.0,0.6,0.96,0.0,0.0,0.0,0.0,0.0,0.0,0.0,1.0,7.0,6.0,1.8,1.28,1.0,0.0,1.0,1.0,0.8,0.31999999999999995,1.0,0.0,0.0,0.0,0.0,0.0,0.0,0.0,9.0,9.0,1.4,2.2399999999999998,0.0,0.0,0.0,0.0,0.0,0.0,0.0,1.0,9.0,8.0,2.2,1.9200000000000004,1.0,6.615,22.235,15.62,10.55992528735,4.748378160909999,6.615,0.0,7.853,7.853,4.711799999999999,3.7694400000000003,7.853,0.0,0.000310120689655,0.000310120689655,3.16470689655e-05,5.5694724137900006e-05,0.0,194.0,229.0,35.0,203.3,13.020000000000005,194.0,-9.891796060763415,-1.193817335110114,1,0.7181106325991072
Li2MnScH6,1.0,25.0,24.0,5.8,6.88,1.0,1.0,92.0,91.0,61.7,36.36,92.0,1.00794,54.938045,53.930105000000005,11.9823597,15.18584752,1.00794,14.01,1814.0,1799.99,432.4440000000001,502.12080000000003,14.01,1.0,7.0,6.0,1.8,1.28,1.0,1.0,4.0,3.0,1.8,0.9600000000000002,1.0,31.0,170.0,139.0,75.1,52.92,31.0,0.98,2.2,1.2200000000000002,1.807,0.47160000000000013,2.2,1.0,2.0,1.0,1.2,0.31999999999999995,1.0,0.0,0.0,0.0,0.0,0.0,0.0,0.0,5.0,5.0,0.6,0.9600000000000002,0.0,0.0,0.0,0.0,0.0,0.0,0.0,1.0,7.0,6.0,1.8,1.28,1.0,0.0,1.0,1.0,0.8,0.31999999999999995,1.0,0.0,0.0,0.0,0.0,0.0,0.0,0.0,9.0,9.0,1.4,2.2399999999999998,0.0,0.0,0.0,0.0,0.0,0.0,0.0,1.0,9.0,8.0,2.2,1.9200000000000004,1.0,6.615,22.235,15.62,10.55992528735,4.748378160909999,6.615,0.0,7.853,7.853,4.711799999999999,3.7694400000000003,7.853,0.0,0.000310120689655,0.000310120689655,3.16470689655e-05,5.5694724137900006e-05,0.0,194.0,229.0,35.0,203.3,13.020000000000005,194.0,-9.891796060763415,-1.193817335110114,1,0.7181106325991072
Na2AlMnH6,1.0,25.0,24.0,6.6,6.719999999999999,1.0,2.0,92.0,90.0,68.1,29.660000000000004,92.0,1.00794,54.938045,53.930105000000005,13.394676215999999,14.8640834592,1.00794,14.01,1519.0,1504.99,327.827,376.5804,14.01,1.0,13.0,12.0,2.8,2.88,1.0,1.0,4.0,3.0,1.9,1.08,1.0,31.0,166.0,135.0,77.8,56.15999999999999,31.0,0.93,2.2,1.27,1.8220000000000003,0.45359999999999995,2.2,1.0,2.0,1.0,1.2,0.31999999999999995,1.0,0.0,1.0,1.0,0.1,0.18000000000000002,0.0,0.0,5.0,5.0,0.5,0.9,0.0,0.0,0.0,0.0,0.0,0.0,0.0,1.0,7.0,6.0,1.8,1.28,1.0,0.0,1.0,1.0,0.8,0.31999999999999995,1.0,0.0,5.0,5.0,0.5,0.9,0.0,0.0,5.0,5.0,0.5,0.9,0.0,0.0,0.0,0.0,0.0,0.0,0.0,1.0,5.0,4.0,1.8,1.28,1.0,6.615,29.2433333333,22.6283333333,12.51442528735,7.484678160910001,6.615,0.0,7.853,7.853,4.711799999999999,3.7694400000000003,7.853,0.0,0.000310120689655,0.000310120689655,3.10120689655e-05,5.58217241379e-05,0.0,194.0,229.0,35.0,206.4,14.88,194.0,-7.150768270869595,-2.5839646206853404,1,0.7165568533245248
Na2MnAlH6,1.0,25.0,24.0,6.6,6.719999999999999,1.0,2.0,92.0,90.0,68.1,29.660000000000004,92.0,1.00794,54.938045,53.930105000000005,13.394676215999999,14.864083459199998,1.00794,14.01,1519.0,1504.99,327.827,376.5804,14.01,1.0,13.0,12.0,2.8,2.88,1.0,1.0,4.0,3.0,1.9,1.08,1.0,31.0,166.0,135.0,77.8,56.15999999999999,31.0,0.93,2.2,1.27,1.8220000000000003,0.45360000000000006,2.2,1.0,2.0,1.0,1.2,0.31999999999999995,1.0,0.0,1.0,1.0,0.1,0.18000000000000002,0.0,0.0,5.0,5.0,0.5,0.9,0.0,0.0,0.0,0.0,0.0,0.0,0.0,1.0,7.0,6.0,1.8,1.28,1.0,0.0,1.0,1.0,0.8,0.31999999999999995,1.0,0.0,5.0,5.0,0.5,0.9,0.0,0.0,5.0,5.0,0.5,0.9,0.0,0.0,0.0,0.0,0.0,0.0,0.0,1.0,5.0,4.0,1.8,1.28,1.0,6.615,29.2433333333,22.6283333333,12.51442528735,7.484678160910001,6.615,0.0,7.853,7.853,4.711799999999999,3.7694400000000003,7.853,0.0,0.000310120689655,0.000310120689655,3.10120689655e-05,5.58217241379e-05,0.0,194.0,229.0,35.0,206.4,14.88,194.0,-7.150768270869595,-2.5839646206853404,1,0.7165568533245248
Li2FeNiH6,1.0,28.0,27.0,6.6,8.16,1.0,1.0,92.0,91.0,67.0,30.0,92.0,1.00794,58.6934,57.68546,13.446804,17.5289584,1.00794,14.01,1811.0,1796.99,453.04400000000004,526.8408,14.01,1.0,10.0,9.0,2.6,2.56,1.0,1.0,4.0,3.0,1.8,0.9600000000000002,1.0,31.0,132.0,101.0,69.8,46.56,31.0,0.98,2.2,1.2200000000000002,1.8900000000000001,0.37600000000000006,2.2,1.0,2.0,1.0,1.2,0.31999999999999995,1.0,0.0,0.0,0.0,0.0,0.0,0.0,0.0,8.0,8.0,1.4,2.2399999999999998,0.0,0.0,0.0,0.0,0.0,0.0,0.0,1.0,10.0,9.0,2.6,2.56,1.0,0.0,1.0,1.0,0.8,0.31999999999999995,1.0,0.0,0.0,0.0,0.0,0.0,0.0,0.0,4.0,4.0,0.6,0.96,0.0,0.0,0.0,0.0,0.0,0.0,0.0,1.0,4.0,3.0,1.4,0.6399999999999999,1.0,6.615,16.5933333333,9.978333333299998,9.39266666666,3.333199999992,6.615,0.0,7.853,7.853,4.711799999999999,3.7694400000000003,7.853,0.0,2.1106628,2.1106628,0.27060575,0.43296919999999994,0.0,194.0,229.0,35.0,207.6,16.32,194.0,-8.850805599762998,-1.8436151149611708,1,0.7156219628208027
Li2NiFeH6,1.0,28.0,27.0,6.6,8.16,1.0,1.0,92.0,91.0,67.0,30.0,92.0,1.00794,58.6934,57.68546,13.446804,17.5289584,1.00794,14.01,1811.0,1796.99,453.04400000000004,526.8408,14.01,1.0,10.0,9.0,2.6,2.56,1.0,1.0,4.0,3.0,1.8,0.9600000000000002,1.0,31.0,132.0,101.0,69.8,46.56,31.0,0.98,2.2,1.2200000000000002,1.8900000000000001,0.37600000000000006,2.2,1.0,2.0,1.0,1.2,0.31999999999999995,1.0,0.0,0.0,0.0,0.0,0.0,0.0,0.0,8.0,8.0,1.4,2.2399999999999998,0.0,0.0,0.0,0.0,0.0,0.0,0.0,1.0,10.0,9.0,2.6,2.56,1.0,0.0,1.0,1.0,0.8,0.31999999999999995,1.0,0.0,0.0,0.0,0.0,0.0,0.0,0.0,4.0,4.0,0.6,0.96,0.0,0.0,0.0,0.0,0.0,0.0,0.0,1.0,4.0,3.0,1.4,0.6399999999999999,1.0,6.615,16.5933333333,9.978333333299998,9.39266666666,3.333199999992,6.615,0.0,7.853,7.853,4.711799999999999,3.7694400000000003,7.853,0.0,2.1106628,2.1106628,0.27060575,0.43296919999999994,0.0,194.0,229.0,35.0,207.6,16.32,194.0,-8.850805599762998,-1.8436151149611708,1,0.7156219628208027
Li2NiCrH6,1.0,28.0,27.0,6.4,7.840000000000001,1.0,1.0,92.0,91.0,66.4,30.72,92.0,1.00794,58.6934,57.68546,13.061913999999998,16.913134399999997,1.00794,14.01,2180.0,2165.99,489.9440000000001,585.6224,14.01,1.0,10.0,9.0,2.4,2.2399999999999998,1.0,1.0,4.0,3.0,1.8,0.9600000000000002,1.0,31.0,139.0,108.0,70.5,47.4,31.0,0.98,2.2,1.2200000000000002,1.873,0.3998000000000001,2.2,1.0,2.0,1.0,1.1,0.18000000000000008,1.0,0.0,0.0,0.0,0.0,0.0,0.0,0.0,8.0,8.0,1.3,2.08,0.0,0.0,0.0,0.0,0.0,0.0,0.0,1.0,10.0,9.0,2.4,2.2399999999999998,1.0,0.0,1.0,1.0,0.9,0.18,1.0,0.0,0.0,0.0,0.0,0.0,0.0,0.0,5.0,5.0,0.7,1.1199999999999999,0.0,0.0,0.0,0.0,0.0,0.0,0.0,1.0,6.0,5.0,1.6,0.9600000000000002,1.0,6.615,16.5933333333,9.978333333299998,9.43866666666,3.388399999991999,6.615,0.0,7.853,7.853,4.711799999999999,3.7694400000000003,7.853,0.0,0.5953947,0.5953947,0.059539470000000004,0.107171046,0.0,194.0,229.0,35.0,207.6,16.32,194.0,-9.0212776800641,-1.683724214614079,1,0.7139103877785851
Li2CrNiH6,1.0,28.0,27.0,6.4,7.840000000000001,1.0,1.0,92.0,91.0,66.4,30.72,92.0,1.00794,58.6934,57.68546,13.061913999999998,16.913134399999997,1.00794,14.01,2180.0,2165.99,489.9440000000001,585.6224,14.01,1.0,10.0,9.0,2.4,2.2399999999999998,1.0,1.0,4.0,3.0,1.8,0.9600000000000002,1.0,31.0,139.0,108.0,70.5,47.4,31.0,0.98,2.2,1.2200000000000002,1.873,0.3998000000000001,2.2,1.0,2.0,1.0,1.1,0.18000000000000008,1.0,0.0,0.0,0.0,0.0,0.0,0.0,0.0,8.0,8.0,1.3,2.08,0.0,0.0,0.0,0.0,0.0,0.0,0.0,1.0,10.0,9.0,2.4,2.2399999999999998,1.0,0.0,1.0,1.0,0.9,0.18,1.0,0.0,0.0,0.0,0.0,0.0,0.0,0.0,5.0,5.0,0.7,1.1199999999999999,0.0,0.0,0.0,0.0,0.0,0.0,0.0,1.0,6.0,5.0,1.6,0.9600000000000002,1.0,6.615,16.5933333333,9.978333333299998,9.43866666666,3.388399999991999,6.615,0.0,7.853,7.853,4.711799999999999,3.7694400000000003,7.853,0.0,0.5953947,0.5953947,0.059539470000000004,0.107171046,0.0,194.0,229.0,35.0,207.6,16.32,194.0,-9.0212776800641,-1.683724214614079,1,0.7139103877785851
Li2CuFeH6,1.0,29.0,28.0,6.7,8.32,1.0,1.0,92.0,91.0,67.3,29.639999999999997,92.0,1.00794,63.546,62.53806,13.932064,18.305374399999998,1.00794,14.01,1811.0,1796.99,416.021,482.41319999999996,14.01,1.0,11.0,10.0,2.7,2.72,1.0,1.0,4.0,3.0,1.8,0.9600000000000002,1.0,31.0,132.0,101.0,70.6,47.519999999999996,31.0,0.98,2.2,1.2200000000000002,1.889,0.37540000000000007,2.2,1.0,2.0,1.0,1.1,0.18000000000000008,1.0,0.0,0.0,0.0,0.0,0.0,0.0,0.0,10.0,10.0,1.6,2.56,0.0,0.0,0.0,0.0,0.0,0.0,0.0,1.0,11.0,10.0,2.7,2.72,1.0,0.0,1.0,1.0,0.9,0.18,1.0,0.0,0.0,0.0,0.0,0.0,0.0,0.0,4.0,4.0,0.4,0.7200000000000001,0.0,0.0,0.0,0.0,0.0,0.0,0.0,1.0,4.0,3.0,1.3,0.54,1.0,6.615,16.5933333333,9.978333333299998,9.46766666666,3.4231999999919993,6.615,0.0,7.853,7.853,4.711799999999999,3.7694400000000003,7.853,0.0,2.1106628,2.1106628,0.21106628,0.37991930399999996,0.0,194.0,229.0,35.0,207.6,16.32,194.0,-8.89558156002481,-1.593049910304753,1,0.710745432286744
Li2FeCuH6,1.0,29.0,28.0,6.7,8.32,1.0,1.0,92.0,91.0,67.3,29.639999999999997,92.0,1.00794,63.546,62.53806,13.932064,18.305374399999998,1.00794,14.01,1811.0,1796.99,416.021,482.41319999999996,14.01,1.0,11.0,10.0,2.7,2.72,1.0,1.0,4.0,3.0,1.8,0.9600000000000002,1.0,31.0,132.0,101.0,70.6,47.519999999999996,31.0,0.98,2.2,1.2200000000000002,1.889,0.37540000000000007,2.2,1.0,2.0,1.0,1.1,0.18000000000000008,1.0,0.0,0.0,0.0,0.0,0.0,0.0,0.0,10.0,10.0,1.6,2.56,0.0,0.0,0.0,0.0,0.0,0.0,0.0,1.0,11.0,10.0,2.7,2.72,1.0,0.0,1.0,1.0,0.9,0.18,1.0,0.0,0.0,0.0,0.0,0.0,0.0,0.0,4.0,4.0,0.4,0.7200000000000001,0.0,0.0,0.0,0.0,0.0,0.0,0.0,1.0,4.0,3.0,1.3,0.54,1.0,6.615,16.5933333333,9.978333333299998,9.46766666666,3.4231999999919993,6.615,0.0,7.853,7.853,4.711799999999999,3.7694400000000003,7.853,0.0,2.1106628,2.1106628,0.21106628,0.37991930399999996,0.0,194.0,229.0,35.0,207.6,16.32,194.0,-8.89558156002481,-1.593049910304753,1,0.710745432286744
Mg2VNiH6,1.0,28.0,27.0,8.1,8.52,1.0,46.0,92.0,46.0,79.5,15.0,92.0,1.00794,58.6934,57.68546,16.429254,18.5055768,1.00794,14.01,2183.0,2168.99,584.106,684.1152,14.01,1.0,10.0,9.0,2.5,2.0,1.0,1.0,4.0,3.0,2.0,1.2,1.0,31.0,153.0,122.0,74.5,52.2,31.0,1.31,2.2,0.8900000000000001,1.936,0.3168000000000001,2.2,1.0,2.0,1.0,1.4,0.48,1.0,0.0,0.0,0.0,0.0,0.0,0.0,0.0,8.0,8.0,1.1,1.7600000000000002,0.0,0.0,0.0,0.0,0.0,0.0,0.0,1.0,10.0,9.0,2.5,2.0,1.0,0.0,1.0,1.0,0.6,0.4800000000000001,1.0,0.0,0.0,0.0,0.0,0.0,0.0,0.0,7.0,7.0,0.9,1.44,0.0,0.0,0.0,0.0,0.0,0.0,0.0,0.0,7.0,7.0,1.5,1.2,1.0,6.615,22.89,16.275,10.879999999999999,5.2299999999999995,6.615,0.0,7.853,7.853,4.711799999999999,3.7694400000000003,7.853,0.0,0.5953947,0.5953947,0.059539470000000004,0.107171046,0.0,194.0,229.0,35.0,200.6,10.559999999999997,194.0,-8.489948026381914,-1.8771253195610023,1,0.7099928639591937
Mg2NiVH6,1.0,28.0,27.0,8.1,8.52,1.0,46.0,92.0,46.0,79.5,15.0,92.0,1.00794,58.6934,57.68546,16.429254,18.5055768,1.00794,14.01,2183.0,2168.99,584.106,684.1152,14.01,1.0,10.0,9.0,2.5,2.0,1.0,1.0,4.0,3.0,2.0,1.2,1.0,31.0,153.0,122.0,74.5,52.2,31.0,1.31,2.2,0.8900000000000001,1.936,0.3168000000000001,2.2,1.0,2.0,1.0,1.4,0.48,1.0,0.0,0.0,0.0,0.0,0.0,0.0,0.0,8.0,8.0,1.1,1.7600000000000002,0.0,0.0,0.0,0.0,0.0,0.0,0.0,1.0,10.0,9.0,2.5,2.0,1.0,0.0,1.0,1.0,0.6,0.4800000000000001,1.0,0.0,0.0,0.0,0.0,0.0,0.0,0.0,7.0,7.0,0.9,1.44,0.0,0.0,0.0,0.0,0.0,0.0,0.0,0.0,7.0,7.0,1.5,1.2,1.0,6.615,22.89,16.275,10.879999999999999,5.2299999999999995,6.615,0.0,7.853,7.853,4.711799999999999,3.7694400000000003,7.853,0.0,0.5953947,0.5953947,0.059539470000000004,0.107171046,0.0,194.0,229.0,35.0,200.6,10.559999999999997,194.0,-8.489948026381914,-1.8771253195610023,1,0.7099928639591937
Mg2FeCoH6,1.0,27.0,26.0,8.3,8.76,1.0,55.0,92.0,37.0,80.1,14.280000000000001,92.0,1.00794,58.933195,57.925255,16.9435835,19.122772199999996,1.00794,14.01,1811.0,1796.99,550.9060000000001,644.2752,14.01,1.0,9.0,8.0,2.7,2.3200000000000003,1.0,1.0,4.0,3.0,2.0,1.2,1.0,31.0,141.0,110.0,72.6,49.92,31.0,1.31,2.2,0.8900000000000001,1.953,0.2964000000000001,2.2,1.0,2.0,1.0,1.4,0.48,1.0,0.0,0.0,0.0,0.0,0.0,0.0,0.0,7.0,7.0,1.3,2.08,0.0,0.0,0.0,0.0,0.0,0.0,0.0,1.0,9.0,8.0,2.7,2.3200000000000003,1.0,0.0,1.0,1.0,0.6,0.4800000000000001,1.0,0.0,0.0,0.0,0.0,0.0,0.0,0.0,4.0,4.0,0.7,1.1199999999999999,0.0,0.0,0.0,0.0,0.0,0.0,0.0,0.0,4.0,4.0,1.3,0.8800000000000001,1.0,6.615,22.89,16.275,10.6445,4.9153,6.615,0.0,7.853,7.853,4.711799999999999,3.7694400000000003,7.853,0.0,2.1106628,2.1106628,0.3659134,0.5854614400000001,0.0,194.0,229.0,35.0,197.5,6.3,194.0,-8.553527135517632,-2.1239853296266196,1,0.7083879177305235
Mg2CoFeH6,1.0,27.0,26.0,8.3,8.76,1.0,55.0,92.0,37.0,80.1,14.280000000000001,92.0,1.00794,58.933195,57.925255,16.9435835,19.122772199999996,1.00794,14.01,1811.0,1796.99,550.9060000000001,644.2752,14.01,1.0,9.0,8.0,2.7,2.3200000000000003,1.0,1.0,4.0,3.0,2.0,1.2,1.0,31.0,141.0,110.0,72.6,49.92,31.0,1.31,2.2,0.8900000000000001,1.953,0.2964000000000001,2.2,1.0,2.0,1.0,1.4,0.48,1.0,0.0,0.0,0.0,0.0,0.0,0.0,0.0,7.0,7.0,1.3,2.08,0.0,0.0,0.0,0.0,0.0,0.0,0.0,1.0,9.0,8.0,2.7,2.3200000000000003,1.0,0.0,1.0,1.0,0.6,0.4800000000000001,1.0,0.0,0.0,0.0,0.0,0.0,0.0,0.0,4.0,4.0,0.7,1.1199999999999999,0.0,0.0,0.0,0.0,0.0,0.0,0.0,0.0,4.0,4.0,1.3,0.8800000000000001,1.0,6.615,22.89,16.275,10.644499999999999,4.9153,6.615,0.0,7.853,7.853,4.711799999999999,3.7694400000000003,7.853,0.0,2.1106628,2.1106628,0.3659134,0.58546144,0.0,194.0,229.0,35.0,197.5,6.3,194.0,-8.553527135517632,-2.1239853296266196,1,0.7083879177305235
Li2VZnH6,1.0,30.0,29.0,6.5,8.0,1.0,1.0,92.0,91.0,66.9,30.54,92.0,1.00794,65.38,64.37205999999999,13.625114,17.8142544,1.00794,14.01,2183.0,2168.99,386.712,447.2424,14.01,1.0,12.0,11.0,2.5,2.4,1.0,1.0,4.0,3.0,1.8,0.9600000000000002,1.0,31.0,153.0,122.0,71.7,48.839999999999996,31.0,0.98,2.2,1.2200000000000002,1.844,0.42720000000000014,2.2,1.0,2.0,1.0,1.2,0.31999999999999995,1.0,0.0,0.0,0.0,0.0,0.0,0.0,0.0,10.0,10.0,1.3,2.08,0.0,0.0,0.0,0.0,0.0,0.0,0.0,1.0,12.0,11.0,2.5,2.4,1.0,0.0,1.0,1.0,0.8,0.31999999999999995,1.0,0.0,0.0,0.0,0.0,0.0,0.0,0.0,7.0,7.0,0.7,1.2599999999999998,0.0,0.0,0.0,0.0,0.0,0.0,0.0,0.0,7.0,7.0,1.5,1.1,1.0,6.615,16.5933333333,9.978333333299998,9.984666666659999,4.043599999991999,6.615,0.0,7.853,7.853,4.711799999999999,3.7694400000000003,7.853,0.0,0.0,0.0,0.0,0.0,0.0,194.0,229.0,35.0,204.5,14.7,194.0,-8.695847459274859,-1.3849314480163832,1,0.707418284689831
Li2ZnVH6,1.0,30.0,29.0,6.5,8.0,1.0,1.0,92.0,91.0,66.9,30.54,92.0,1.00794,65.38,64.37205999999999,13.625114,17.8142544,1.00794,14.01,2183.0,2168.99,386.712,447.2424,14.01,1.0,12.0,11.0,2.5,2.4,1.0,1.0,4.0,3.0,1.8,0.9600000000000002,1.0,31.0,153.0,122.0,71.7,48.839999999999996,31.0,0.98,2.2,1.2200000000000002,1.844,0.42720000000000014,2.2,1.0,2.0,1.0,1.2,0.31999999999999995,1.0,0.0,0.0,0.0,0.0,0.0,0.0,0.0,10.0,10.0,1.3,2.0799999999999996,0.0,0.0,0.0,0.0,0.0,0.0,0.0,1.0,12.0,11.0,2.5,2.4,1.0,0.0,1.0,1.0,0.8,0.31999999999999995,1.0,0.0,0.0,0.0,0.0,0.0,0.0,0.0,7.0,7.0,0.7,1.2599999999999998,0.0,0.0,0.0,0.0,0.0,0.0,0.0,0.0,7.0,7.0,1.5,1.1,1.0,6.615,16.5933333333,9.978333333299998,9.984666666659999,4.043599999991999,6.615,0.0,7.853,7.853,4.711799999999999,3.7694400000000003,7.853,0.0,0.0,0.0,0.0,0.0,0.0,194.0,229.0,35.0,204.5,14.7,194.0,-8.695847459274859,-1.3849314480163832,1,0.707418284689831
Mg2MnCuH6,1.0,29.0,28.0,8.4,8.88,1.0,52.0,92.0,40.0,80.4,13.919999999999998,92.0,1.00794,63.546,62.53806,17.3141685,19.5674742,1.00794,14.01,1519.0,1504.99,480.6830000000001,560.0076,14.01,1.0,11.0,10.0,2.8,2.4799999999999995,1.0,1.0,4.0,3.0,2.0,1.2,1.0,31.0,141.0,110.0,73.9,51.48,31.0,1.31,2.2,0.8900000000000001,1.9270000000000003,0.32760000000000006,2.2,1.0,2.0,1.0,1.3,0.41999999999999993,1.0,0.0,0.0,0.0,0.0,0.0,0.0,0.0,10.0,10.0,1.5,2.4,0.0,0.0,0.0,0.0,0.0,0.0,0.0,1.0,11.0,10.0,2.8,2.4799999999999995,1.0,0.0,1.0,1.0,0.7,0.41999999999999993,1.0,0.0,0.0,0.0,0.0,0.0,0.0,0.0,5.0,5.0,0.5,0.9,0.0,0.0,0.0,0.0,0.0,0.0,0.0,0.0,5.0,5.0,1.2,0.76,1.0,6.615,22.89,16.275,10.70275862069,4.948344827586,6.615,0.0,7.853,7.853,4.711799999999999,3.7694400000000003,7.853,0.0,0.000310120689655,0.000310120689655,3.10120689655e-05,5.58217241379e-05,0.0,194.0,225.0,31.0,199.4,8.640000000000004,194.0,-8.090282184129766,-2.115216746062715,1,0.7074068423042549
Mg2CuMnH6,1.0,29.0,28.0,8.4,8.88,1.0,52.0,92.0,40.0,80.4,13.919999999999998,92.0,1.00794,63.546,62.53806,17.3141685,19.5674742,1.00794,14.01,1519.0,1504.99,480.6830000000001,560.0076,14.01,1.0,11.0,10.0,2.8,2.4799999999999995,1.0,1.0,4.0,3.0,2.0,1.2,1.0,31.0,141.0,110.0,73.9,51.48,31.0,1.31,2.2,0.8900000000000001,1.927,0.32760000000000006,2.2,1.0,2.0,1.0,1.3,0.42000000000000004,1.0,0.0,0.0,0.0,0.0,0.0,0.0,0.0,10.0,10.0,1.5,2.4,0.0,0.0,0.0,0.0,0.0,0.0,0.0,1.0,11.0,10.0,2.8,2.4799999999999995,1.0,0.0,1.0,1.0,0.7,0.42000000000000004,1.0,0.0,0.0,0.0,0.0,0.0,0.0,0.0,5.0,5.0,0.5,0.9,0.0,0.0,0.0,0.0,0.0,0.0,0.0,0.0,5.0,5.0,1.2,0.76,1.0,6.615,22.89,16.275,10.70275862069,4.948344827586,6.615,0.0,7.853,7.853,4.711799999999999,3.7694400000000003,7.853,0.0,0.000310120689655,0.000310120689655,3.10120689655e-05,5.58217241379e-05,0.0,194.0,225.0,31.0,199.4,8.640000000000004,194.0,-8.090282184129766,-2.115216746062715,1,0.7074068423042549
Mg2ScCoH6,1.0,27.0,26.0,7.8,8.16,1.0,11.0,92.0,81.0,75.7,19.56,92.0,1.00794,58.933195,57.925255,15.854674699999999,17.81608164,1.00794,14.01,1814.0,1799.99,551.206,644.6351999999999,14.01,1.0,9.0,8.0,2.2,1.52,1.0,1.0,4.0,3.0,2.0,1.2,1.0,31.0,170.0,139.0,76.4,54.48,31.0,1.31,2.2,0.8900000000000001,1.9060000000000001,0.35280000000000006,2.2,1.0,2.0,1.0,1.4,0.48,1.0,0.0,0.0,0.0,0.0,0.0,0.0,0.0,7.0,7.0,0.8,1.28,0.0,0.0,0.0,0.0,0.0,0.0,0.0,1.0,9.0,8.0,2.2,1.52,1.0,0.0,1.0,1.0,0.6,0.4800000000000001,1.0,0.0,0.0,0.0,0.0,0.0,0.0,0.0,9.0,9.0,1.2,1.92,0.0,0.0,0.0,0.0,0.0,0.0,0.0,0.0,9.0,9.0,1.8,1.6800000000000002,1.0,6.615,22.89,16.275,11.795,6.526000000000001,6.615,0.0,7.853,7.853,4.711799999999999,3.7694400000000003,7.853,0.0,1.5484712,1.5484712,0.154847755,0.278724689,0.0,194.0,194.0,0.0,194.0,0.0,194.0,-9.39164531792899,-1.2433378601990097,1,0.7062027273396779
Mg2CoScH6,1.0,27.0,26.0,7.8,8.16,1.0,11.0,92.0,81.0,75.7,19.56,92.0,1.00794,58.933195,57.925255,15.854674699999999,17.81608164,1.00794,14.01,1814.0,1799.99,551.206,644.6351999999999,14.01,1.0,9.0,8.0,2.2,1.52,1.0,1.0,4.0,3.0,2.0,1.2,1.0,31.0,170.0,139.0,76.4,54.48,31.0,1.31,2.2,0.8900000000000001,1.9060000000000001,0.35280000000000006,2.2,1.0,2.0,1.0,1.4,0.48,1.0,0.0,0.0,0.0,0.0,0.0,0.0,0.0,7.0,7.0,0.8,1.28,0.0,0.0,0.0,0.0,0.0,0.0,0.0,1.0,9.0,8.0,2.2,1.52,1.0,0.0,1.0,1.0,0.6,0.4800000000000001,1.0,0.0,0.0,0.0,0.0,0.0,0.0,0.0,9.0,9.0,1.2,1.92,0.0,0.0,0.0,0.0,0.0,0.0,0.0,0.0,9.0,9.0,1.8,1.6800000000000002,1.0,6.615,22.89,16.275,11.794999999999998,6.525999999999999,6.615,0.0,7.853,7.853,4.711799999999999,3.7694400000000003,7.853,0.0,1.5484712,1.5484712,0.154847755,0.278724689,0.0,194.0,194.0,0.0,194.0,0.0,194.0,-9.39164531792899,-1.2433378601990097,1,0.7062027273396779
Mg2FeAlH6,1.0,26.0,25.0,6.9,7.080000000000001,1.0,55.0,92.0,37.0,81.6,12.48,92.0,1.00794,55.845,54.83706,13.74841786,15.288573431999998,1.00794,14.01,1811.0,1796.99,467.4530000000001,544.1315999999999,14.01,1.0,13.0,12.0,3.1,2.96,1.0,1.0,4.0,3.0,1.9,1.08,1.0,31.0,141.0,110.0,72.1,49.32,31.0,1.31,2.2,0.8900000000000001,1.9260000000000002,0.32880000000000004,2.2,1.0,2.0,1.0,1.4,0.48,1.0,0.0,1.0,1.0,0.1,0.18000000000000002,0.0,0.0,6.0,6.0,0.6,1.08,0.0,0.0,0.0,0.0,0.0,0.0,0.0,1.0,8.0,7.0,2.1,1.36,1.0,0.0,1.0,1.0,0.6,0.4800000000000001,1.0,0.0,5.0,5.0,0.5,0.9,0.0,0.0,4.0,4.0,0.4,0.7200000000000001,0.0,0.0,0.0,0.0,0.0,0.0,0.0,0.0,5.0,5.0,1.5,1.2,1.0,6.615,22.89,16.275,11.268,5.6912,6.615,0.0,7.853,7.853,4.711799999999999,3.7694400000000003,7.853,0.0,2.1106628,2.1106628,0.21106628,0.37991930399999996,0.0,194.0,229.0,35.0,200.6,10.559999999999997,194.0,-6.3499094460601615,-3.56313509500701,1,0.705771273504865
Mg2AlFeH6,1.0,26.0,25.0,6.9,7.080000000000001,1.0,55.0,92.0,37.0,81.6,12.48,92.0,1.00794,55.845,54.83706,13.74841786,15.288573431999998,1.00794,14.01,1811.0,1796.99,467.4530000000001,544.1316,14.01,1.0,13.0,12.0,3.1,2.96,1.0,1.0,4.0,3.0,1.9,1.08,1.0,31.0,141.0,110.0,72.1,49.32,31.0,1.31,2.2,0.8900000000000001,1.9260000000000002,0.32880000000000004,2.2,1.0,2.0,1.0,1.4,0.48,1.0,0.0,1.0,1.0,0.1,0.18000000000000002,0.0,0.0,6.0,6.0,0.6,1.08,0.0,0.0,0.0,0.0,0.0,0.0,0.0,1.0,8.0,7.0,2.1,1.36,1.0,0.0,1.0,1.0,0.6,0.4800000000000001,1.0,0.0,5.0,5.0,0.5,0.9,0.0,0.0,4.0,4.0,0.4,0.7200000000000001,0.0,0.0,0.0,0.0,0.0,0.0,0.0,0.0,5.0,5.0,1.5,1.2,1.0,6.615,22.89,16.275,11.268,5.6912,6.615,0.0,7.853,7.853,4.711799999999999,3.7694400000000003,7.853,0.0,2.1106628,2.1106628,0.21106628,0.37991930399999996,0.0,194.0,229.0,35.0,200.6,10.559999999999997,194.0,-6.3499094460601615,-3.56313509500701,1,0.705771273504865
Mg2CrNiH6,1.0,28.0,27.0,8.2,8.64,1.0,49.0,92.0,43.0,79.8,14.64,92.0,1.00794,58.6934,57.68546,16.534714,18.632128799999997,1.00794,14.01,2180.0,2165.99,583.806,683.7552,14.01,1.0,10.0,9.0,2.6,2.16,1.0,1.0,4.0,3.0,2.0,1.2,1.0,31.0,141.0,110.0,73.1,50.519999999999996,31.0,1.31,2.2,0.8900000000000001,1.939,0.3132000000000001,2.2,1.0,2.0,1.0,1.3,0.42000000000000004,1.0,0.0,0.0,0.0,0.0,0.0,0.0,0.0,8.0,8.0,1.3,2.08,0.0,0.0,0.0,0.0,0.0,0.0,0.0,1.0,10.0,9.0,2.6,2.16,1.0,0.0,1.0,1.0,0.7,0.42000000000000004,1.0,0.0,0.0,0.0,0.0,0.0,0.0,0.0,5.0,5.0,0.7,1.1199999999999999,0.0,0.0,0.0,0.0,0.0,0.0,0.0,0.0,6.0,6.0,1.4,1.0399999999999998,1.0,6.615,22.89,16.275,10.697999999999999,4.975199999999999,6.615,0.0,7.853,7.853,4.711799999999999,3.7694400000000003,7.853,0.0,0.5953947,0.5953947,0.059539470000000004,0.107171046,0.0,194.0,229.0,35.0,200.6,10.559999999999997,194.0,-8.428950335701051,-2.1478665984190908,1,0.7039887614409074
Mg2NiCrH6,1.0,28.0,27.0,8.2,8.64,1.0,49.0,92.0,43.0,79.8,14.64,92.0,1.00794,58.6934,57.68546,16.534714,18.632128799999997,1.00794,14.01,2180.0,2165.99,583.806,683.7552,14.01,1.0,10.0,9.0,2.6,2.16,1.0,1.0,4.0,3.0,2.0,1.2,1.0,31.0,141.0,110.0,73.1,50.519999999999996,31.0,1.31,2.2,0.8900000000000001,1.939,0.3132000000000001,2.2,1.0,2.0,1.0,1.3,0.41999999999999993,1.0,0.0,0.0,0.0,0.0,0.0,0.0,0.0,8.0,8.0,1.3,2.08,0.0,0.0,0.0,0.0,0.0,0.0,0.0,1.0,10.0,9.0,2.6,2.16,1.0,0.0,1.0,1.0,0.7,0.41999999999999993,1.0,0.0,0.0,0.0,0.0,0.0,0.0,0.0,5.0,5.0,0.7,1.1199999999999999,0.0,0.0,0.0,0.0,0.0,0.0,0.0,0.0,6.0,6.0,1.4,1.0399999999999998,1.0,6.615,22.89,16.275,10.698,4.975199999999999,6.615,0.0,7.853,7.853,4.711799999999999,3.7694400000000003,7.853,0.0,0.5953947,0.5953947,0.059539470000000004,0.107171046,0.0,194.0,229.0,35.0,200.6,10.559999999999997,194.0,-8.428950335701051,-2.1478665984190908,1,0.7039887614409074
Ca2AlTiH6,1.0,22.0,21.0,8.1,8.52,1.0,7.0,92.0,85.0,68.2,29.52,92.0,1.00794,47.867,46.85906,16.10521786,18.116733432,1.00794,14.01,1941.0,1926.99,518.8530000000001,605.8116,14.01,1.0,13.0,12.0,2.7,2.3200000000000003,1.0,1.0,4.0,3.0,2.1,1.3199999999999998,1.0,31.0,176.0,145.0,81.9,61.08,31.0,1.0,2.2,1.2000000000000002,1.8350000000000002,0.43800000000000006,2.2,1.0,2.0,1.0,1.4,0.48,1.0,0.0,1.0,1.0,0.1,0.18000000000000002,0.0,0.0,2.0,2.0,0.2,0.36000000000000004,0.0,0.0,0.0,0.0,0.0,0.0,0.0,1.0,4.0,3.0,1.7,0.8399999999999999,1.0,0.0,1.0,1.0,0.6,0.4800000000000001,1.0,0.0,5.0,5.0,0.5,0.9,0.0,0.0,8.0,8.0,0.8,1.4400000000000002,0.0,0.0,0.0,0.0,0.0,0.0,0.0,0.0,8.0,8.0,1.9,1.8399999999999999,1.0,6.615,37.77,31.155,14.84,9.870000000000001,6.615,0.0,7.853,7.853,4.711799999999999,3.7694400000000003,7.853,0.0,2.25333333333e-05,2.25333333333e-05,2.25333333333e-06,4.055999999993999e-06,0.0,194.0,225.0,31.0,203.3,13.020000000000005,194.0,-7.527511666880422,-2.074273586083254,1,0.7000555941433827
Ca2TiAlH6,1.0,22.0,21.0,8.1,8.52,1.0,7.0,92.0,85.0,68.2,29.520000000000003,92.0,1.00794,47.867,46.85906,16.10521786,18.116733432,1.00794,14.01,1941.0,1926.99,518.8530000000001,605.8116,14.01,1.0,13.0,12.0,2.7,2.3200000000000003,1.0,1.0,4.0,3.0,2.1,1.3199999999999998,1.0,31.0,176.0,145.0,81.9,61.08,31.0,1.0,2.2,1.2000000000000002,1.8350000000000002,0.43800000000000006,2.2,1.0,2.0,1.0,1.4,0.48,1.0,0.0,1.0,1.0,0.1,0.18000000000000002,0.0,0.0,2.0,2.0,0.2,0.36000000000000004,0.0,0.0,0.0,0.0,0.0,0.0,0.0,1.0,4.0,3.0,1.7,0.8399999999999999,1.0,0.0,1.0,1.0,0.6,0.4800000000000001,1.0,0.0,5.0,5.0,0.5,0.9,0.0,0.0,8.0,8.0,0.8,1.4400000000000002,0.0,0.0,0.0,0.0,0.0,0.0,0.0,0.0,8.0,8.0,1.9,1.8399999999999999,1.0,6.615,37.77,31.155,14.84,9.870000000000001,6.615,0.0,7.853,7.853,4.711799999999999,3.7694400000000003,7.853,0.0,2.25333333333e-05,2.25333333333e-05,2.25333333333e-06,4.055999999994e-06,0.0,194.0,225.0,31.0,203.3,13.020000000000005,194.0,-7.527511666880422,-2.074273586083254,1,0.7000555941433827
Li2AlFeH6,1.0,26.0,25.0,5.1,5.76,1.0,1.0,92.0,91.0,68.2,29.519999999999992,92.0,1.00794,55.845,54.83706,10.27561786,12.455060576000001,1.00794,14.01,1811.0,1796.99,373.591,431.49719999999996,14.01,1.0,13.0,12.0,2.9,3.04,1.0,1.0,4.0,3.0,1.7,0.8399999999999999,1.0,31.0,132.0,101.0,69.5,46.2,31.0,0.98,2.2,1.2200000000000002,1.86,0.40800000000000003,2.2,1.0,2.0,1.0,1.2,0.31999999999999995,1.0,0.0,1.0,1.0,0.1,0.18000000000000002,0.0,0.0,6.0,6.0,0.6,1.08,0.0,0.0,0.0,0.0,0.0,0.0,0.0,1.0,8.0,7.0,1.9,1.44,1.0,0.0,1.0,1.0,0.8,0.31999999999999995,1.0,0.0,5.0,5.0,0.5,0.9,0.0,0.0,4.0,4.0,0.4,0.7200000000000001,0.0,0.0,0.0,0.0,0.0,0.0,0.0,1.0,5.0,4.0,1.7,1.1199999999999999,1.0,6.615,16.5933333333,9.978333333299998,10.00866666666,4.072399999991999,6.615,0.0,7.853,7.853,4.711799999999999,3.7694400000000003,7.853,0.0,2.1106628,2.1106628,0.21106628,0.37991930399999996,0.0,194.0,229.0,35.0,207.6,16.32,194.0,-6.8972820640847665,-3.269564890976335,1,0.699297475261587
Li2FeAlH6,1.0,26.0,25.0,5.1,5.76,1.0,1.0,92.0,91.0,68.2,29.520000000000003,92.0,1.00794,55.845,54.83706,10.27561786,12.455060576000001,1.00794,14.01,1811.0,1796.99,373.591,431.49719999999996,14.01,1.0,13.0,12.0,2.9,3.04,1.0,1.0,4.0,3.0,1.7,0.8399999999999999,1.0,31.0,132.0,101.0,69.5,46.2,31.0,0.98,2.2,1.2200000000000002,1.86,0.40800000000000003,2.2,1.0,2.0,1.0,1.2,0.31999999999999995,1.0,0.0,1.0,1.0,0.1,0.18000000000000002,0.0,0.0,6.0,6.0,0.6,1.08,0.0,0.0,0.0,0.0,0.0,0.0,0.0,1.0,8.0,7.0,1.9,1.44,1.0,0.0,1.0,1.0,0.8,0.31999999999999995,1.0,0.0,5.0,5.0,0.5,0.9,0.0,0.0,4.0,4.0,0.4,0.7200000000000001,0.0,0.0,0.0,0.0,0.0,0.0,0.0,1.0,5.0,4.0,1.7,1.1199999999999999,1.0,6.615,16.5933333333,9.978333333299998,10.00866666666,4.072399999991999,6.615,0.0,7.853,7.853,4.711799999999999,3.7694400000000003,7.853,0.0,2.1106628,2.1106628,0.21106628,0.37991930399999996,0.0,194.0,229.0,35.0,207.6,16.32,194.0,-6.8972820640847665,-3.269564890976335,1,0.699297475261587
Li2NiAlH6,1.0,28.0,27.0,5.3,6.08,1.0,1.0,92.0,91.0,68.8,28.679999999999996,92.0,1.00794,58.6934,57.68546,10.56045786,12.910804575999999,1.00794,14.01,1728.0,1713.99,365.29100000000005,421.53720000000004,14.01,1.0,13.0,12.0,3.1,3.3600000000000003,1.0,1.0,4.0,3.0,1.7,0.8399999999999999,1.0,31.0,128.0,97.0,68.7,45.239999999999995,31.0,0.98,2.2,1.2200000000000002,1.8679999999999999,0.40680000000000016,2.2,1.0,2.0,1.0,1.2,0.31999999999999995,1.0,0.0,1.0,1.0,0.1,0.18000000000000002,0.0,0.0,8.0,8.0,0.8,1.4400000000000002,0.0,0.0,0.0,0.0,0.0,0.0,0.0,1.0,10.0,9.0,2.1,1.7600000000000002,1.0,0.0,1.0,1.0,0.8,0.31999999999999995,1.0,0.0,5.0,5.0,0.5,0.9,0.0,0.0,2.0,2.0,0.2,0.36000000000000004,0.0,0.0,0.0,0.0,0.0,0.0,0.0,1.0,5.0,4.0,1.5,0.8,1.0,6.615,16.5933333333,9.978333333299998,9.96766666666,4.023199999991999,6.615,0.0,7.853,7.853,4.711799999999999,3.7694400000000003,7.853,0.0,0.5953947,0.5953947,0.059539470000000004,0.107171046,0.0,194.0,229.0,35.0,207.2,15.839999999999998,194.0,-6.439785371233459,-3.4210592406913136,1,0.6990498966805976
Li2AlNiH6,1.0,28.0,27.0,5.3,6.08,1.0,1.0,92.0,91.0,68.8,28.680000000000007,92.0,1.00794,58.6934,57.68546,10.56045786,12.910804575999999,1.00794,14.01,1728.0,1713.99,365.291,421.53720000000004,14.01,1.0,13.0,12.0,3.1,3.3600000000000003,1.0,1.0,4.0,3.0,1.7,0.8399999999999999,1.0,31.0,128.0,97.0,68.7,45.239999999999995,31.0,0.98,2.2,1.2200000000000002,1.8679999999999999,0.40680000000000016,2.2,1.0,2.0,1.0,1.2,0.31999999999999995,1.0,0.0,1.0,1.0,0.1,0.18000000000000002,0.0,0.0,8.0,8.0,0.8,1.4400000000000002,0.0,0.0,0.0,0.0,0.0,0.0,0.0,1.0,10.0,9.0,2.1,1.7600000000000002,1.0,0.0,1.0,1.0,0.8,0.31999999999999995,1.0,0.0,5.0,5.0,0.5,0.9,0.0,0.0,2.0,2.0,0.2,0.36000000000000004,0.0,0.0,0.0,0.0,0.0,0.0,0.0,1.0,5.0,4.0,1.5,0.8,1.0,6.615,16.5933333333,9.978333333299998,9.96766666666,4.023199999991999,6.615,0.0,7.853,7.853,4.711799999999999,3.7694400000000003,7.853,0.0,0.5953947,0.5953947,0.059539470000000004,0.107171046,0.0,194.0,229.0,35.0,207.2,15.839999999999998,194.0,-6.439785371233459,-3.4210592406913136,1,0.6990498966805976
Mg2MnFeH6,1.0,26.0,25.0,8.1,8.52,1.0,52.0,92.0,40.0,79.5,15.0,92.0,1.00794,55.845,54.83706,16.5440685,18.643354199999997,1.00794,14.01,1811.0,1796.99,526.0060000000001,614.3952,14.01,1.0,8.0,7.0,2.5,2.0,1.0,1.0,4.0,3.0,2.0,1.2,1.0,31.0,141.0,110.0,73.9,51.48,31.0,1.31,2.2,0.8900000000000001,1.9200000000000004,0.336,2.2,1.0,2.0,1.0,1.4,0.48,1.0,0.0,0.0,0.0,0.0,0.0,0.0,0.0,6.0,6.0,1.1,1.7600000000000002,0.0,0.0,0.0,0.0,0.0,0.0,0.0,1.0,8.0,7.0,2.5,2.0,1.0,0.0,1.0,1.0,0.6,0.4800000000000001,1.0,0.0,0.0,0.0,0.0,0.0,0.0,0.0,5.0,5.0,0.9,1.44,0.0,0.0,0.0,0.0,0.0,0.0,0.0,0.0,5.0,5.0,1.5,1.2,1.0,6.615,22.89,16.275,10.66875862069,4.900744827586,6.615,0.0,7.853,7.853,4.711799999999999,3.7694400000000003,7.853,0.0,2.1106628,2.1106628,0.2110972920689655,0.37991310158620684,0.0,194.0,229.0,35.0,199.8,9.280000000000006,194.0,-8.752162927096622,-2.1167184468008005,1,0.6978637599947326
Mg2FeMnH6,1.0,26.0,25.0,8.1,8.52,1.0,52.0,92.0,40.0,79.5,15.0,92.0,1.00794,55.845,54.83706,16.5440685,18.643354199999997,1.00794,14.01,1811.0,1796.99,526.0060000000001,614.3952,14.01,1.0,8.0,7.0,2.5,2.0,1.0,1.0,4.0,3.0,2.0,1.2,1.0,31.0,141.0,110.0,73.9,51.48,31.0,1.31,2.2,0.8900000000000001,1.9200000000000004,0.336,2.2,1.0,2.0,1.0,1.4,0.48,1.0,0.0,0.0,0.0,0.0,0.0,0.0,0.0,6.0,6.0,1.1,1.7600000000000002,0.0,0.0,0.0,0.0,0.0,0.0,0.0,1.0,8.0,7.0,2.5,2.0,1.0,0.0,1.0,1.0,0.6,0.4800000000000001,1.0,0.0,0.0,0.0,0.0,0.0,0.0,0.0,5.0,5.0,0.9,1.44,0.0,0.0,0.0,0.0,0.0,0.0,0.0,0.0,5.0,5.0,1.5,1.2,1.0,6.615,22.89,16.275,10.668758620690001,4.900744827586001,6.615,0.0,7.853,7.853,4.711799999999999,3.7694400000000003,7.853,0.0,2.1106628,2.1106628,0.2110972920689655,0.3799131015862069,0.0,194.0,229.0,35.0,199.8,9.280000000000006,194.0,-8.752162927096622,-2.1167184468008005,1,0.6978637599947326
Mg2CrCoH6,1.0,27.0,26.0,8.1,8.52,1.0,49.0,92.0,43.0,79.5,15.0,92.0,1.00794,58.933195,57.925255,16.558693499999997,18.660904199999997,1.00794,14.01,2180.0,2165.99,587.806,688.5552,14.01,1.0,9.0,8.0,2.5,2.0,1.0,1.0,4.0,3.0,2.0,1.2,1.0,31.0,141.0,110.0,73.3,50.760000000000005,31.0,1.31,2.2,0.8900000000000001,1.936,0.3168000000000001,2.2,1.0,2.0,1.0,1.3,0.42000000000000004,1.0,0.0,0.0,0.0,0.0,0.0,0.0,0.0,7.0,7.0,1.2,1.92,0.0,0.0,0.0,0.0,0.0,0.0,0.0,1.0,9.0,8.0,2.5,2.0,1.0,0.0,1.0,1.0,0.7,0.42000000000000004,1.0,0.0,0.0,0.0,0.0,0.0,0.0,0.0,5.0,5.0,0.8,1.28,0.0,0.0,0.0,0.0,0.0,0.0,0.0,0.0,6.0,6.0,1.5,1.2,1.0,6.615,22.89,16.275,10.6905,4.979699999999999,6.615,0.0,7.853,7.853,4.711799999999999,3.7694400000000003,7.853,0.0,1.5484712,1.5484712,0.15484712,0.278724816,0.0,194.0,229.0,35.0,197.5,6.3,194.0,-8.770412594131798,-2.0771656759585806,1,0.694974783699744
Mg2CoCrH6,1.0,27.0,26.0,8.1,8.52,1.0,49.0,92.0,43.0,79.5,15.0,92.0,1.00794,58.933195,57.925255,16.558693499999997,18.660904199999997,1.00794,14.01,2180.0,2165.99,587.806,688.5552,14.01,1.0,9.0,8.0,2.5,2.0,1.0,1.0,4.0,3.0,2.0,1.2,1.0,31.0,141.0,110.0,73.3,50.760000000000005,31.0,1.31,2.2,0.8900000000000001,1.936,0.3168000000000001,2.2,1.0,2.0,1.0,1.3,0.41999999999999993,1.0,0.0,0.0,0.0,0.0,0.0,0.0,0.0,7.0,7.0,1.2,1.92,0.0,0.0,0.0,0.0,0.0,0.0,0.0,1.0,9.0,8.0,2.5,2.0,1.0,0.0,1.0,1.0,0.7,0.41999999999999993,1.0,0.0,0.0,0.0,0.0,0.0,0.0,0.0,5.0,5.0,0.8,1.28,0.0,0.0,0.0,0.0,0.0,0.0,0.0,0.0,6.0,6.0,1.5,1.2,1.0,6.615,22.89,16.275,10.6905,4.979699999999999,6.615,0.0,7.853,7.853,4.711799999999999,3.7694400000000003,7.853,0.0,1.5484712,1.5484712,0.15484712,0.278724816,0.0,194.0,229.0,35.0,197.5,6.3,194.0,-8.770412594131798,-2.0771656759585806,1,0.694974783699744
Li2VScH6,1.0,23.0,22.0,5.6,6.56,1.0,1.0,92.0,91.0,61.1,37.08,92.0,1.00794,50.9415,49.93356,11.5827052,14.546400319999998,1.00794,14.01,2183.0,2168.99,498.84400000000005,599.8624,14.01,1.0,5.0,4.0,1.6,0.9600000000000002,1.0,1.0,4.0,3.0,1.8,0.9600000000000002,1.0,31.0,170.0,139.0,76.5,54.6,31.0,0.98,2.2,1.2200000000000002,1.8150000000000002,0.4620000000000001,2.2,1.0,2.0,1.0,1.2,0.31999999999999995,1.0,0.0,0.0,0.0,0.0,0.0,0.0,0.0,3.0,3.0,0.4,0.64,0.0,0.0,0.0,0.0,0.0,0.0,0.0,1.0,5.0,4.0,1.6,0.9600000000000002,1.0,0.0,1.0,1.0,0.8,0.31999999999999995,1.0,0.0,0.0,0.0,0.0,0.0,0.0,0.0,9.0,9.0,1.6,2.56,0.0,0.0,0.0,0.0,0.0,0.0,0.0,1.0,9.0,8.0,2.4,2.2399999999999998,1.0,6.615,22.235,15.62,10.81216666666,5.036599999991999,6.615,0.0,7.853,7.853,4.711799999999999,3.7694400000000003,7.853,0.0,6.35e-06,6.35e-06,6.350000000000001e-07,1.1430000000000001e-06,0.0,194.0,229.0,35.0,204.5,14.7,194.0,-10.273169681521878,-1.2967073594118743,1,0.6946767785166592
Li2ScVH6,1.0,23.0,22.0,5.6,6.56,1.0,1.0,92.0,91.0,61.1,37.08,92.0,1.00794,50.9415,49.93356,11.5827052,14.546400319999998,1.00794,14.01,2183.0,2168.99,498.84400000000005,599.8624,14.01,1.0,5.0,4.0,1.6,0.9600000000000002,1.0,1.0,4.0,3.0,1.8,0.9600000000000002,1.0,31.0,170.0,139.0,76.5,54.6,31.0,0.98,2.2,1.2200000000000002,1.8150000000000002,0.4620000000000001,2.2,1.0,2.0,1.0,1.2,0.31999999999999995,1.0,0.0,0.0,0.0,0.0,0.0,0.0,0.0,3.0,3.0,0.4,0.64,0.0,0.0,0.0,0.0,0.0,0.0,0.0,1.0,5.0,4.0,1.6,0.9600000000000002,1.0,0.0,1.0,1.0,0.8,0.31999999999999995,1.0,0.0,0.0,0.0,0.0,0.0,0.0,0.0,9.0,9.0,1.6,2.56,0.0,0.0,0.0,0.0,0.0,0.0,0.0,1.0,9.0,8.0,2.4,2.2399999999999998,1.0,6.615,22.235,15.62,10.81216666666,5.036599999991999,6.615,0.0,7.853,7.853,4.711799999999999,3.7694400000000003,7.853,0.0,6.35e-06,6.35e-06,6.350000000000001e-07,1.1430000000000001e-06,0.0,194.0,229.0,35.0,204.5,14.7,194.0,-10.273169681521878,-1.2967073594118743,1,0.6946767785166592
Li2MnCrH6,1.0,25.0,24.0,6.1,7.359999999999999,1.0,1.0,92.0,91.0,65.5,31.8,92.0,1.00794,54.938045,53.930105000000005,12.6863785,16.312277599999998,1.00794,14.01,2180.0,2165.99,469.04400000000004,552.1824,14.01,1.0,7.0,6.0,2.1,1.7600000000000002,1.0,1.0,4.0,3.0,1.8,0.9600000000000002,1.0,31.0,139.0,108.0,72.0,49.2,31.0,0.98,2.2,1.2200000000000002,1.8370000000000002,0.4356000000000001,2.2,1.0,2.0,1.0,1.1,0.18000000000000008,1.0,0.0,0.0,0.0,0.0,0.0,0.0,0.0,5.0,5.0,1.0,1.6,0.0,0.0,0.0,0.0,0.0,0.0,0.0,1.0,7.0,6.0,2.1,1.7600000000000002,1.0,0.0,1.0,1.0,0.9,0.18,1.0,0.0,0.0,0.0,0.0,0.0,0.0,0.0,5.0,5.0,1.0,1.6,0.0,0.0,0.0,0.0,0.0,0.0,0.0,1.0,6.0,5.0,1.9,1.44,1.0,6.615,16.5933333333,9.978333333299998,9.45542528735,3.4085103448199994,6.615,0.0,7.853,7.853,4.711799999999999,3.7694400000000003,7.853,0.0,0.000310120689655,0.000310120689655,3.10120689655e-05,5.58217241379e-05,0.0,194.0,229.0,35.0,206.8,15.360000000000003,194.0,-9.453408101383943,-1.8389222103027423,1,0.6904829775327329
Li2CrMnH6,1.0,25.0,24.0,6.1,7.359999999999999,1.0,1.0,92.0,91.0,65.5,31.8,92.0,1.00794,54.938045,53.930105000000005,12.6863785,16.312277599999998,1.00794,14.01,2180.0,2165.99,469.04400000000004,552.1824,14.01,1.0,7.0,6.0,2.1,1.7600000000000002,1.0,1.0,4.0,3.0,1.8,0.9600000000000002,1.0,31.0,139.0,108.0,72.0,49.2,31.0,0.98,2.2,1.2200000000000002,1.8370000000000002,0.4356000000000001,2.2,1.0,2.0,1.0,1.1,0.18000000000000008,1.0,0.0,0.0,0.0,0.0,0.0,0.0,0.0,5.0,5.0,1.0,1.6,0.0,0.0,0.0,0.0,0.0,0.0,0.0,1.0,7.0,6.0,2.1,1.7600000000000002,1.0,0.0,1.0,1.0,0.9,0.18,1.0,0.0,0.0,0.0,0.0,0.0,0.0,0.0,5.0,5.0,1.0,1.6,0.0,0.0,0.0,0.0,0.0,0.0,0.0,1.0,6.0,5.0,1.9,1.44,1.0,6.615,16.5933333333,9.978333333299998,9.45542528735,3.4085103448200003,6.615,0.0,7.853,7.853,4.711799999999999,3.7694400000000003,7.853,0.0,0.000310120689655,0.000310120689655,3.10120689655e-05,5.58217241379e-05,0.0,194.0,229.0,35.0,206.8,15.360000000000003,194.0,-9.453408101383943,-1.8389222103027423,1,0.6904829775327329
Mg2MnCrH6,1.0,25.0,24.0,7.9,8.280000000000001,1.0,49.0,92.0,43.0,78.9,15.719999999999999,92.0,1.00794,54.938045,53.930105000000005,16.159178500000003,18.181486200000002,1.00794,14.01,2180.0,2165.99,562.9060000000001,658.6752,14.01,1.0,7.0,6.0,2.3,1.6799999999999997,1.0,1.0,4.0,3.0,2.0,1.2,1.0,31.0,141.0,110.0,74.6,52.32000000000001,31.0,1.31,2.2,0.8900000000000001,1.903,0.3564000000000001,2.2,1.0,2.0,1.0,1.3,0.41999999999999993,1.0,0.0,0.0,0.0,0.0,0.0,0.0,0.0,5.0,5.0,1.0,1.6,0.0,0.0,0.0,0.0,0.0,0.0,0.0,1.0,7.0,6.0,2.3,1.6799999999999997,1.0,0.0,1.0,1.0,0.7,0.41999999999999993,1.0,0.0,0.0,0.0,0.0,0.0,0.0,0.0,5.0,5.0,1.0,1.6,0.0,0.0,0.0,0.0,0.0,0.0,0.0,0.0,6.0,6.0,1.7,1.52,1.0,6.615,22.89,16.275,10.71475862069,4.965144827586,6.615,0.0,7.853,7.853,4.711799999999999,3.7694400000000003,7.853,0.0,0.000310120689655,0.000310120689655,3.10120689655e-05,5.58217241379e-05,0.0,194.0,229.0,35.0,199.8,9.280000000000006,194.0,-8.861872829712386,-2.2966147967493904,1,0.6904614093794433
Mg2CrMnH6,1.0,25.0,24.0,7.9,8.280000000000001,1.0,49.0,92.0,43.0,78.9,15.719999999999999,92.0,1.00794,54.938045,53.930105000000005,16.159178500000003,18.181486200000002,1.00794,14.01,2180.0,2165.99,562.9060000000001,658.6752,14.01,1.0,7.0,6.0,2.3,1.6799999999999997,1.0,1.0,4.0,3.0,2.0,1.2,1.0,31.0,141.0,110.0,74.6,52.32000000000001,31.0,1.31,2.2,0.8900000000000001,1.903,0.3564000000000001,2.2,1.0,2.0,1.0,1.3,0.42000000000000004,1.0,0.0,0.0,0.0,0.0,0.0,0.0,0.0,5.0,5.0,1.0,1.6,0.0,0.0,0.0,0.0,0.0,0.0,0.0,1.0,7.0,6.0,2.3,1.6799999999999997,1.0,0.0,1.0,1.0,0.7,0.42000000000000004,1.0,0.0,0.0,0.0,0.0,0.0,0.0,0.0,5.0,5.0,1.0,1.6,0.0,0.0,0.0,0.0,0.0,0.0,0.0,0.0,6.0,6.0,1.7,1.52,1.0,6.615,22.89,16.275,10.71475862069,4.965144827586,6.615,0.0,7.853,7.853,4.711799999999999,3.7694400000000003,7.853,0.0,0.000310120689655,0.000310120689655,3.10120689655e-05,5.58217241379e-05,0.0,194.0,229.0,35.0,199.8,9.280000000000006,194.0,-8.861872829712386,-2.2966147967493904,1,0.6904614093794433
Li2CoCrH6,1.0,27.0,26.0,6.3,7.68,1.0,1.0,92.0,91.0,66.1,31.080000000000002,92.0,1.00794,58.933195,57.925255,13.085893500000001,16.9515016,1.00794,14.01,2180.0,2165.99,493.9440000000001,592.0224000000001,14.01,1.0,9.0,8.0,2.3,2.0799999999999996,1.0,1.0,4.0,3.0,1.8,0.9600000000000002,1.0,31.0,139.0,108.0,70.7,47.64,31.0,0.98,2.2,1.2200000000000002,1.8700000000000003,0.398,2.2,1.0,2.0,1.0,1.1,0.18000000000000008,1.0,0.0,0.0,0.0,0.0,0.0,0.0,0.0,7.0,7.0,1.2,1.92,0.0,0.0,0.0,0.0,0.0,0.0,0.0,1.0,9.0,8.0,2.3,2.0799999999999996,1.0,0.0,1.0,1.0,0.9,0.18,1.0,0.0,0.0,0.0,0.0,0.0,0.0,0.0,5.0,5.0,0.8,1.28,0.0,0.0,0.0,0.0,0.0,0.0,0.0,1.0,6.0,5.0,1.7,1.1199999999999999,1.0,6.615,16.5933333333,9.978333333299998,9.43116666666,3.379399999991999,6.615,0.0,7.853,7.853,4.711799999999999,3.7694400000000003,7.853,0.0,1.5484712,1.5484712,0.15484712,0.278724816,0.0,194.0,229.0,35.0,204.5,14.7,194.0,-9.35146050203551,-1.613387054981808,1,0.6893024766057886
Li2CrCoH6,1.0,27.0,26.0,6.3,7.68,1.0,1.0,92.0,91.0,66.1,31.080000000000002,92.0,1.00794,58.933195,57.925255,13.085893500000001,16.9515016,1.00794,14.01,2180.0,2165.99,493.9440000000001,592.0224000000001,14.01,1.0,9.0,8.0,2.3,2.0799999999999996,1.0,1.0,4.0,3.0,1.8,0.9600000000000002,1.0,31.0,139.0,108.0,70.7,47.64,31.0,0.98,2.2,1.2200000000000002,1.8700000000000003,0.398,2.2,1.0,2.0,1.0,1.1,0.18000000000000008,1.0,0.0,0.0,0.0,0.0,0.0,0.0,0.0,7.0,7.0,1.2,1.92,0.0,0.0,0.0,0.0,0.0,0.0,0.0,1.0,9.0,8.0,2.3,2.0799999999999996,1.0,0.0,1.0,1.0,0.9,0.18,1.0,0.0,0.0,0.0,0.0,0.0,0.0,0.0,5.0,5.0,0.8,1.28,0.0,0.0,0.0,0.0,0.0,0.0,0.0,1.0,6.0,5.0,1.7,1.1199999999999999,1.0,6.615,16.5933333333,9.978333333299998,9.43116666666,3.379399999991999,6.615,0.0,7.853,7.853,4.711799999999999,3.7694400000000003,7.853,0.0,1.5484712,1.5484712,0.15484712,0.278724816,0.0,194.0,229.0,35.0,204.5,14.7,194.0,-9.35146050203551,-1.613387054981808,1,0.6893024766057886
Li2MnFeH6,1.0,26.0,25.0,6.3,7.68,1.0,1.0,92.0,91.0,66.1,31.080000000000002,92.0,1.00794,55.845,54.83706,13.071268499999999,16.928101599999998,1.00794,14.01,1811.0,1796.99,432.14400000000006,501.7608,14.01,1.0,8.0,7.0,2.3,2.0799999999999996,1.0,1.0,4.0,3.0,1.8,0.9600000000000002,1.0,31.0,139.0,108.0,71.3,48.36,31.0,0.98,2.2,1.2200000000000002,1.8539999999999999,0.4152000000000001,2.2,1.0,2.0,1.0,1.2,0.31999999999999995,1.0,0.0,0.0,0.0,0.0,0.0,0.0,0.0,6.0,6.0,1.1,1.7600000000000002,0.0,0.0,0.0,0.0,0.0,0.0,0.0,1.0,8.0,7.0,2.3,2.0799999999999996,1.0,0.0,1.0,1.0,0.8,0.31999999999999995,1.0,0.0,0.0,0.0,0.0,0.0,0.0,0.0,5.0,5.0,0.9,1.44,0.0,0.0,0.0,0.0,0.0,0.0,0.0,1.0,5.0,4.0,1.7,1.1199999999999999,1.0,6.615,16.5933333333,9.978333333299998,9.40942528735,3.3533103448199997,6.615,0.0,7.853,7.853,4.711799999999999,3.7694400000000003,7.853,0.0,2.1106628,2.1106628,0.2110972920689655,0.37991310158620684,0.0,194.0,229.0,35.0,206.8,15.360000000000003,194.0,-9.314877389192041,-1.7750039543924003,1,0.6875027735013627
Li2FeMnH6,1.0,26.0,25.0,6.3,7.68,1.0,1.0,92.0,91.0,66.1,31.080000000000002,92.0,1.00794,55.845,54.83706,13.071268499999999,16.928101599999998,1.00794,14.01,1811.0,1796.99,432.14400000000006,501.7608,14.01,1.0,8.0,7.0,2.3,2.0799999999999996,1.0,1.0,4.0,3.0,1.8,0.9600000000000002,1.0,31.0,139.0,108.0,71.3,48.36,31.0,0.98,2.2,1.2200000000000002,1.8539999999999999,0.4152000000000001,2.2,1.0,2.0,1.0,1.2,0.31999999999999995,1.0,0.0,0.0,0.0,0.0,0.0,0.0,0.0,6.0,6.0,1.1,1.7600000000000002,0.0,0.0,0.0,0.0,0.0,0.0,0.0,1.0,8.0,7.0,2.3,2.0799999999999996,1.0,0.0,1.0,1.0,0.8,0.31999999999999995,1.0,0.0,0.0,0.0,0.0,0.0,0.0,0.0,5.0,5.0,0.9,1.44,0.0,0.0,0.0,0.0,0.0,0.0,0.0,1.0,5.0,4.0,1.7,1.1199999999999999,1.0,6.615,16.5933333333,9.978333333299998,9.409425287349999,3.3533103448199997,6.615,0.0,7.853,7.853,4.711799999999999,3.7694400000000003,7.853,0.0,2.1106628,2.1106628,0.2110972920689655,0.3799131015862069,0.0,194.0,229.0,35.0,206.8,15.360000000000003,194.0,-9.314877389192041,-1.7750039543924008,1,0.6875027735013627
Li2NiScH6,1.0,28.0,27.0,6.1,7.359999999999999,1.0,1.0,92.0,91.0,62.6,35.279999999999994,92.0,1.00794,58.6934,57.68546,12.3578952,15.786704320000002,1.00794,14.01,1814.0,1799.99,453.34400000000005,527.2008,14.01,1.0,10.0,9.0,2.1,1.7600000000000002,1.0,1.0,4.0,3.0,1.8,0.9600000000000002,1.0,31.0,170.0,139.0,73.6,51.12,31.0,0.98,2.2,1.2200000000000002,1.843,0.4418000000000001,2.2,1.0,2.0,1.0,1.2,0.31999999999999995,1.0,0.0,0.0,0.0,0.0,0.0,0.0,0.0,8.0,8.0,0.9,1.44,0.0,0.0,0.0,0.0,0.0,0.0,0.0,1.0,10.0,9.0,2.1,1.7600000000000002,1.0,0.0,1.0,1.0,0.8,0.31999999999999995,1.0,0.0,0.0,0.0,0.0,0.0,0.0,0.0,9.0,9.0,1.1,1.7600000000000002,0.0,0.0,0.0,0.0,0.0,0.0,0.0,1.0,9.0,8.0,1.9,1.44,1.0,6.615,22.235,15.62,10.54316666666,4.758433333324,6.615,0.0,7.853,7.853,4.711799999999999,3.7694400000000003,7.853,0.0,0.5953947,0.5953947,0.05954010500000001,0.107170919,0.0,194.0,229.0,35.0,204.1,14.139999999999997,194.0,-9.455162971367818,-1.0351005860494125,1,0.6863087885985749
Li2ScNiH6,1.0,28.0,27.0,6.1,7.359999999999999,1.0,1.0,92.0,91.0,62.6,35.279999999999994,92.0,1.00794,58.6934,57.68546,12.357895199999998,15.786704319999998,1.00794,14.01,1814.0,1799.99,453.34400000000005,527.2008,14.01,1.0,10.0,9.0,2.1,1.7600000000000002,1.0,1.0,4.0,3.0,1.8,0.9600000000000002,1.0,31.0,170.0,139.0,73.6,51.12,31.0,0.98,2.2,1.2200000000000002,1.843,0.4418000000000001,2.2,1.0,2.0,1.0,1.2,0.31999999999999995,1.0,0.0,0.0,0.0,0.0,0.0,0.0,0.0,8.0,8.0,0.9,1.44,0.0,0.0,0.0,0.0,0.0,0.0,0.0,1.0,10.0,9.0,2.1,1.7600000000000002,1.0,0.0,1.0,1.0,0.8,0.31999999999999995,1.0,0.0,0.0,0.0,0.0,0.0,0.0,0.0,9.0,9.0,1.1,1.7600000000000002,0.0,0.0,0.0,0.0,0.0,0.0,0.0,1.0,9.0,8.0,1.9,1.44,1.0,6.615,22.235,15.62,10.54316666666,4.758433333324,6.615,0.0,7.853,7.853,4.711799999999999,3.7694400000000003,7.853,0.0,0.5953947,0.5953947,0.05954010500000001,0.107170919,0.0,194.0,229.0,35.0,204.1,14.139999999999997,194.0,-9.455162971367818,-1.0351005860494127,1,0.6863087885985749
Li2VCuH6,1.0,29.0,28.0,6.4,7.840000000000001,1.0,1.0,92.0,91.0,66.4,30.72,92.0,1.00794,63.546,62.53806,13.441714,17.5208144,1.00794,14.01,2183.0,2168.99,453.221,527.0532000000001,14.01,1.0,11.0,10.0,2.4,2.2399999999999998,1.0,1.0,4.0,3.0,1.8,0.9600000000000002,1.0,31.0,153.0,122.0,72.7,50.04,31.0,0.98,2.2,1.2200000000000002,1.8690000000000002,0.4034000000000001,2.2,1.0,2.0,1.0,1.1,0.18000000000000008,1.0,0.0,0.0,0.0,0.0,0.0,0.0,0.0,10.0,10.0,1.3,2.08,0.0,0.0,0.0,0.0,0.0,0.0,0.0,1.0,11.0,10.0,2.4,2.2399999999999998,1.0,0.0,1.0,1.0,0.9,0.18,1.0,0.0,0.0,0.0,0.0,0.0,0.0,0.0,7.0,7.0,0.7,1.2599999999999998,0.0,0.0,0.0,0.0,0.0,0.0,0.0,1.0,7.0,6.0,1.6,1.08,1.0,6.615,16.5933333333,9.978333333299998,9.69566666666,3.696799999992,6.615,0.0,7.853,7.853,4.711799999999999,3.7694400000000003,7.853,0.0,0.0,0.0,0.0,0.0,0.0,194.0,229.0,35.0,207.6,16.32,194.0,-9.027709379081525,-1.3239442832896666,1,0.6863064460556828
Li2CuVH6,1.0,29.0,28.0,6.4,7.840000000000001,1.0,1.0,92.0,91.0,66.4,30.72,92.0,1.00794,63.546,62.53806,13.441714,17.5208144,1.00794,14.01,2183.0,2168.99,453.221,527.0532000000001,14.01,1.0,11.0,10.0,2.4,2.2399999999999998,1.0,1.0,4.0,3.0,1.8,0.9600000000000002,1.0,31.0,153.0,122.0,72.7,50.04,31.0,0.98,2.2,1.2200000000000002,1.8690000000000002,0.4034000000000001,2.2,1.0,2.0,1.0,1.1,0.18000000000000008,1.0,0.0,0.0,0.0,0.0,0.0,0.0,0.0,10.0,10.0,1.3,2.0799999999999996,0.0,0.0,0.0,0.0,0.0,0.0,0.0,1.0,11.0,10.0,2.4,2.2399999999999998,1.0,0.0,1.0,1.0,0.9,0.18,1.0,0.0,0.0,0.0,0.0,0.0,0.0,0.0,7.0,7.0,0.7,1.2599999999999998,0.0,0.0,0.0,0.0,0.0,0.0,0.0,1.0,7.0,6.0,1.6,1.08,1.0,6.615,16.5933333333,9.978333333299998,9.69566666666,3.696799999992,6.615,0.0,7.853,7.853,4.711799999999999,3.7694400000000003,7.853,0.0,0.0,0.0,0.0,0.0,0.0,194.0,229.0,35.0,207.6,16.32,194.0,-9.027709379081525,-1.3239442832896668,1,0.6863064460556828
Li2CoMnH6,1.0,27.0,26.0,6.4,7.840000000000001,1.0,1.0,92.0,91.0,66.4,30.72,92.0,1.00794,58.933195,57.925255,13.380088,17.4222128,1.00794,14.01,1768.0,1753.99,427.84400000000005,496.6008,14.01,1.0,9.0,8.0,2.4,2.2399999999999998,1.0,1.0,4.0,3.0,1.8,0.9600000000000002,1.0,31.0,139.0,108.0,70.7,47.64,31.0,0.98,2.2,1.2200000000000002,1.859,0.4134000000000001,2.2,1.0,2.0,1.0,1.2,0.31999999999999995,1.0,0.0,0.0,0.0,0.0,0.0,0.0,0.0,7.0,7.0,1.2,1.92,0.0,0.0,0.0,0.0,0.0,0.0,0.0,1.0,9.0,8.0,2.4,2.2399999999999998,1.0,0.0,1.0,1.0,0.8,0.31999999999999995,1.0,0.0,0.0,0.0,0.0,0.0,0.0,0.0,5.0,5.0,0.8,1.28,0.0,0.0,0.0,0.0,0.0,0.0,0.0,1.0,5.0,4.0,1.6,0.9600000000000002,1.0,6.615,16.5933333333,9.978333333299998,9.36092528735,3.2951103448199994,6.615,0.0,7.853,7.853,4.711799999999999,3.7694400000000003,7.853,0.0,1.5484712,1.5484712,0.1548781320689655,0.2787186135862069,0.0,194.0,229.0,35.0,203.3,13.020000000000005,194.0,-9.04369484263593,-1.778882153560909,1,0.6862549724148249
Li2MnCoH6,1.0,27.0,26.0,6.4,7.840000000000001,1.0,1.0,92.0,91.0,66.4,30.72,92.0,1.00794,58.933195,57.925255,13.380088,17.4222128,1.00794,14.01,1768.0,1753.99,427.84400000000005,496.6008,14.01,1.0,9.0,8.0,2.4,2.2399999999999998,1.0,1.0,4.0,3.0,1.8,0.9600000000000002,1.0,31.0,139.0,108.0,70.7,47.64,31.0,0.98,2.2,1.2200000000000002,1.859,0.4134000000000001,2.2,1.0,2.0,1.0,1.2,0.31999999999999995,1.0,0.0,0.0,0.0,0.0,0.0,0.0,0.0,7.0,7.0,1.2,1.92,0.0,0.0,0.0,0.0,0.0,0.0,0.0,1.0,9.0,8.0,2.4,2.2399999999999998,1.0,0.0,1.0,1.0,0.8,0.31999999999999995,1.0,0.0,0.0,0.0,0.0,0.0,0.0,0.0,5.0,5.0,0.8,1.28,0.0,0.0,0.0,0.0,0.0,0.0,0.0,1.0,5.0,4.0,1.6,0.9600000000000002,1.0,6.615,16.5933333333,9.978333333299998,9.36092528735,3.2951103448199994,6.615,0.0,7.853,7.853,4.711799999999999,3.7694400000000003,7.853,0.0,1.5484712,1.5484712,0.1548781320689655,0.2787186135862069,0.0,194.0,229.0,35.0,203.3,13.020000000000005,194.0,-9.04369484263593,-1.778882153560909,1,0.6862549724148249
Mg2CoTiH6,1.0,27.0,26.0,7.9,8.280000000000001,1.0,43.0,92.0,49.0,78.9,15.719999999999999,92.0,1.00794,58.933195,57.925255,16.1457835,18.1654122,1.00794,14.01,1941.0,1926.99,563.9060000000001,659.8752000000001,14.01,1.0,9.0,8.0,2.3,1.6799999999999997,1.0,1.0,4.0,3.0,2.0,1.2,1.0,31.0,160.0,129.0,75.4,53.279999999999994,31.0,1.31,2.2,0.8900000000000001,1.9240000000000002,0.33120000000000005,2.2,1.0,2.0,1.0,1.4,0.48,1.0,0.0,0.0,0.0,0.0,0.0,0.0,0.0,7.0,7.0,0.9,1.44,0.0,0.0,0.0,0.0,0.0,0.0,0.0,1.0,9.0,8.0,2.3,1.6799999999999997,1.0,0.0,1.0,1.0,0.6,0.4800000000000001,1.0,0.0,0.0,0.0,0.0,0.0,0.0,0.0,8.0,8.0,1.1,1.7600000000000002,0.0,0.0,0.0,0.0,0.0,0.0,0.0,0.0,8.0,8.0,1.7,1.52,1.0,6.615,22.89,16.275,11.2405,5.7497,6.615,0.0,7.853,7.853,4.711799999999999,3.7694400000000003,7.853,0.0,1.5484712,1.5484712,0.15484937333333332,0.27872436533333333,0.0,194.0,194.0,0.0,194.0,0.0,194.0,-9.032516216533287,-1.7231416030168563,1,0.68582380102759
Mg2TiCoH6,1.0,27.0,26.0,7.9,8.280000000000001,1.0,43.0,92.0,49.0,78.9,15.719999999999999,92.0,1.00794,58.933195,57.925255,16.1457835,18.1654122,1.00794,14.01,1941.0,1926.99,563.9060000000001,659.8752000000001,14.01,1.0,9.0,8.0,2.3,1.6799999999999997,1.0,1.0,4.0,3.0,2.0,1.2,1.0,31.0,160.0,129.0,75.4,53.279999999999994,31.0,1.31,2.2,0.8900000000000001,1.9240000000000002,0.33120000000000005,2.2,1.0,2.0,1.0,1.4,0.48,1.0,0.0,0.0,0.0,0.0,0.0,0.0,0.0,7.0,7.0,0.9,1.44,0.0,0.0,0.0,0.0,0.0,0.0,0.0,1.0,9.0,8.0,2.3,1.6799999999999997,1.0,0.0,1.0,1.0,0.6,0.4800000000000001,1.0,0.0,0.0,0.0,0.0,0.0,0.0,0.0,8.0,8.0,1.1,1.7600000000000002,0.0,0.0,0.0,0.0,0.0,0.0,0.0,0.0,8.0,8.0,1.7,1.52,1.0,6.615,22.89,16.275,11.2405,5.7497,6.615,0.0,7.853,7.853,4.711799999999999,3.7694400000000003,7.853,0.0,1.5484712,1.5484712,0.15484937333333332,0.27872436533333333,0.0,194.0,194.0,0.0,194.0,0.0,194.0,-9.032516216533287,-1.7231416030168563,1,0.68582380102759
Mg2TiFeH6,1.0,26.0,25.0,7.8,8.16,1.0,43.0,92.0,49.0,78.6,16.080000000000002,92.0,1.00794,55.845,54.83706,15.836964,17.794828799999998,1.00794,14.01,1941.0,1926.99,568.206,665.0352,14.01,1.0,8.0,7.0,2.2,1.52,1.0,1.0,4.0,3.0,2.0,1.2,1.0,31.0,160.0,129.0,76.0,54.0,31.0,1.31,2.2,0.8900000000000001,1.919,0.33720000000000006,2.2,1.0,2.0,1.0,1.4,0.48,1.0,0.0,0.0,0.0,0.0,0.0,0.0,0.0,6.0,6.0,0.8,1.28,0.0,0.0,0.0,0.0,0.0,0.0,0.0,1.0,8.0,7.0,2.2,1.52,1.0,0.0,1.0,1.0,0.6,0.4800000000000001,1.0,0.0,0.0,0.0,0.0,0.0,0.0,0.0,8.0,8.0,1.2,1.92,0.0,0.0,0.0,0.0,0.0,0.0,0.0,0.0,8.0,8.0,1.8,1.6800000000000002,1.0,6.615,22.89,16.275,11.289,5.720599999999999,6.615,0.0,7.853,7.853,4.711799999999999,3.7694400000000003,7.853,0.0,2.1106628,2.1106628,0.21106853333333336,0.3799188533333334,0.0,194.0,229.0,35.0,197.5,6.3,194.0,-9.260278255384382,-1.5816067406099164,1,0.6847151896895718
Mg2FeTiH6,1.0,26.0,25.0,7.8,8.16,1.0,43.0,92.0,49.0,78.6,16.080000000000002,92.0,1.00794,55.845,54.83706,15.836964,17.794828799999998,1.00794,14.01,1941.0,1926.99,568.206,665.0352,14.01,1.0,8.0,7.0,2.2,1.52,1.0,1.0,4.0,3.0,2.0,1.2,1.0,31.0,160.0,129.0,76.0,54.0,31.0,1.31,2.2,0.8900000000000001,1.919,0.33720000000000006,2.2,1.0,2.0,1.0,1.4,0.48,1.0,0.0,0.0,0.0,0.0,0.0,0.0,0.0,6.0,6.0,0.8,1.28,0.0,0.0,0.0,0.0,0.0,0.0,0.0,1.0,8.0,7.0,2.2,1.52,1.0,0.0,1.0,1.0,0.6,0.4800000000000001,1.0,0.0,0.0,0.0,0.0,0.0,0.0,0.0,8.0,8.0,1.2,1.92,0.0,0.0,0.0,0.0,0.0,0.0,0.0,0.0,8.0,8.0,1.8,1.6800000000000002,1.0,6.615,22.89,16.275,11.289,5.7206,6.615,0.0,7.853,7.853,4.711799999999999,3.7694400000000003,7.853,0.0,2.1106628,2.1106628,0.21106853333333336,0.3799188533333334,0.0,194.0,229.0,35.0,197.5,6.3,194.0,-9.260278255384382,-1.5816067406099164,1,0.6847151896895718
Li2ScCrH6,1.0,24.0,23.0,5.7,6.720000000000001,1.0,1.0,92.0,91.0,61.4,36.720000000000006,92.0,1.00794,51.9961,50.98816,11.6881652,14.71513632,1.00794,14.01,2180.0,2165.99,498.54400000000004,599.3824000000001,14.01,1.0,6.0,5.0,1.7,1.1199999999999999,1.0,1.0,4.0,3.0,1.8,0.9600000000000002,1.0,31.0,170.0,139.0,75.1,52.92,31.0,0.98,2.2,1.2200000000000002,1.818,0.45840000000000014,2.2,1.0,2.0,1.0,1.1,0.18000000000000008,1.0,0.0,0.0,0.0,0.0,0.0,0.0,0.0,5.0,5.0,0.6,0.96,0.0,0.0,0.0,0.0,0.0,0.0,0.0,1.0,6.0,5.0,1.7,1.1199999999999999,1.0,0.0,1.0,1.0,0.9,0.18,1.0,0.0,0.0,0.0,0.0,0.0,0.0,0.0,9.0,9.0,1.4,2.2399999999999998,0.0,0.0,0.0,0.0,0.0,0.0,0.0,1.0,9.0,8.0,2.3,2.0799999999999996,1.0,6.615,22.235,15.62,10.63016666666,4.818199999991999,6.615,0.0,7.853,7.853,4.711799999999999,3.7694400000000003,7.853,0.0,6.35e-06,6.35e-06,6.350000000000001e-07,1.1430000000000001e-06,0.0,194.0,229.0,35.0,204.5,14.7,194.0,-10.28917250069232,-1.1121845941749384,1,0.6846079111727967
Li2CrScH6,1.0,24.0,23.0,5.7,6.720000000000001,1.0,1.0,92.0,91.0,61.4,36.720000000000006,92.0,1.00794,51.9961,50.98816,11.6881652,14.71513632,1.00794,14.01,2180.0,2165.99,498.54400000000004,599.3824000000001,14.01,1.0,6.0,5.0,1.7,1.1199999999999999,1.0,1.0,4.0,3.0,1.8,0.9600000000000002,1.0,31.0,170.0,139.0,75.1,52.92,31.0,0.98,2.2,1.2200000000000002,1.818,0.45840000000000014,2.2,1.0,2.0,1.0,1.1,0.18000000000000008,1.0,0.0,0.0,0.0,0.0,0.0,0.0,0.0,5.0,5.0,0.6,0.9600000000000002,0.0,0.0,0.0,0.0,0.0,0.0,0.0,1.0,6.0,5.0,1.7,1.1199999999999999,1.0,0.0,1.0,1.0,0.9,0.18,1.0,0.0,0.0,0.0,0.0,0.0,0.0,0.0,9.0,9.0,1.4,2.2399999999999998,0.0,0.0,0.0,0.0,0.0,0.0,0.0,1.0,9.0,8.0,2.3,2.0799999999999996,1.0,6.615,22.235,15.62,10.63016666666,4.818199999991999,6.615,0.0,7.853,7.853,4.711799999999999,3.7694400000000003,7.853,0.0,6.35e-06,6.35e-06,6.350000000000001e-07,1.1430000000000001e-06,0.0,194.0,229.0,35.0,204.5,14.7,194.0,-10.28917250069232,-1.1121845941749384,1,0.6846079111727967
Li2VMnH6,1.0,25.0,24.0,6.0,7.2,1.0,1.0,92.0,91.0,65.2,32.160000000000004,92.0,1.00794,54.938045,53.930105000000005,12.5809185,16.1435416,1.00794,14.01,2183.0,2168.99,469.34400000000005,552.6623999999999,14.01,1.0,7.0,6.0,2.0,1.6,1.0,1.0,4.0,3.0,1.8,0.9600000000000002,1.0,31.0,153.0,122.0,73.4,50.88,31.0,0.98,2.2,1.2200000000000002,1.834,0.43920000000000015,2.2,1.0,2.0,1.0,1.2,0.31999999999999995,1.0,0.0,0.0,0.0,0.0,0.0,0.0,0.0,5.0,5.0,0.8,1.28,0.0,0.0,0.0,0.0,0.0,0.0,0.0,1.0,7.0,6.0,2.0,1.6,1.0,0.0,1.0,1.0,0.8,0.31999999999999995,1.0,0.0,0.0,0.0,0.0,0.0,0.0,0.0,7.0,7.0,1.2,1.92,0.0,0.0,0.0,0.0,0.0,0.0,0.0,1.0,7.0,6.0,2.0,1.6,1.0,6.615,16.5933333333,9.978333333299998,9.637425287349998,3.6269103448199984,6.615,0.0,7.853,7.853,4.711799999999999,3.7694400000000003,7.853,0.0,0.000310120689655,0.000310120689655,3.10120689655e-05,5.58217241379e-05,0.0,194.0,229.0,35.0,206.8,15.360000000000003,194.0,-9.468799208305041,-1.7124149782326987,1,0.6831337281520058
Li2MnVH6,1.0,25.0,24.0,6.0,7.2,1.0,1.0,92.0,91.0,65.2,32.160000000000004,92.0,1.00794,54.938045,53.930105000000005,12.580918500000001,16.1435416,1.00794,14.01,2183.0,2168.99,469.34400000000005,552.6623999999999,14.01,1.0,7.0,6.0,2.0,1.6,1.0,1.0,4.0,3.0,1.8,0.9600000000000002,1.0,31.0,153.0,122.0,73.4,50.88,31.0,0.98,2.2,1.2200000000000002,1.834,0.43920000000000015,2.2,1.0,2.0,1.0,1.2,0.31999999999999995,1.0,0.0,0.0,0.0,0.0,0.0,0.0,0.0,5.0,5.0,0.8,1.28,0.0,0.0,0.0,0.0,0.0,0.0,0.0,1.0,7.0,6.0,2.0,1.6,1.0,0.0,1.0,1.0,0.8,0.31999999999999995,1.0,0.0,0.0,0.0,0.0,0.0,0.0,0.0,7.0,7.0,1.2,1.92,0.0,0.0,0.0,0.0,0.0,0.0,0.0,1.0,7.0,6.0,2.0,1.6,1.0,6.615,16.5933333333,9.978333333299998,9.637425287349998,3.6269103448199993,6.615,0.0,7.853,7.853,4.711799999999999,3.7694400000000003,7.853,0.0,0.000310120689655,0.000310120689655,3.10120689655e-05,5.58217241379e-05,0.0,194.0,229.0,35.0,206.8,15.360000000000003,194.0,-9.468799208305041,-1.7124149782326985,1,0.6831337281520058
Li2VCoH6,1.0,27.0,26.0,6.2,7.5200000000000005,1.0,1.0,92.0,91.0,65.8,31.439999999999998,92.0,1.00794,58.933195,57.925255,12.980433499999998,16.782765599999998,1.00794,14.01,2183.0,2168.99,494.244,592.5024000000001,14.01,1.0,9.0,8.0,2.2,1.9200000000000004,1.0,1.0,4.0,3.0,1.8,0.9600000000000002,1.0,31.0,153.0,122.0,72.1,49.32,31.0,0.98,2.2,1.2200000000000002,1.8670000000000002,0.4022,2.2,1.0,2.0,1.0,1.2,0.31999999999999995,1.0,0.0,0.0,0.0,0.0,0.0,0.0,0.0,7.0,7.0,1.0,1.6,0.0,0.0,0.0,0.0,0.0,0.0,0.0,1.0,9.0,8.0,2.2,1.9200000000000004,1.0,0.0,1.0,1.0,0.8,0.31999999999999995,1.0,0.0,0.0,0.0,0.0,0.0,0.0,0.0,7.0,7.0,1.0,1.6,0.0,0.0,0.0,0.0,0.0,0.0,0.0,1.0,7.0,6.0,1.8,1.28,1.0,6.615,16.5933333333,9.978333333299998,9.613166666659998,3.5977999999919987,6.615,0.0,7.853,7.853,4.711799999999999,3.7694400000000003,7.853,0.0,1.5484712,1.5484712,0.15484712,0.278724816,0.0,194.0,229.0,35.0,204.5,14.7,194.0,-9.366504217383374,-1.4866422483715989,1,0.6820757523429506
Li2CoVH6,1.0,27.0,26.0,6.2,7.5200000000000005,1.0,1.0,92.0,91.0,65.8,31.439999999999998,92.0,1.00794,58.933195,57.925255,12.9804335,16.782765599999998,1.00794,14.01,2183.0,2168.99,494.244,592.5024000000001,14.01,1.0,9.0,8.0,2.2,1.9200000000000004,1.0,1.0,4.0,3.0,1.8,0.9600000000000002,1.0,31.0,153.0,122.0,72.1,49.32,31.0,0.98,2.2,1.2200000000000002,1.8670000000000002,0.4022,2.2,1.0,2.0,1.0,1.2,0.31999999999999995,1.0,0.0,0.0,0.0,0.0,0.0,0.0,0.0,7.0,7.0,1.0,1.6,0.0,0.0,0.0,0.0,0.0,0.0,0.0,1.0,9.0,8.0,2.2,1.9200000000000004,1.0,0.0,1.0,1.0,0.8,0.31999999999999995,1.0,0.0,0.0,0.0,0.0,0.0,0.0,0.0,7.0,7.0,1.0,1.6,0.0,0.0,0.0,0.0,0.0,0.0,0.0,1.0,7.0,6.0,1.8,1.28,1.0,6.615,16.5933333333,9.978333333299998,9.613166666659998,3.5977999999919987,6.615,0.0,7.853,7.853,4.711799999999999,3.7694400000000003,7.853,0.0,1.5484712,1.5484712,0.15484712,0.278724816,0.0,194.0,229.0,35.0,204.5,14.7,194.0,-9.366504217383374,-1.4866422483715989,1,0.6820757523429506
Mg2VCrH6,1.0,24.0,23.0,7.7,8.040000000000001,1.0,46.0,92.0,46.0,78.3,16.44,92.0,1.00794,51.9961,50.98816,15.759523999999999,17.701900799999997,1.00794,14.01,2183.0,2168.99,629.306,738.3552,14.01,1.0,6.0,5.0,2.1,1.36,1.0,1.0,4.0,3.0,2.0,1.2,1.0,31.0,153.0,122.0,76.0,54.0,31.0,1.31,2.2,0.8900000000000001,1.911,0.3468000000000001,2.2,1.0,2.0,1.0,1.3,0.41999999999999993,1.0,0.0,0.0,0.0,0.0,0.0,0.0,0.0,5.0,5.0,0.8,1.28,0.0,0.0,0.0,0.0,0.0,0.0,0.0,1.0,6.0,5.0,2.1,1.36,1.0,0.0,1.0,1.0,0.7,0.41999999999999993,1.0,0.0,0.0,0.0,0.0,0.0,0.0,0.0,7.0,7.0,1.2,1.92,0.0,0.0,0.0,0.0,0.0,0.0,0.0,0.0,7.0,7.0,1.9,1.8399999999999999,1.0,6.615,22.89,16.275,10.967,5.2224,6.615,0.0,7.853,7.853,4.711799999999999,3.7694400000000003,7.853,0.0,0.0,0.0,0.0,0.0,0.0,194.0,229.0,35.0,201.0,11.2,194.0,-9.273877976776378,-2.055029270886219,1,0.6810571517102698
Mg2CrVH6,1.0,24.0,23.0,7.7,8.040000000000001,1.0,46.0,92.0,46.0,78.3,16.44,92.0,1.00794,51.9961,50.98816,15.759523999999999,17.701900799999997,1.00794,14.01,2183.0,2168.99,629.306,738.3552,14.01,1.0,6.0,5.0,2.1,1.36,1.0,1.0,4.0,3.0,2.0,1.2,1.0,31.0,153.0,122.0,76.0,54.0,31.0,1.31,2.2,0.8900000000000001,1.911,0.3468000000000001,2.2,1.0,2.0,1.0,1.3,0.42000000000000004,1.0,0.0,0.0,0.0,0.0,0.0,0.0,0.0,5.0,5.0,0.8,1.28,0.0,0.0,0.0,0.0,0.0,0.0,0.0,1.0,6.0,5.0,2.1,1.36,1.0,0.0,1.0,1.0,0.7,0.42000000000000004,1.0,0.0,0.0,0.0,0.0,0.0,0.0,0.0,7.0,7.0,1.2,1.92,0.0,0.0,0.0,0.0,0.0,0.0,0.0,0.0,7.0,7.0,1.9,1.8399999999999999,1.0,6.615,22.89,16.275,10.967,5.2224,6.615,0.0,7.853,7.853,4.711799999999999,3.7694400000000003,7.853,0.0,0.0,0.0,0.0,0.0,0.0,194.0,229.0,35.0,201.0,11.2,194.0,-9.273877976776378,-2.055029270886219,1,0.6810571517102698
Mg2AlCoH6,1.0,27.0,26.0,7.0,7.2,1.0,58.0,92.0,34.0,81.9,12.12,92.0,1.00794,58.933195,57.925255,14.057237359999998,15.659156831999999,1.00794,14.01,1768.0,1753.99,463.1530000000001,538.9716000000001,14.01,1.0,13.0,12.0,3.2,3.12,1.0,1.0,4.0,3.0,1.9,1.08,1.0,31.0,141.0,110.0,71.5,48.6,31.0,1.31,2.2,0.8900000000000001,1.9310000000000003,0.3228000000000001,2.2,1.0,2.0,1.0,1.4,0.48,1.0,0.0,1.0,1.0,0.1,0.18000000000000002,0.0,0.0,7.0,7.0,0.7,1.2599999999999998,0.0,0.0,0.0,0.0,0.0,0.0,0.0,1.0,9.0,8.0,2.2,1.52,1.0,0.0,1.0,1.0,0.6,0.4800000000000001,1.0,0.0,5.0,5.0,0.5,0.9,0.0,0.0,3.0,3.0,0.3,0.54,0.0,0.0,0.0,0.0,0.0,0.0,0.0,0.0,5.0,5.0,1.4,1.0399999999999998,1.0,6.615,22.89,16.275,11.2195,5.7203,6.615,0.0,7.853,7.853,4.711799999999999,3.7694400000000003,7.853,0.0,1.5484712,1.5484712,0.15484712,0.278724816,0.0,194.0,225.0,31.0,197.1,5.579999999999996,194.0,-6.166395482504364,-3.6309254853261304,1,0.6793511242035892
Mg2CoAlH6,1.0,27.0,26.0,7.0,7.2,1.0,58.0,92.0,34.0,81.9,12.12,92.0,1.00794,58.933195,57.925255,14.057237359999998,15.659156832000003,1.00794,14.01,1768.0,1753.99,463.1530000000001,538.9716000000001,14.01,1.0,13.0,12.0,3.2,3.12,1.0,1.0,4.0,3.0,1.9,1.08,1.0,31.0,141.0,110.0,71.5,48.6,31.0,1.31,2.2,0.8900000000000001,1.9310000000000003,0.3228000000000001,2.2,1.0,2.0,1.0,1.4,0.48,1.0,0.0,1.0,1.0,0.1,0.18000000000000002,0.0,0.0,7.0,7.0,0.7,1.2599999999999998,0.0,0.0,0.0,0.0,0.0,0.0,0.0,1.0,9.0,8.0,2.2,1.52,1.0,0.0,1.0,1.0,0.6,0.4800000000000001,1.0,0.0,5.0,5.0,0.5,0.9,0.0,0.0,3.0,3.0,0.3,0.54,0.0,0.0,0.0,0.0,0.0,0.0,0.0,0.0,5.0,5.0,1.4,1.0399999999999998,1.0,6.615,22.89,16.275,11.2195,5.7203,6.615,0.0,7.853,7.853,4.711799999999999,3.7694400000000003,7.853,0.0,1.5484712,1.5484712,0.15484712,0.278724816,0.0,194.0,225.0,31.0,197.1,5.579999999999996,194.0,-6.166395482504364,-3.6309254853261304,1,0.6793511242035892
Mg2FeCrH6,1.0,26.0,25.0,8.0,8.4,1.0,49.0,92.0,43.0,79.2,15.36,92.0,1.00794,55.845,54.83706,16.249874,18.2903208,1.00794,14.01,2180.0,2165.99,592.106,693.7152,14.01,1.0,8.0,7.0,2.4,1.8399999999999999,1.0,1.0,4.0,3.0,2.0,1.2,1.0,31.0,141.0,110.0,73.9,51.48,31.0,1.31,2.2,0.8900000000000001,1.9310000000000003,0.3228000000000001,2.2,1.0,2.0,1.0,1.3,0.41999999999999993,1.0,0.0,0.0,0.0,0.0,0.0,0.0,0.0,6.0,6.0,1.1,1.7600000000000002,0.0,0.0,0.0,0.0,0.0,0.0,0.0,1.0,8.0,7.0,2.4,1.8399999999999999,1.0,0.0,1.0,1.0,0.7,0.41999999999999993,1.0,0.0,0.0,0.0,0.0,0.0,0.0,0.0,5.0,5.0,0.9,1.44,0.0,0.0,0.0,0.0,0.0,0.0,0.0,0.0,6.0,6.0,1.6,1.36,1.0,6.615,22.89,16.275,10.739,4.9506,6.615,0.0,7.853,7.853,4.711799999999999,3.7694400000000003,7.853,0.0,2.1106628,2.1106628,0.21106628,0.37991930399999996,0.0,194.0,229.0,35.0,201.0,11.2,194.0,-9.02583497013456,-2.064540803526161,1,0.6765684466789188
Mg2CrFeH6,1.0,26.0,25.0,8.0,8.4,1.0,49.0,92.0,43.0,79.2,15.36,92.0,1.00794,55.845,54.83706,16.249874,18.2903208,1.00794,14.01,2180.0,2165.99,592.106,693.7152,14.01,1.0,8.0,7.0,2.4,1.8399999999999999,1.0,1.0,4.0,3.0,2.0,1.2,1.0,31.0,141.0,110.0,73.9,51.48,31.0,1.31,2.2,0.8900000000000001,1.9310000000000003,0.3228000000000001,2.2,1.0,2.0,1.0,1.3,0.42000000000000004,1.0,0.0,0.0,0.0,0.0,0.0,0.0,0.0,6.0,6.0,1.1,1.7600000000000002,0.0,0.0,0.0,0.0,0.0,0.0,0.0,1.0,8.0,7.0,2.4,1.8399999999999999,1.0,0.0,1.0,1.0,0.7,0.42000000000000004,1.0,0.0,0.0,0.0,0.0,0.0,0.0,0.0,5.0,5.0,0.9,1.44,0.0,0.0,0.0,0.0,0.0,0.0,0.0,0.0,6.0,6.0,1.6,1.36,1.0,6.615,22.89,16.275,10.739,4.9506,6.615,0.0,7.853,7.853,4.711799999999999,3.7694400000000003,7.853,0.0,2.1106628,2.1106628,0.21106628,0.37991930399999996,0.0,194.0,229.0,35.0,201.0,11.2,194.0,-9.02583497013456,-2.064540803526161,1,0.6765684466789188
Li2ZnTiH6,1.0,30.0,29.0,6.4,7.840000000000001,1.0,1.0,92.0,91.0,66.6,30.96,92.0,1.00794,65.38,64.37205999999999,13.317663999999999,17.3223344,1.00794,14.01,1941.0,1926.99,362.512,418.20239999999995,14.01,1.0,12.0,11.0,2.4,2.2399999999999998,1.0,1.0,4.0,3.0,1.8,0.9600000000000002,1.0,31.0,160.0,129.0,72.4,49.68,31.0,0.98,2.2,1.2200000000000002,1.8350000000000002,0.43800000000000006,2.2,1.0,2.0,1.0,1.2,0.31999999999999995,1.0,0.0,0.0,0.0,0.0,0.0,0.0,0.0,10.0,10.0,1.2,1.9200000000000004,0.0,0.0,0.0,0.0,0.0,0.0,0.0,1.0,12.0,11.0,2.4,2.2399999999999998,1.0,0.0,1.0,1.0,0.8,0.31999999999999995,1.0,0.0,0.0,0.0,0.0,0.0,0.0,0.0,8.0,8.0,0.8,1.4400000000000002,0.0,0.0,0.0,0.0,0.0,0.0,0.0,0.0,8.0,8.0,1.6,1.28,1.0,6.615,16.69,10.075000000000001,10.35266666666,4.485199999992,6.615,0.0,7.853,7.853,4.711799999999999,3.7694400000000003,7.853,0.0,2.25333333333e-05,2.25333333333e-05,2.25333333333e-06,4.055999999993999e-06,0.0,194.0,229.0,35.0,201.0,11.2,194.0,-8.855086444082582,-1.1873522364771796,1,0.675670727121109
Li2TiZnH6,1.0,30.0,29.0,6.4,7.840000000000001,1.0,1.0,92.0,91.0,66.6,30.96,92.0,1.00794,65.38,64.37205999999999,13.317663999999999,17.322334399999995,1.00794,14.01,1941.0,1926.99,362.512,418.2024,14.01,1.0,12.0,11.0,2.4,2.2399999999999998,1.0,1.0,4.0,3.0,1.8,0.9600000000000002,1.0,31.0,160.0,129.0,72.4,49.68,31.0,0.98,2.2,1.2200000000000002,1.8350000000000002,0.43800000000000006,2.2,1.0,2.0,1.0,1.2,0.31999999999999995,1.0,0.0,0.0,0.0,0.0,0.0,0.0,0.0,10.0,10.0,1.2,1.92,0.0,0.0,0.0,0.0,0.0,0.0,0.0,1.0,12.0,11.0,2.4,2.2399999999999998,1.0,0.0,1.0,1.0,0.8,0.31999999999999995,1.0,0.0,0.0,0.0,0.0,0.0,0.0,0.0,8.0,8.0,0.8,1.4400000000000002,0.0,0.0,0.0,0.0,0.0,0.0,0.0,0.0,8.0,8.0,1.6,1.28,1.0,6.615,16.69,10.075000000000001,10.35266666666,4.485199999992,6.615,0.0,7.853,7.853,4.711799999999999,3.7694400000000003,7.853,0.0,2.25333333333e-05,2.25333333333e-05,2.25333333333e-06,4.055999999994e-06,0.0,194.0,229.0,35.0,201.0,11.2,194.0,-8.855086444082582,-1.1873522364771796,1,0.675670727121109
Li2AlMnH6,1.0,25.0,24.0,5.0,5.6,1.0,1.0,92.0,91.0,67.9,29.939999999999998,92.0,1.00794,54.938045,53.930105000000005,10.18492236,12.309947776000001,1.00794,14.01,1519.0,1504.99,344.39099999999996,396.4572,14.01,1.0,13.0,12.0,2.8,2.88,1.0,1.0,4.0,3.0,1.7,0.8399999999999999,1.0,31.0,139.0,108.0,70.2,47.04,31.0,0.98,2.2,1.2200000000000002,1.832,0.44160000000000005,2.2,1.0,2.0,1.0,1.2,0.31999999999999995,1.0,0.0,1.0,1.0,0.1,0.18000000000000002,0.0,0.0,5.0,5.0,0.5,0.9,0.0,0.0,0.0,0.0,0.0,0.0,0.0,1.0,7.0,6.0,1.8,1.28,1.0,0.0,1.0,1.0,0.8,0.31999999999999995,1.0,0.0,5.0,5.0,0.5,0.9,0.0,0.0,5.0,5.0,0.5,0.9,0.0,0.0,0.0,0.0,0.0,0.0,0.0,1.0,5.0,4.0,1.8,1.28,1.0,6.615,16.5933333333,9.978333333299998,9.984425287349998,4.043310344819998,6.615,0.0,7.853,7.853,4.711799999999999,3.7694400000000003,7.853,0.0,0.000310120689655,0.000310120689655,3.10120689655e-05,5.58217241379e-05,0.0,194.0,229.0,35.0,206.4,14.88,194.0,-6.669050974216519,-3.409557705962503,1,0.6752720310189773
Li2MnAlH6,1.0,25.0,24.0,5.0,5.6,1.0,1.0,92.0,91.0,67.9,29.939999999999998,92.0,1.00794,54.938045,53.930105000000005,10.184922360000002,12.309947776000001,1.00794,14.01,1519.0,1504.99,344.391,396.4572,14.01,1.0,13.0,12.0,2.8,2.88,1.0,1.0,4.0,3.0,1.7,0.8399999999999999,1.0,31.0,139.0,108.0,70.2,47.04,31.0,0.98,2.2,1.2200000000000002,1.832,0.44160000000000005,2.2,1.0,2.0,1.0,1.2,0.31999999999999995,1.0,0.0,1.0,1.0,0.1,0.18000000000000002,0.0,0.0,5.0,5.0,0.5,0.9,0.0,0.0,0.0,0.0,0.0,0.0,0.0,1.0,7.0,6.0,1.8,1.28,1.0,0.0,1.0,1.0,0.8,0.31999999999999995,1.0,0.0,5.0,5.0,0.5,0.9,0.0,0.0,5.0,5.0,0.5,0.9,0.0,0.0,0.0,0.0,0.0,0.0,0.0,1.0,5.0,4.0,1.8,1.28,1.0,6.615,16.5933333333,9.978333333299998,9.98442528735,4.04331034482,6.615,0.0,7.853,7.853,4.711799999999999,3.7694400000000003,7.853,0.0,0.000310120689655,0.000310120689655,3.10120689655e-05,5.58217241379e-05,0.0,194.0,229.0,35.0,206.4,14.88,194.0,-6.669050974216519,-3.409557705962503,1,0.6752720310189773
Li2CoFeH6,1.0,27.0,26.0,6.5,8.0,1.0,1.0,92.0,91.0,66.7,30.360000000000003,92.0,1.00794,58.933195,57.925255,13.4707835,17.5673256,1.00794,14.01,1811.0,1796.99,457.04400000000004,532.9824000000001,14.01,1.0,9.0,8.0,2.5,2.4,1.0,1.0,4.0,3.0,1.8,0.9600000000000002,1.0,31.0,132.0,101.0,70.0,46.8,31.0,0.98,2.2,1.2200000000000002,1.887,0.3756000000000001,2.2,1.0,2.0,1.0,1.2,0.31999999999999995,1.0,0.0,0.0,0.0,0.0,0.0,0.0,0.0,7.0,7.0,1.3,2.08,0.0,0.0,0.0,0.0,0.0,0.0,0.0,1.0,9.0,8.0,2.5,2.4,1.0,0.0,1.0,1.0,0.8,0.31999999999999995,1.0,0.0,0.0,0.0,0.0,0.0,0.0,0.0,4.0,4.0,0.7,1.1199999999999999,0.0,0.0,0.0,0.0,0.0,0.0,0.0,1.0,4.0,3.0,1.5,0.8,1.0,6.615,16.5933333333,9.978333333299998,9.38516666666,3.3241999999919996,6.615,0.0,7.853,7.853,4.711799999999999,3.7694400000000003,7.853,0.0,2.1106628,2.1106628,0.3659134,0.58546144,0.0,194.0,229.0,35.0,204.5,14.7,194.0,-9.094578104722592,-1.8065958815311625,1,0.6742481537130545
Li2FeCoH6,1.0,27.0,26.0,6.5,8.0,1.0,1.0,92.0,91.0,66.7,30.360000000000003,92.0,1.00794,58.933195,57.925255,13.4707835,17.5673256,1.00794,14.01,1811.0,1796.99,457.04400000000004,532.9824000000001,14.01,1.0,9.0,8.0,2.5,2.4,1.0,1.0,4.0,3.0,1.8,0.9600000000000002,1.0,31.0,132.0,101.0,70.0,46.8,31.0,0.98,2.2,1.2200000000000002,1.887,0.3756000000000001,2.2,1.0,2.0,1.0,1.2,0.31999999999999995,1.0,0.0,0.0,0.0,0.0,0.0,0.0,0.0,7.0,7.0,1.3,2.08,0.0,0.0,0.0,0.0,0.0,0.0,0.0,1.0,9.0,8.0,2.5,2.4,1.0,0.0,1.0,1.0,0.8,0.31999999999999995,1.0,0.0,0.0,0.0,0.0,0.0,0.0,0.0,4.0,4.0,0.7,1.1199999999999999,0.0,0.0,0.0,0.0,0.0,0.0,0.0,1.0,4.0,3.0,1.5,0.8,1.0,6.615,16.5933333333,9.978333333299998,9.385166666659998,3.3241999999919996,6.615,0.0,7.853,7.853,4.711799999999999,3.7694400000000003,7.853,0.0,2.1106628,2.1106628,0.3659134,0.5854614400000001,0.0,194.0,229.0,35.0,204.5,14.7,194.0,-9.094578104722592,-1.8065958815311625,1,0.6742481537130545
Li2CoAlH6,1.0,27.0,26.0,5.2,5.92,1.0,1.0,92.0,91.0,68.5,29.1,92.0,1.00794,58.933195,57.925255,10.58443736,12.949171776,1.00794,14.01,1768.0,1753.99,369.29100000000005,426.33720000000005,14.01,1.0,13.0,12.0,3.0,3.2,1.0,1.0,4.0,3.0,1.7,0.8399999999999999,1.0,31.0,128.0,97.0,68.9,45.480000000000004,31.0,0.98,2.2,1.2200000000000002,1.8650000000000002,0.40499999999999997,2.2,1.0,2.0,1.0,1.2,0.31999999999999995,1.0,0.0,1.0,1.0,0.1,0.18000000000000002,0.0,0.0,7.0,7.0,0.7,1.2599999999999998,0.0,0.0,0.0,0.0,0.0,0.0,0.0,1.0,9.0,8.0,2.0,1.6,1.0,0.0,1.0,1.0,0.8,0.31999999999999995,1.0,0.0,5.0,5.0,0.5,0.9,0.0,0.0,3.0,3.0,0.3,0.54,0.0,0.0,0.0,0.0,0.0,0.0,0.0,1.0,5.0,4.0,1.6,0.9600000000000002,1.0,6.615,16.5933333333,9.978333333299998,9.96016666666,4.014199999992,6.615,0.0,7.853,7.853,4.711799999999999,3.7694400000000003,7.853,0.0,1.5484712,1.5484712,0.15484712,0.278724816,0.0,194.0,229.0,35.0,204.1,14.139999999999997,194.0,-6.692242447049833,-3.3272706125691904,1,0.6737240494778705
Li2AlCoH6,1.0,27.0,26.0,5.2,5.92,1.0,1.0,92.0,91.0,68.5,29.1,92.0,1.00794,58.933195,57.925255,10.584437359999999,12.949171776,1.00794,14.01,1768.0,1753.99,369.291,426.33720000000005,14.01,1.0,13.0,12.0,3.0,3.2,1.0,1.0,4.0,3.0,1.7,0.8399999999999999,1.0,31.0,128.0,97.0,68.9,45.480000000000004,31.0,0.98,2.2,1.2200000000000002,1.8650000000000002,0.40499999999999997,2.2,1.0,2.0,1.0,1.2,0.31999999999999995,1.0,0.0,1.0,1.0,0.1,0.18000000000000002,0.0,0.0,7.0,7.0,0.7,1.2599999999999998,0.0,0.0,0.0,0.0,0.0,0.0,0.0,1.0,9.0,8.0,2.0,1.6,1.0,0.0,1.0,1.0,0.8,0.31999999999999995,1.0,0.0,5.0,5.0,0.5,0.9,0.0,0.0,3.0,3.0,0.3,0.54,0.0,0.0,0.0,0.0,0.0,0.0,0.0,1.0,5.0,4.0,1.6,0.9600000000000002,1.0,6.615,16.5933333333,9.978333333299998,9.960166666659998,4.014199999991999,6.615,0.0,7.853,7.853,4.711799999999999,3.7694400000000003,7.853,0.0,1.5484712,1.5484712,0.15484712,0.278724816,0.0,194.0,229.0,35.0,204.1,14.139999999999997,194.0,-6.692242447049833,-3.3272706125691904,1,0.6737240494778705
Li2CuScH6,1.0,29.0,28.0,6.2,7.5200000000000005,1.0,1.0,92.0,91.0,62.9,35.14,92.0,1.00794,63.546,62.53806,12.843155199999998,16.56312032,1.00794,14.01,1814.0,1799.99,416.321,482.7732,14.01,1.0,11.0,10.0,2.2,1.9200000000000004,1.0,1.0,4.0,3.0,1.8,0.9600000000000002,1.0,31.0,170.0,139.0,74.4,52.08,31.0,0.98,2.2,1.2200000000000002,1.842,0.4412000000000001,2.2,1.0,2.0,1.0,1.1,0.18000000000000008,1.0,0.0,0.0,0.0,0.0,0.0,0.0,0.0,10.0,10.0,1.1,1.78,0.0,0.0,0.0,0.0,0.0,0.0,0.0,1.0,11.0,10.0,2.2,1.9200000000000004,1.0,0.0,1.0,1.0,0.9,0.18,1.0,0.0,0.0,0.0,0.0,0.0,0.0,0.0,9.0,9.0,0.9,1.6200000000000003,0.0,0.0,0.0,0.0,0.0,0.0,0.0,1.0,9.0,8.0,1.8,1.4400000000000002,1.0,6.615,22.235,15.62,10.618166666659999,4.803799999991999,6.615,0.0,7.853,7.853,4.711799999999999,3.7694400000000003,7.853,0.0,6.35e-06,6.35e-06,6.350000000000001e-07,1.1430000000000001e-06,0.0,194.0,229.0,35.0,204.1,14.139999999999997,194.0,-9.458524262846135,-0.7926664102184992,1,0.67
Li2ScCuH6,1.0,29.0,28.0,6.2,7.5200000000000005,1.0,1.0,92.0,91.0,62.9,35.14,92.0,1.00794,63.546,62.53806,12.843155199999998,16.56312032,1.00794,14.01,1814.0,1799.99,416.321,482.7732,14.01,1.0,11.0,10.0,2.2,1.9200000000000004,1.0,1.0,4.0,3.0,1.8,0.9600000000000002,1.0,31.0,170.0,139.0,74.4,52.08,31.0,0.98,2.2,1.2200000000000002,1.842,0.4412000000000001,2.2,1.0,2.0,1.0,1.1,0.18000000000000008,1.0,0.0,0.0,0.0,0.0,0.0,0.0,0.0,10.0,10.0,1.1,1.78,0.0,0.0,0.0,0.0,0.0,0.0,0.0,1.0,11.0,10.0,2.2,1.9200000000000004,1.0,0.0,1.0,1.0,0.9,0.18,1.0,0.0,0.0,0.0,0.0,0.0,0.0,0.0,9.0,9.0,0.9,1.6200000000000003,0.0,0.0,0.0,0.0,0.0,0.0,0.0,1.0,9.0,8.0,1.8,1.4400000000000002,1.0,6.615,22.235,15.62,10.618166666659999,4.803799999991999,6.615,0.0,7.853,7.853,4.711799999999999,3.7694400000000003,7.853,0.0,6.35e-06,6.35e-06,6.350000000000001e-07,1.1430000000000001e-06,0.0,194.0,229.0,35.0,204.1,14.139999999999997,194.0,-9.458524262846135,-0.7926664102184992,1,0.67
Li2NiVH6,1.0,28.0,27.0,6.3,7.68,1.0,1.0,92.0,91.0,66.1,31.080000000000002,92.0,1.00794,58.6934,57.68546,12.956453999999999,16.744398399999998,1.00794,14.01,2183.0,2168.99,490.244,586.1024,14.01,1.0,10.0,9.0,2.3,2.0799999999999996,1.0,1.0,4.0,3.0,1.8,0.9600000000000002,1.0,31.0,153.0,122.0,71.9,49.08,31.0,0.98,2.2,1.2200000000000002,1.8700000000000003,0.4039999999999999,2.2,1.0,2.0,1.0,1.2,0.31999999999999995,1.0,0.0,0.0,0.0,0.0,0.0,0.0,0.0,8.0,8.0,1.1,1.7600000000000002,0.0,0.0,0.0,0.0,0.0,0.0,0.0,1.0,10.0,9.0,2.3,2.0799999999999996,1.0,0.0,1.0,1.0,0.8,0.31999999999999995,1.0,0.0,0.0,0.0,0.0,0.0,0.0,0.0,7.0,7.0,0.9,1.44,0.0,0.0,0.0,0.0,0.0,0.0,0.0,1.0,7.0,6.0,1.7,1.1199999999999999,1.0,6.615,16.5933333333,9.978333333299998,9.62066666666,3.606799999991999,6.615,0.0,7.853,7.853,4.711799999999999,3.7694400000000003,7.853,0.0,0.5953947,0.5953947,0.059539470000000004,0.107171046,0.0,194.0,229.0,35.0,207.6,16.32,194.0,-9.036321395411965,-1.55697940800387,1,0.6691943739902283
Li2VNiH6,1.0,28.0,27.0,6.3,7.68,1.0,1.0,92.0,91.0,66.1,31.080000000000002,92.0,1.00794,58.6934,57.68546,12.956453999999999,16.744398399999998,1.00794,14.01,2183.0,2168.99,490.244,586.1024,14.01,1.0,10.0,9.0,2.3,2.0799999999999996,1.0,1.0,4.0,3.0,1.8,0.9600000000000002,1.0,31.0,153.0,122.0,71.9,49.08,31.0,0.98,2.2,1.2200000000000002,1.8700000000000003,0.404,2.2,1.0,2.0,1.0,1.2,0.31999999999999995,1.0,0.0,0.0,0.0,0.0,0.0,0.0,0.0,8.0,8.0,1.1,1.7600000000000002,0.0,0.0,0.0,0.0,0.0,0.0,0.0,1.0,10.0,9.0,2.3,2.0799999999999996,1.0,0.0,1.0,1.0,0.8,0.31999999999999995,1.0,0.0,0.0,0.0,0.0,0.0,0.0,0.0,7.0,7.0,0.9,1.44,0.0,0.0,0.0,0.0,0.0,0.0,0.0,1.0,7.0,6.0,1.7,1.1199999999999999,1.0,6.615,16.5933333333,9.978333333299998,9.62066666666,3.606799999991999,6.615,0.0,7.853,7.853,4.711799999999999,3.7694400000000003,7.853,0.0,0.5953947,0.5953947,0.059539470000000004,0.107171046,0.0,194.0,229.0,35.0,207.6,16.32,194.0,-9.036321395411965,-1.55697940800387,1,0.6691943739902283
Li2ScAlH6,1.0,21.0,20.0,4.6,4.959999999999999,1.0,1.0,92.0,91.0,63.8,35.67999999999999,92.0,1.00794,44.955912,43.947972,9.18670906,10.712806496,1.00794,14.01,1814.0,1799.99,373.891,431.85720000000003,14.01,1.0,13.0,12.0,2.4,2.2399999999999998,1.0,1.0,4.0,3.0,1.7,0.8399999999999999,1.0,31.0,170.0,139.0,73.3,50.760000000000005,31.0,0.98,2.2,1.2200000000000002,1.8130000000000002,0.4644000000000001,2.2,1.0,2.0,1.0,1.2,0.31999999999999995,1.0,0.0,1.0,1.0,0.1,0.18000000000000002,0.0,0.0,1.0,1.0,0.1,0.18000000000000002,0.0,0.0,0.0,0.0,0.0,0.0,0.0,1.0,3.0,2.0,1.4,0.6399999999999999,1.0,0.0,1.0,1.0,0.8,0.31999999999999995,1.0,0.0,5.0,5.0,0.5,0.9,0.0,0.0,9.0,9.0,0.9,1.6200000000000003,0.0,0.0,0.0,0.0,0.0,0.0,0.0,1.0,9.0,8.0,2.2,1.9200000000000004,1.0,6.615,22.235,15.62,11.15916666666,5.452999999992,6.615,0.0,7.853,7.853,4.711799999999999,3.7694400000000003,7.853,0.0,6.35e-06,6.35e-06,6.350000000000001e-07,1.1430000000000001e-06,0.0,194.0,229.0,35.0,204.1,14.139999999999997,194.0,-7.391495357343409,-2.9433934917597973,1,0.6681034903587991
Li2AlScH6,1.0,21.0,20.0,4.6,4.959999999999999,1.0,1.0,92.0,91.0,63.8,35.68000000000001,92.0,1.00794,44.955912,43.947972,9.18670906,10.712806496,1.00794,14.01,1814.0,1799.99,373.89099999999996,431.85720000000003,14.01,1.0,13.0,12.0,2.4,2.2399999999999998,1.0,1.0,4.0,3.0,1.7,0.8399999999999999,1.0,31.0,170.0,139.0,73.3,50.760000000000005,31.0,0.98,2.2,1.2200000000000002,1.8130000000000002,0.46440000000000003,2.2,1.0,2.0,1.0,1.2,0.31999999999999995,1.0,0.0,1.0,1.0,0.1,0.18000000000000002,0.0,0.0,1.0,1.0,0.1,0.18000000000000002,0.0,0.0,0.0,0.0,0.0,0.0,0.0,1.0,3.0,2.0,1.4,0.6399999999999999,1.0,0.0,1.0,1.0,0.8,0.31999999999999995,1.0,0.0,5.0,5.0,0.5,0.9,0.0,0.0,9.0,9.0,0.9,1.6200000000000003,0.0,0.0,0.0,0.0,0.0,0.0,0.0,1.0,9.0,8.0,2.2,1.9200000000000004,1.0,6.615,22.235,15.62,11.15916666666,5.452999999992,6.615,0.0,7.853,7.853,4.711799999999999,3.7694400000000003,7.853,0.0,6.35e-06,6.35e-06,6.350000000000001e-07,1.1430000000000001e-06,0.0,194.0,229.0,35.0,204.1,14.139999999999997,194.0,-7.391495357343409,-2.943393491759797,1,0.6681034903587991
Mg2ScMnH6,1.0,25.0,24.0,7.6,7.919999999999999,1.0,11.0,92.0,81.0,75.1,20.28,92.0,1.00794,54.938045,53.930105000000005,15.455159700000001,17.33666364,1.00794,14.01,1814.0,1799.99,526.306,614.7552,14.01,1.0,7.0,6.0,2.0,1.2,1.0,1.0,4.0,3.0,2.0,1.2,1.0,31.0,170.0,139.0,77.7,56.040000000000006,31.0,1.31,2.2,0.8900000000000001,1.873,0.3924000000000001,2.2,1.0,2.0,1.0,1.4,0.48,1.0,0.0,0.0,0.0,0.0,0.0,0.0,0.0,5.0,5.0,0.6,0.96,0.0,0.0,0.0,0.0,0.0,0.0,0.0,1.0,7.0,6.0,2.0,1.2,1.0,0.0,1.0,1.0,0.6,0.4800000000000001,1.0,0.0,0.0,0.0,0.0,0.0,0.0,0.0,9.0,9.0,1.4,2.2399999999999998,0.0,0.0,0.0,0.0,0.0,0.0,0.0,0.0,9.0,9.0,2.0,2.0,1.0,6.615,22.89,16.275,11.81925862069,6.511444827586,6.615,0.0,7.853,7.853,4.711799999999999,3.7694400000000003,7.853,0.0,0.000310120689655,0.000310120689655,3.16470689655e-05,5.5694724137900006e-05,0.0,194.0,217.0,23.0,196.3,4.1400000000000095,194.0,-9.463685810075823,-1.3777991878827136,1,0.667903604765456
Mg2MnScH6,1.0,25.0,24.0,7.6,7.919999999999999,1.0,11.0,92.0,81.0,75.1,20.28,92.0,1.00794,54.938045,53.930105000000005,15.455159700000001,17.33666364,1.00794,14.01,1814.0,1799.99,526.306,614.7552,14.01,1.0,7.0,6.0,2.0,1.2,1.0,1.0,4.0,3.0,2.0,1.2,1.0,31.0,170.0,139.0,77.7,56.040000000000006,31.0,1.31,2.2,0.8900000000000001,1.873,0.3924000000000001,2.2,1.0,2.0,1.0,1.4,0.48,1.0,0.0,0.0,0.0,0.0,0.0,0.0,0.0,5.0,5.0,0.6,0.9600000000000002,0.0,0.0,0.0,0.0,0.0,0.0,0.0,1.0,7.0,6.0,2.0,1.2,1.0,0.0,1.0,1.0,0.6,0.4800000000000001,1.0,0.0,0.0,0.0,0.0,0.0,0.0,0.0,9.0,9.0,1.4,2.2399999999999998,0.0,0.0,0.0,0.0,0.0,0.0,0.0,0.0,9.0,9.0,2.0,2.0,1.0,6.615,22.89,16.275,11.819258620689999,6.511444827585999,6.615,0.0,7.853,7.853,4.711799999999999,3.7694400000000003,7.853,0.0,0.000310120689655,0.000310120689655,3.16470689655e-05,5.5694724137900006e-05,0.0,194.0,217.0,23.0,196.3,4.1400000000000095,194.0,-9.463685810075823,-1.3777991878827136,1,0.667903604765456
Mg2ScNiH6,1.0,28.0,27.0,7.9,8.280000000000001,1.0,11.0,92.0,81.0,76.0,19.2,92.0,1.00794,58.6934,57.68546,15.8306952,17.78730624,1.00794,14.01,1814.0,1799.99,547.206,639.8352,14.01,1.0,10.0,9.0,2.3,1.6799999999999997,1.0,1.0,4.0,3.0,2.0,1.2,1.0,31.0,170.0,139.0,76.2,54.24000000000001,31.0,1.31,2.2,0.8900000000000001,1.9090000000000003,0.3494,2.2,1.0,2.0,1.0,1.4,0.48,1.0,0.0,0.0,0.0,0.0,0.0,0.0,0.0,8.0,8.0,0.9,1.44,0.0,0.0,0.0,0.0,0.0,0.0,0.0,1.0,10.0,9.0,2.3,1.6799999999999997,1.0,0.0,1.0,1.0,0.6,0.4800000000000001,1.0,0.0,0.0,0.0,0.0,0.0,0.0,0.0,9.0,9.0,1.1,1.7600000000000002,0.0,0.0,0.0,0.0,0.0,0.0,0.0,0.0,9.0,9.0,1.7,1.52,1.0,6.615,22.89,16.275,11.8025,6.5215000000000005,6.615,0.0,7.853,7.853,4.711799999999999,3.7694400000000003,7.853,0.0,0.5953947,0.5953947,0.05954010500000001,0.107170919,0.0,194.0,225.0,31.0,197.1,5.579999999999996,194.0,-9.02515378972814,-1.1996903334607483,1,0.6678220176388837
Mg2NiScH6,1.0,28.0,27.0,7.9,8.280000000000001,1.0,11.0,92.0,81.0,76.0,19.2,92.0,1.00794,58.6934,57.68546,15.8306952,17.78730624,1.00794,14.01,1814.0,1799.99,547.206,639.8352,14.01,1.0,10.0,9.0,2.3,1.6799999999999997,1.0,1.0,4.0,3.0,2.0,1.2,1.0,31.0,170.0,139.0,76.2,54.24000000000001,31.0,1.31,2.2,0.8900000000000001,1.9090000000000003,0.3494,2.2,1.0,2.0,1.0,1.4,0.48,1.0,0.0,0.0,0.0,0.0,0.0,0.0,0.0,8.0,8.0,0.9,1.44,0.0,0.0,0.0,0.0,0.0,0.0,0.0,1.0,10.0,9.0,2.3,1.6799999999999997,1.0,0.0,1.0,1.0,0.6,0.4800000000000001,1.0,0.0,0.0,0.0,0.0,0.0,0.0,0.0,9.0,9.0,1.1,1.7600000000000002,0.0,0.0,0.0,0.0,0.0,0.0,0.0,0.0,9.0,9.0,1.7,1.52,1.0,6.615,22.89,16.275,11.8025,6.5215000000000005,6.615,0.0,7.853,7.853,4.711799999999999,3.7694400000000003,7.853,0.0,0.5953947,0.5953947,0.05954010500000001,0.107170919,0.0,194.0,225.0,31.0,197.1,5.579999999999996,194.0,-9.02515378972814,-1.1996903334607483,1,0.6678220176388837
Mg2MnZnH6,1.0,30.0,29.0,8.5,9.0,1.0,52.0,92.0,40.0,80.9,13.319999999999999,92.0,1.00794,65.38,64.37205999999999,17.4975685,19.7875542,1.00794,14.01,1519.0,1504.99,414.174,480.1968,14.01,1.0,12.0,11.0,2.9,2.6399999999999997,1.0,1.0,4.0,3.0,2.0,1.2,1.0,31.0,141.0,110.0,72.9,50.28,31.0,1.31,2.2,0.8900000000000001,1.9020000000000004,0.35760000000000003,2.2,1.0,2.0,1.0,1.4,0.48,1.0,0.0,0.0,0.0,0.0,0.0,0.0,0.0,10.0,10.0,1.5,2.4,0.0,0.0,0.0,0.0,0.0,0.0,0.0,1.0,12.0,11.0,2.9,2.6399999999999997,1.0,0.0,1.0,1.0,0.6,0.4800000000000001,1.0,0.0,0.0,0.0,0.0,0.0,0.0,0.0,5.0,5.0,0.5,0.9,0.0,0.0,0.0,0.0,0.0,0.0,0.0,0.0,5.0,5.0,1.1,0.78,1.0,6.615,22.89,16.275,10.99175862069,5.3529448275860005,6.615,0.0,7.853,7.853,4.711799999999999,3.7694400000000003,7.853,0.0,0.000310120689655,0.000310120689655,3.10120689655e-05,5.58217241379e-05,0.0,194.0,217.0,23.0,196.3,4.1400000000000095,194.0,-7.751446599327657,-2.1130976619536974,1,0.6676329981722905
Mg2ZnMnH6,1.0,30.0,29.0,8.5,9.0,1.0,52.0,92.0,40.0,80.9,13.319999999999999,92.0,1.00794,65.38,64.37205999999999,17.4975685,19.7875542,1.00794,14.01,1519.0,1504.99,414.174,480.1968,14.01,1.0,12.0,11.0,2.9,2.6399999999999997,1.0,1.0,4.0,3.0,2.0,1.2,1.0,31.0,141.0,110.0,72.9,50.28,31.0,1.31,2.2,0.8900000000000001,1.902,0.35760000000000014,2.2,1.0,2.0,1.0,1.4,0.48,1.0,0.0,0.0,0.0,0.0,0.0,0.0,0.0,10.0,10.0,1.5,2.4,0.0,0.0,0.0,0.0,0.0,0.0,0.0,1.0,12.0,11.0,2.9,2.6399999999999997,1.0,0.0,1.0,1.0,0.6,0.4800000000000001,1.0,0.0,0.0,0.0,0.0,0.0,0.0,0.0,5.0,5.0,0.5,0.9,0.0,0.0,0.0,0.0,0.0,0.0,0.0,0.0,5.0,5.0,1.1,0.78,1.0,6.615,22.89,16.275,10.99175862069,5.3529448275860005,6.615,0.0,7.853,7.853,4.711799999999999,3.7694400000000003,7.853,0.0,0.000310120689655,0.000310120689655,3.10120689655e-05,5.58217241379e-05,0.0,194.0,217.0,23.0,196.3,4.1400000000000095,194.0,-7.751446599327657,-2.1130976619536974,1,0.6676329981722905
Li2FeTiH6,1.0,26.0,25.0,6.0,7.2,1.0,1.0,92.0,91.0,65.2,32.160000000000004,92.0,1.00794,55.845,54.83706,12.364163999999999,15.7967344,1.00794,14.01,1941.0,1926.99,474.34400000000005,560.6623999999999,14.01,1.0,8.0,7.0,2.0,1.6,1.0,1.0,4.0,3.0,1.8,0.9600000000000002,1.0,31.0,160.0,129.0,73.4,50.88,31.0,0.98,2.2,1.2200000000000002,1.8530000000000002,0.41640000000000005,2.2,1.0,2.0,1.0,1.2,0.31999999999999995,1.0,0.0,0.0,0.0,0.0,0.0,0.0,0.0,6.0,6.0,0.8,1.28,0.0,0.0,0.0,0.0,0.0,0.0,0.0,1.0,8.0,7.0,2.0,1.6,1.0,0.0,1.0,1.0,0.8,0.31999999999999995,1.0,0.0,0.0,0.0,0.0,0.0,0.0,0.0,8.0,8.0,1.2,1.92,0.0,0.0,0.0,0.0,0.0,0.0,0.0,1.0,8.0,7.0,2.0,1.6,1.0,6.615,16.69,10.075000000000001,10.029666666659999,4.097599999991999,6.615,0.0,7.853,7.853,4.711799999999999,3.7694400000000003,7.853,0.0,2.1106628,2.1106628,0.21106853333333336,0.3799188533333334,0.0,194.0,229.0,35.0,204.5,14.7,194.0,-9.784118121239207,-1.284100677503191,1,0.6672254883699463
Li2TiFeH6,1.0,26.0,25.0,6.0,7.2,1.0,1.0,92.0,91.0,65.2,32.160000000000004,92.0,1.00794,55.845,54.83706,12.364163999999999,15.7967344,1.00794,14.01,1941.0,1926.99,474.34400000000005,560.6623999999999,14.01,1.0,8.0,7.0,2.0,1.6,1.0,1.0,4.0,3.0,1.8,0.9600000000000002,1.0,31.0,160.0,129.0,73.4,50.88,31.0,0.98,2.2,1.2200000000000002,1.8530000000000002,0.41640000000000005,2.2,1.0,2.0,1.0,1.2,0.31999999999999995,1.0,0.0,0.0,0.0,0.0,0.0,0.0,0.0,6.0,6.0,0.8,1.28,0.0,0.0,0.0,0.0,0.0,0.0,0.0,1.0,8.0,7.0,2.0,1.6,1.0,0.0,1.0,1.0,0.8,0.31999999999999995,1.0,0.0,0.0,0.0,0.0,0.0,0.0,0.0,8.0,8.0,1.2,1.92,0.0,0.0,0.0,0.0,0.0,0.0,0.0,1.0,8.0,7.0,2.0,1.6,1.0,6.615,16.69,10.075000000000001,10.02966666666,4.097599999992,6.615,0.0,7.853,7.853,4.711799999999999,3.7694400000000003,7.853,0.0,2.1106628,2.1106628,0.21106853333333336,0.3799188533333334,0.0,194.0,229.0,35.0,204.5,14.7,194.0,-9.784118121239207,-1.284100677503191,1,0.6672254883699463
Li2FeCrH6,1.0,26.0,25.0,6.2,7.5200000000000005,1.0,1.0,92.0,91.0,65.8,31.439999999999998,92.0,1.00794,55.845,54.83706,12.777074,16.4573904,1.00794,14.01,2180.0,2165.99,498.244,598.9024000000001,14.01,1.0,8.0,7.0,2.2,1.9200000000000004,1.0,1.0,4.0,3.0,1.8,0.9600000000000002,1.0,31.0,139.0,108.0,71.3,48.36,31.0,0.98,2.2,1.2200000000000002,1.8650000000000002,0.402,2.2,1.0,2.0,1.0,1.1,0.18000000000000008,1.0,0.0,0.0,0.0,0.0,0.0,0.0,0.0,6.0,6.0,1.1,1.7600000000000002,0.0,0.0,0.0,0.0,0.0,0.0,0.0,1.0,8.0,7.0,2.2,1.9200000000000004,1.0,0.0,1.0,1.0,0.9,0.18,1.0,0.0,0.0,0.0,0.0,0.0,0.0,0.0,5.0,5.0,0.9,1.44,0.0,0.0,0.0,0.0,0.0,0.0,0.0,1.0,6.0,5.0,1.8,1.28,1.0,6.615,16.5933333333,9.978333333299998,9.479666666659998,3.437599999992,6.615,0.0,7.853,7.853,4.711799999999999,3.7694400000000003,7.853,0.0,2.1106628,2.1106628,0.21106628,0.37991930399999996,0.0,194.0,229.0,35.0,208.0,16.8,194.0,-9.622288720021242,-1.606167246684912,1,0.665641166397856
Li2CrFeH6,1.0,26.0,25.0,6.2,7.5200000000000005,1.0,1.0,92.0,91.0,65.8,31.439999999999998,92.0,1.00794,55.845,54.83706,12.777074,16.4573904,1.00794,14.01,2180.0,2165.99,498.244,598.9024000000001,14.01,1.0,8.0,7.0,2.2,1.9200000000000004,1.0,1.0,4.0,3.0,1.8,0.9600000000000002,1.0,31.0,139.0,108.0,71.3,48.36,31.0,0.98,2.2,1.2200000000000002,1.8650000000000002,0.402,2.2,1.0,2.0,1.0,1.1,0.18000000000000008,1.0,0.0,0.0,0.0,0.0,0.0,0.0,0.0,6.0,6.0,1.1,1.7600000000000002,0.0,0.0,0.0,0.0,0.0,0.0,0.0,1.0,8.0,7.0,2.2,1.9200000000000004,1.0,0.0,1.0,1.0,0.9,0.18,1.0,0.0,0.0,0.0,0.0,0.0,0.0,0.0,5.0,5.0,0.9,1.44,0.0,0.0,0.0,0.0,0.0,0.0,0.0,1.0,6.0,5.0,1.8,1.28,1.0,6.615,16.5933333333,9.978333333299998,9.479666666659998,3.437599999992,6.615,0.0,7.853,7.853,4.711799999999999,3.7694400000000003,7.853,0.0,2.1106628,2.1106628,0.21106628,0.37991930399999996,0.0,194.0,229.0,35.0,208.0,16.8,194.0,-9.622288720021242,-1.606167246684912,1,0.665641166397856
Li2TiMnH6,1.0,25.0,24.0,5.9,7.040000000000001,1.0,1.0,92.0,91.0,64.9,32.519999999999996,92.0,1.00794,54.938045,53.930105000000005,12.2734685,15.651621599999999,1.00794,14.01,1941.0,1926.99,445.14400000000006,517.3608,14.01,1.0,7.0,6.0,1.9,1.44,1.0,1.0,4.0,3.0,1.8,0.9600000000000002,1.0,31.0,160.0,129.0,74.1,51.720000000000006,31.0,0.98,2.2,1.2200000000000002,1.825,0.4500000000000002,2.2,1.0,2.0,1.0,1.2,0.31999999999999995,1.0,0.0,0.0,0.0,0.0,0.0,0.0,0.0,5.0,5.0,0.7,1.1199999999999999,0.0,0.0,0.0,0.0,0.0,0.0,0.0,1.0,7.0,6.0,1.9,1.44,1.0,0.0,1.0,1.0,0.8,0.31999999999999995,1.0,0.0,0.0,0.0,0.0,0.0,0.0,0.0,8.0,8.0,1.3,2.08,0.0,0.0,0.0,0.0,0.0,0.0,0.0,1.0,8.0,7.0,2.1,1.7600000000000002,1.0,6.615,16.69,10.075000000000001,10.005425287349999,4.06851034482,6.615,0.0,7.853,7.853,4.711799999999999,3.7694400000000003,7.853,0.0,0.000310120689655,0.000310120689655,3.326540229883e-05,5.5371057471234e-05,0.0,194.0,229.0,35.0,203.3,13.020000000000005,194.0,-9.616731099254167,-1.5173644812223472,1,0.6655246109441681
Li2MnTiH6,1.0,25.0,24.0,5.9,7.040000000000001,1.0,1.0,92.0,91.0,64.9,32.519999999999996,92.0,1.00794,54.938045,53.930105000000005,12.273468500000002,15.651621600000002,1.00794,14.01,1941.0,1926.99,445.14400000000006,517.3608,14.01,1.0,7.0,6.0,1.9,1.44,1.0,1.0,4.0,3.0,1.8,0.9600000000000002,1.0,31.0,160.0,129.0,74.1,51.720000000000006,31.0,0.98,2.2,1.2200000000000002,1.825,0.4500000000000002,2.2,1.0,2.0,1.0,1.2,0.31999999999999995,1.0,0.0,0.0,0.0,0.0,0.0,0.0,0.0,5.0,5.0,0.7,1.1199999999999999,0.0,0.0,0.0,0.0,0.0,0.0,0.0,1.0,7.0,6.0,1.9,1.44,1.0,0.0,1.0,1.0,0.8,0.31999999999999995,1.0,0.0,0.0,0.0,0.0,0.0,0.0,0.0,8.0,8.0,1.3,2.08,0.0,0.0,0.0,0.0,0.0,0.0,0.0,1.0,8.0,7.0,2.1,1.7600000000000002,1.0,6.615,16.69,10.075000000000001,10.005425287349999,4.06851034482,6.615,0.0,7.853,7.853,4.711799999999999,3.7694400000000003,7.853,0.0,0.000310120689655,0.000310120689655,3.326540229883e-05,5.5371057471234e-05,0.0,194.0,229.0,35.0,203.3,13.020000000000005,194.0,-9.616731099254167,-1.5173644812223472,1,0.6655246109441681
Li2NiTiH6,1.0,28.0,27.0,6.2,7.5200000000000005,1.0,1.0,92.0,91.0,65.8,31.439999999999998,92.0,1.00794,58.6934,57.68546,12.649004,16.2524784,1.00794,14.01,1941.0,1926.99,466.04400000000004,547.3824000000001,14.01,1.0,10.0,9.0,2.2,1.9200000000000004,1.0,1.0,4.0,3.0,1.8,0.9600000000000002,1.0,31.0,160.0,129.0,72.6,49.92,31.0,0.98,2.2,1.2200000000000002,1.861,0.4166,2.2,1.0,2.0,1.0,1.2,0.31999999999999995,1.0,0.0,0.0,0.0,0.0,0.0,0.0,0.0,8.0,8.0,1.0,1.6,0.0,0.0,0.0,0.0,0.0,0.0,0.0,1.0,10.0,9.0,2.2,1.9200000000000004,1.0,0.0,1.0,1.0,0.8,0.31999999999999995,1.0,0.0,0.0,0.0,0.0,0.0,0.0,0.0,8.0,8.0,1.0,1.6,0.0,0.0,0.0,0.0,0.0,0.0,0.0,1.0,8.0,7.0,1.8,1.28,1.0,6.615,16.69,10.075000000000001,9.988666666659999,4.048399999991999,6.615,0.0,7.853,7.853,4.711799999999999,3.7694400000000003,7.853,0.0,0.5953947,0.5953947,0.05954172333333334,0.10717059533333335,0.0,194.0,229.0,35.0,204.1,14.139999999999997,194.0,-9.182131831805256,-1.3607991852653587,1,0.6584926435570858
Li2TiNiH6,1.0,28.0,27.0,6.2,7.5200000000000005,1.0,1.0,92.0,91.0,65.8,31.439999999999998,92.0,1.00794,58.6934,57.68546,12.649004,16.2524784,1.00794,14.01,1941.0,1926.99,466.04400000000004,547.3824000000001,14.01,1.0,10.0,9.0,2.2,1.9200000000000004,1.0,1.0,4.0,3.0,1.8,0.9600000000000002,1.0,31.0,160.0,129.0,72.6,49.92,31.0,0.98,2.2,1.2200000000000002,1.861,0.41660000000000014,2.2,1.0,2.0,1.0,1.2,0.31999999999999995,1.0,0.0,0.0,0.0,0.0,0.0,0.0,0.0,8.0,8.0,1.0,1.6,0.0,0.0,0.0,0.0,0.0,0.0,0.0,1.0,10.0,9.0,2.2,1.9200000000000004,1.0,0.0,1.0,1.0,0.8,0.31999999999999995,1.0,0.0,0.0,0.0,0.0,0.0,0.0,0.0,8.0,8.0,1.0,1.6,0.0,0.0,0.0,0.0,0.0,0.0,0.0,1.0,8.0,7.0,1.8,1.28,1.0,6.615,16.69,10.075000000000001,9.98866666666,4.048399999991999,6.615,0.0,7.853,7.853,4.711799999999999,3.7694400000000003,7.853,0.0,0.5953947,0.5953947,0.05954172333333334,0.10717059533333335,0.0,194.0,229.0,35.0,204.1,14.139999999999997,194.0,-9.182131831805256,-1.3607991852653587,1,0.6584926435570858
Li2VCrH6,1.0,24.0,23.0,5.9,7.040000000000001,1.0,1.0,92.0,91.0,64.9,32.519999999999996,92.0,1.00794,51.9961,50.98816,12.286724,15.672830399999999,1.00794,14.01,2183.0,2168.99,535.4440000000001,658.4224,14.01,1.0,6.0,5.0,1.9,1.44,1.0,1.0,4.0,3.0,1.8,0.9600000000000002,1.0,31.0,153.0,122.0,73.4,50.88,31.0,0.98,2.2,1.2200000000000002,1.8450000000000002,0.42600000000000005,2.2,1.0,2.0,1.0,1.1,0.18000000000000008,1.0,0.0,0.0,0.0,0.0,0.0,0.0,0.0,5.0,5.0,0.8,1.28,0.0,0.0,0.0,0.0,0.0,0.0,0.0,1.0,6.0,5.0,1.9,1.44,1.0,0.0,1.0,1.0,0.9,0.18,1.0,0.0,0.0,0.0,0.0,0.0,0.0,0.0,7.0,7.0,1.2,1.92,0.0,0.0,0.0,0.0,0.0,0.0,0.0,1.0,7.0,6.0,2.1,1.7600000000000002,1.0,6.615,16.5933333333,9.978333333299998,9.70766666666,3.711199999992,6.615,0.0,7.853,7.853,4.711799999999999,3.7694400000000003,7.853,0.0,0.0,0.0,0.0,0.0,0.0,194.0,229.0,35.0,208.0,16.8,194.0,-9.864411826460023,-1.607079508431008,1,0.6570188913726195
Li2CrVH6,1.0,24.0,23.0,5.9,7.040000000000001,1.0,1.0,92.0,91.0,64.9,32.519999999999996,92.0,1.00794,51.9961,50.98816,12.286724000000001,15.6728304,1.00794,14.01,2183.0,2168.99,535.4440000000001,658.4224,14.01,1.0,6.0,5.0,1.9,1.44,1.0,1.0,4.0,3.0,1.8,0.9600000000000002,1.0,31.0,153.0,122.0,73.4,50.88,31.0,0.98,2.2,1.2200000000000002,1.8450000000000002,0.42600000000000005,2.2,1.0,2.0,1.0,1.1,0.18000000000000008,1.0,0.0,0.0,0.0,0.0,0.0,0.0,0.0,5.0,5.0,0.8,1.28,0.0,0.0,0.0,0.0,0.0,0.0,0.0,1.0,6.0,5.0,1.9,1.44,1.0,0.0,1.0,1.0,0.9,0.18,1.0,0.0,0.0,0.0,0.0,0.0,0.0,0.0,7.0,7.0,1.2,1.92,0.0,0.0,0.0,0.0,0.0,0.0,0.0,1.0,7.0,6.0,2.1,1.7600000000000002,1.0,6.615,16.5933333333,9.978333333299998,9.70766666666,3.7111999999919996,6.615,0.0,7.853,7.853,4.711799999999999,3.7694400000000003,7.853,0.0,0.0,0.0,0.0,0.0,0.0,194.0,229.0,35.0,208.0,16.8,194.0,-9.864411826460023,-1.607079508431008,1,0.6570188913726195
Li2TiVH6,1.0,23.0,22.0,5.7,6.720000000000001,1.0,1.0,92.0,91.0,64.3,33.239999999999995,92.0,1.00794,50.9415,49.93356,11.873814,15.012174399999997,1.00794,14.01,2183.0,2168.99,511.54400000000004,620.1824,14.01,1.0,5.0,4.0,1.7,1.1199999999999999,1.0,1.0,4.0,3.0,1.8,0.9600000000000002,1.0,31.0,160.0,129.0,75.5,53.4,31.0,0.98,2.2,1.2200000000000002,1.8330000000000002,0.44040000000000007,2.2,1.0,2.0,1.0,1.2,0.31999999999999995,1.0,0.0,0.0,0.0,0.0,0.0,0.0,0.0,3.0,3.0,0.5,0.8,0.0,0.0,0.0,0.0,0.0,0.0,0.0,1.0,5.0,4.0,1.7,1.1199999999999999,1.0,0.0,1.0,1.0,0.8,0.31999999999999995,1.0,0.0,0.0,0.0,0.0,0.0,0.0,0.0,8.0,8.0,1.5,2.4,0.0,0.0,0.0,0.0,0.0,0.0,0.0,1.0,8.0,7.0,2.3,2.0799999999999996,1.0,6.615,16.69,10.075000000000001,10.25766666666,4.371199999991999,6.615,0.0,7.853,7.853,4.711799999999999,3.7694400000000003,7.853,0.0,2.25333333333e-05,2.25333333333e-05,2.25333333333e-06,4.055999999994e-06,0.0,194.0,229.0,35.0,204.5,14.7,194.0,-9.997349469295308,-1.611956572934777,1,0.6543061842022035
Li2VTiH6,1.0,23.0,22.0,5.7,6.720000000000001,1.0,1.0,92.0,91.0,64.3,33.239999999999995,92.0,1.00794,50.9415,49.93356,11.873814,15.012174399999997,1.00794,14.01,2183.0,2168.99,511.54400000000004,620.1824,14.01,1.0,5.0,4.0,1.7,1.1199999999999999,1.0,1.0,4.0,3.0,1.8,0.9600000000000002,1.0,31.0,160.0,129.0,75.5,53.4,31.0,0.98,2.2,1.2200000000000002,1.8330000000000002,0.44040000000000007,2.2,1.0,2.0,1.0,1.2,0.31999999999999995,1.0,0.0,0.0,0.0,0.0,0.0,0.0,0.0,3.0,3.0,0.5,0.8,0.0,0.0,0.0,0.0,0.0,0.0,0.0,1.0,5.0,4.0,1.7,1.1199999999999999,1.0,0.0,1.0,1.0,0.8,0.31999999999999995,1.0,0.0,0.0,0.0,0.0,0.0,0.0,0.0,8.0,8.0,1.5,2.4,0.0,0.0,0.0,0.0,0.0,0.0,0.0,1.0,8.0,7.0,2.3,2.0799999999999996,1.0,6.615,16.69,10.075000000000001,10.257666666659999,4.371199999991999,6.615,0.0,7.853,7.853,4.711799999999999,3.7694400000000003,7.853,0.0,2.25333333333e-05,2.25333333333e-05,2.25333333333e-06,4.055999999993999e-06,0.0,194.0,229.0,35.0,204.5,14.7,194.0,-9.997349469295308,-1.611956572934777,1,0.6543061842022035
Li2CoTiH6,1.0,27.0,26.0,6.1,7.359999999999999,1.0,1.0,92.0,91.0,65.5,31.8,92.0,1.00794,58.933195,57.925255,12.6729835,16.2908456,1.00794,14.01,1941.0,1926.99,470.04400000000004,553.7824,14.01,1.0,9.0,8.0,2.1,1.7600000000000002,1.0,1.0,4.0,3.0,1.8,0.9600000000000002,1.0,31.0,160.0,129.0,72.8,50.160000000000004,31.0,0.98,2.2,1.2200000000000002,1.858,0.41480000000000006,2.2,1.0,2.0,1.0,1.2,0.31999999999999995,1.0,0.0,0.0,0.0,0.0,0.0,0.0,0.0,7.0,7.0,0.9,1.44,0.0,0.0,0.0,0.0,0.0,0.0,0.0,1.0,9.0,8.0,2.1,1.7600000000000002,1.0,0.0,1.0,1.0,0.8,0.31999999999999995,1.0,0.0,0.0,0.0,0.0,0.0,0.0,0.0,8.0,8.0,1.1,1.7600000000000002,0.0,0.0,0.0,0.0,0.0,0.0,0.0,1.0,8.0,7.0,1.9,1.44,1.0,6.615,16.69,10.075000000000001,9.981166666659998,4.039399999992,6.615,0.0,7.853,7.853,4.711799999999999,3.7694400000000003,7.853,0.0,1.5484712,1.5484712,0.15484937333333332,0.27872436533333333,0.0,194.0,229.0,35.0,201.0,11.2,194.0,-9.519150881242716,-1.2919773525285436,1,0.6484926435570858
Li2TiCoH6,1.0,27.0,26.0,6.1,7.359999999999999,1.0,1.0,92.0,91.0,65.5,31.8,92.0,1.00794,58.933195,57.925255,12.672983499999999,16.2908456,1.00794,14.01,1941.0,1926.99,470.04400000000004,553.7824,14.01,1.0,9.0,8.0,2.1,1.7600000000000002,1.0,1.0,4.0,3.0,1.8,0.9600000000000002,1.0,31.0,160.0,129.0,72.8,50.160000000000004,31.0,0.98,2.2,1.2200000000000002,1.858,0.41480000000000006,2.2,1.0,2.0,1.0,1.2,0.31999999999999995,1.0,0.0,0.0,0.0,0.0,0.0,0.0,0.0,7.0,7.0,0.9,1.44,0.0,0.0,0.0,0.0,0.0,0.0,0.0,1.0,9.0,8.0,2.1,1.7600000000000002,1.0,0.0,1.0,1.0,0.8,0.31999999999999995,1.0,0.0,0.0,0.0,0.0,0.0,0.0,0.0,8.0,8.0,1.1,1.7600000000000002,0.0,0.0,0.0,0.0,0.0,0.0,0.0,1.0,8.0,7.0,1.9,1.44,1.0,6.615,16.69,10.075000000000001,9.981166666659998,4.039399999992,6.615,0.0,7.853,7.853,4.711799999999999,3.7694400000000003,7.853,0.0,1.5484712,1.5484712,0.15484937333333332,0.27872436533333333,0.0,194.0,229.0,35.0,201.0,11.2,194.0,-9.519150881242716,-1.2919773525285438,1,0.6484926435570858
Mg2CrScH6,1.0,24.0,23.0,7.5,7.8,1.0,11.0,92.0,81.0,74.8,20.64,92.0,1.00794,51.9961,50.98816,15.160965199999998,16.98363024,1.00794,14.01,2180.0,2165.99,592.4060000000001,694.0752,14.01,1.0,6.0,5.0,1.9,1.08,1.0,1.0,4.0,3.0,2.0,1.2,1.0,31.0,170.0,139.0,77.7,56.040000000000006,31.0,1.31,2.2,0.8900000000000001,1.8840000000000003,0.37920000000000004,2.2,1.0,2.0,1.0,1.3,0.42000000000000004,1.0,0.0,0.0,0.0,0.0,0.0,0.0,0.0,5.0,5.0,0.6,0.9600000000000002,0.0,0.0,0.0,0.0,0.0,0.0,0.0,1.0,6.0,5.0,1.9,1.08,1.0,0.0,1.0,1.0,0.7,0.42000000000000004,1.0,0.0,0.0,0.0,0.0,0.0,0.0,0.0,9.0,9.0,1.4,2.2399999999999998,0.0,0.0,0.0,0.0,0.0,0.0,0.0,0.0,9.0,9.0,2.1,2.16,1.0,6.615,22.89,16.275,11.8895,6.4693,6.615,0.0,7.853,7.853,4.711799999999999,3.7694400000000003,7.853,0.0,6.35e-06,6.35e-06,6.350000000000001e-07,1.1430000000000001e-06,0.0,194.0,229.0,35.0,197.5,6.3,194.0,-9.80663280049659,-1.3866374422077021,1,0.6480920947405707
Mg2ScCrH6,1.0,24.0,23.0,7.5,7.8,1.0,11.0,92.0,81.0,74.8,20.64,92.0,1.00794,51.9961,50.98816,15.160965199999998,16.98363024,1.00794,14.01,2180.0,2165.99,592.4060000000001,694.0752,14.01,1.0,6.0,5.0,1.9,1.08,1.0,1.0,4.0,3.0,2.0,1.2,1.0,31.0,170.0,139.0,77.7,56.040000000000006,31.0,1.31,2.2,0.8900000000000001,1.8840000000000003,0.37920000000000004,2.2,1.0,2.0,1.0,1.3,0.41999999999999993,1.0,0.0,0.0,0.0,0.0,0.0,0.0,0.0,5.0,5.0,0.6,0.96,0.0,0.0,0.0,0.0,0.0,0.0,0.0,1.0,6.0,5.0,1.9,1.08,1.0,0.0,1.0,1.0,0.7,0.41999999999999993,1.0,0.0,0.0,0.0,0.0,0.0,0.0,0.0,9.0,9.0,1.4,2.2399999999999998,0.0,0.0,0.0,0.0,0.0,0.0,0.0,0.0,9.0,9.0,2.1,2.16,1.0,6.615,22.89,16.275,11.8895,6.4693,6.615,0.0,7.853,7.853,4.711799999999999,3.7694400000000003,7.853,0.0,6.35e-06,6.35e-06,6.350000000000001e-07,1.1430000000000001e-06,0.0,194.0,229.0,35.0,197.5,6.3,194.0,-9.80663280049659,-1.386637442207702,1,0.6480920947405707
Li2CuTiH6,1.0,29.0,28.0,6.3,7.68,1.0,1.0,92.0,91.0,66.1,31.080000000000002,92.0,1.00794,63.546,62.53806,13.134263999999998,17.028894400000002,1.00794,14.01,1941.0,1926.99,429.021,498.0132,14.01,1.0,11.0,10.0,2.3,2.0799999999999996,1.0,1.0,4.0,3.0,1.8,0.9600000000000002,1.0,31.0,160.0,129.0,73.4,50.88,31.0,0.98,2.2,1.2200000000000002,1.86,0.41600000000000004,2.2,1.0,2.0,1.0,1.1,0.18000000000000008,1.0,0.0,0.0,0.0,0.0,0.0,0.0,0.0,10.0,10.0,1.2,1.9200000000000004,0.0,0.0,0.0,0.0,0.0,0.0,0.0,1.0,11.0,10.0,2.3,2.0799999999999996,1.0,0.0,1.0,1.0,0.9,0.18,1.0,0.0,0.0,0.0,0.0,0.0,0.0,0.0,8.0,8.0,0.8,1.4400000000000002,0.0,0.0,0.0,0.0,0.0,0.0,0.0,1.0,8.0,7.0,1.7,1.2599999999999998,1.0,6.615,16.69,10.075000000000001,10.06366666666,4.138399999991999,6.615,0.0,7.853,7.853,4.711799999999999,3.7694400000000003,7.853,0.0,2.25333333333e-05,2.25333333333e-05,2.25333333333e-06,4.055999999993999e-06,0.0,194.0,229.0,35.0,204.1,14.139999999999997,194.0,-9.178314579078751,-1.1246561792386196,1,0.6463087885985749
Li2TiCuH6,1.0,29.0,28.0,6.3,7.68,1.0,1.0,92.0,91.0,66.1,31.080000000000002,92.0,1.00794,63.546,62.53806,13.134263999999998,17.028894400000002,1.00794,14.01,1941.0,1926.99,429.021,498.0132,14.01,1.0,11.0,10.0,2.3,2.0799999999999996,1.0,1.0,4.0,3.0,1.8,0.9600000000000002,1.0,31.0,160.0,129.0,73.4,50.88,31.0,0.98,2.2,1.2200000000000002,1.86,0.41600000000000004,2.2,1.0,2.0,1.0,1.1,0.18000000000000008,1.0,0.0,0.0,0.0,0.0,0.0,0.0,0.0,10.0,10.0,1.2,1.92,0.0,0.0,0.0,0.0,0.0,0.0,0.0,1.0,11.0,10.0,2.3,2.0799999999999996,1.0,0.0,1.0,1.0,0.9,0.18,1.0,0.0,0.0,0.0,0.0,0.0,0.0,0.0,8.0,8.0,0.8,1.4400000000000002,0.0,0.0,0.0,0.0,0.0,0.0,0.0,1.0,8.0,7.0,1.7,1.2599999999999998,1.0,6.615,16.69,10.075000000000001,10.063666666660001,4.138399999992,6.615,0.0,7.853,7.853,4.711799999999999,3.7694400000000003,7.853,0.0,2.25333333333e-05,2.25333333333e-05,2.25333333333e-06,4.055999999994e-06,0.0,194.0,229.0,35.0,204.1,14.139999999999997,194.0,-9.178314579078751,-1.1246561792386196,1,0.6463087885985749
Ca2AlVH6,1.0,23.0,22.0,8.2,8.64,1.0,7.0,92.0,85.0,68.5,29.1,92.0,1.00794,50.9415,49.93356,16.41266786,18.485673432,1.00794,14.01,2183.0,2168.99,543.0530000000001,634.8516000000001,14.01,1.0,13.0,12.0,2.8,2.4799999999999995,1.0,1.0,4.0,3.0,2.1,1.3199999999999998,1.0,31.0,176.0,145.0,81.2,60.24000000000001,31.0,1.0,2.2,1.2000000000000002,1.844,0.4272,2.2,1.0,2.0,1.0,1.4,0.48,1.0,0.0,1.0,1.0,0.1,0.18000000000000002,0.0,0.0,3.0,3.0,0.3,0.54,0.0,0.0,0.0,0.0,0.0,0.0,0.0,1.0,5.0,4.0,1.8,0.9600000000000002,1.0,0.0,1.0,1.0,0.6,0.4800000000000001,1.0,0.0,5.0,5.0,0.5,0.9,0.0,0.0,7.0,7.0,0.7,1.2599999999999998,0.0,0.0,0.0,0.0,0.0,0.0,0.0,0.0,7.0,7.0,1.8,1.6800000000000002,1.0,6.615,37.77,31.155,14.472000000000003,9.720800000000002,6.615,0.0,7.853,7.853,4.711799999999999,3.7694400000000003,7.853,0.0,0.0,0.0,0.0,0.0,0.0,194.0,229.0,35.0,206.8,15.360000000000003,194.0,-7.40950966388278,-2.1201539008255144,1,0.6459377402446385
Ca2VAlH6,1.0,23.0,22.0,8.2,8.64,1.0,7.0,92.0,85.0,68.5,29.1,92.0,1.00794,50.9415,49.93356,16.41266786,18.485673432,1.00794,14.01,2183.0,2168.99,543.0530000000001,634.8516,14.01,1.0,13.0,12.0,2.8,2.4799999999999995,1.0,1.0,4.0,3.0,2.1,1.3199999999999998,1.0,31.0,176.0,145.0,81.2,60.24000000000001,31.0,1.0,2.2,1.2000000000000002,1.844,0.4272,2.2,1.0,2.0,1.0,1.4,0.48,1.0,0.0,1.0,1.0,0.1,0.18000000000000002,0.0,0.0,3.0,3.0,0.3,0.54,0.0,0.0,0.0,0.0,0.0,0.0,0.0,1.0,5.0,4.0,1.8,0.9600000000000002,1.0,0.0,1.0,1.0,0.6,0.4800000000000001,1.0,0.0,5.0,5.0,0.5,0.9,0.0,0.0,7.0,7.0,0.7,1.2599999999999998,0.0,0.0,0.0,0.0,0.0,0.0,0.0,0.0,7.0,7.0,1.8,1.6800000000000002,1.0,6.615,37.77,31.155,14.472000000000003,9.720800000000002,6.615,0.0,7.853,7.853,4.711799999999999,3.7694400000000003,7.853,0.0,0.0,0.0,0.0,0.0,0.0,194.0,229.0,35.0,206.8,15.360000000000003,194.0,-7.40950966388278,-2.1201539008255144,1,0.6459377402446385
Mg2AlNiH6,1.0,28.0,27.0,7.1,7.3199999999999985,1.0,61.0,92.0,31.0,82.2,11.76,92.0,1.00794,58.6934,57.68546,14.03325786,15.630381432000002,1.00794,14.01,1728.0,1713.99,459.1530000000001,534.1716,14.01,1.0,13.0,12.0,3.3,3.28,1.0,1.0,4.0,3.0,1.9,1.08,1.0,31.0,141.0,110.0,71.3,48.36,31.0,1.31,2.2,0.8900000000000001,1.9340000000000004,0.31920000000000004,2.2,1.0,2.0,1.0,1.4,0.48,1.0,0.0,1.0,1.0,0.1,0.18000000000000002,0.0,0.0,8.0,8.0,0.8,1.4400000000000002,0.0,0.0,0.0,0.0,0.0,0.0,0.0,1.0,10.0,9.0,2.3,1.6799999999999997,1.0,0.0,1.0,1.0,0.6,0.4800000000000001,1.0,0.0,5.0,5.0,0.5,0.9,0.0,0.0,2.0,2.0,0.2,0.36000000000000004,0.0,0.0,0.0,0.0,0.0,0.0,0.0,0.0,5.0,5.0,1.3,0.8800000000000001,1.0,6.615,22.89,16.275,11.227,5.7158,6.615,0.0,7.853,7.853,4.711799999999999,3.7694400000000003,7.853,0.0,0.5953947,0.5953947,0.059539470000000004,0.107171046,0.0,194.0,225.0,31.0,200.2,9.919999999999993,194.0,-5.89371182431114,-3.7422591286477367,1,0.6444152755725971
Mg2NiAlH6,1.0,28.0,27.0,7.1,7.3199999999999985,1.0,61.0,92.0,31.0,82.2,11.76,92.0,1.00794,58.6934,57.68546,14.03325786,15.630381432000002,1.00794,14.01,1728.0,1713.99,459.1530000000001,534.1716,14.01,1.0,13.0,12.0,3.3,3.28,1.0,1.0,4.0,3.0,1.9,1.08,1.0,31.0,141.0,110.0,71.3,48.36,31.0,1.31,2.2,0.8900000000000001,1.9340000000000004,0.31920000000000004,2.2,1.0,2.0,1.0,1.4,0.48,1.0,0.0,1.0,1.0,0.1,0.18000000000000002,0.0,0.0,8.0,8.0,0.8,1.4400000000000002,0.0,0.0,0.0,0.0,0.0,0.0,0.0,1.0,10.0,9.0,2.3,1.6799999999999997,1.0,0.0,1.0,1.0,0.6,0.4800000000000001,1.0,0.0,5.0,5.0,0.5,0.9,0.0,0.0,2.0,2.0,0.2,0.36000000000000004,0.0,0.0,0.0,0.0,0.0,0.0,0.0,0.0,5.0,5.0,1.3,0.8800000000000001,1.0,6.615,22.89,16.275,11.227,5.7158,6.615,0.0,7.853,7.853,4.711799999999999,3.7694400000000003,7.853,0.0,0.5953947,0.5953947,0.059539470000000004,0.107171046,0.0,194.0,225.0,31.0,200.2,9.919999999999993,194.0,-5.89371182431114,-3.7422591286477367,1,0.6444152755725971
Mg2AlCrH6,1.0,24.0,23.0,6.7,6.840000000000001,1.0,49.0,92.0,43.0,81.0,13.2,92.0,1.00794,51.9961,50.98816,13.36352786,14.826705432,1.00794,14.01,2180.0,2165.99,504.35300000000007,588.4116,14.01,1.0,13.0,12.0,2.9,2.6399999999999997,1.0,1.0,4.0,3.0,1.9,1.08,1.0,31.0,141.0,110.0,72.8,50.160000000000004,31.0,1.31,2.2,0.8900000000000001,1.9090000000000003,0.34920000000000007,2.2,1.0,2.0,1.0,1.3,0.41999999999999993,1.0,0.0,1.0,1.0,0.1,0.18000000000000002,0.0,0.0,5.0,5.0,0.5,0.9,0.0,0.0,0.0,0.0,0.0,0.0,0.0,1.0,6.0,5.0,1.9,1.08,1.0,0.0,1.0,1.0,0.7,0.41999999999999993,1.0,0.0,5.0,5.0,0.5,0.9,0.0,0.0,5.0,5.0,0.5,0.9,0.0,0.0,0.0,0.0,0.0,0.0,0.0,0.0,6.0,6.0,1.7,1.52,1.0,6.615,22.89,16.275,11.314,5.6636,6.615,0.0,7.853,7.853,4.711799999999999,3.7694400000000003,7.853,0.0,0.0,0.0,0.0,0.0,0.0,194.0,229.0,35.0,200.6,10.559999999999997,194.0,-6.385151793689865,-3.759895246632697,1,0.6419973968598717
Mg2CrAlH6,1.0,24.0,23.0,6.7,6.840000000000001,1.0,49.0,92.0,43.0,81.0,13.2,92.0,1.00794,51.9961,50.98816,13.36352786,14.826705432,1.00794,14.01,2180.0,2165.99,504.35300000000007,588.4116,14.01,1.0,13.0,12.0,2.9,2.6399999999999997,1.0,1.0,4.0,3.0,1.9,1.08,1.0,31.0,141.0,110.0,72.8,50.160000000000004,31.0,1.31,2.2,0.8900000000000001,1.9090000000000003,0.34920000000000007,2.2,1.0,2.0,1.0,1.3,0.42000000000000004,1.0,0.0,1.0,1.0,0.1,0.18000000000000002,0.0,0.0,5.0,5.0,0.5,0.9,0.0,0.0,0.0,0.0,0.0,0.0,0.0,1.0,6.0,5.0,1.9,1.08,1.0,0.0,1.0,1.0,0.7,0.42000000000000004,1.0,0.0,5.0,5.0,0.5,0.9,0.0,0.0,5.0,5.0,0.5,0.9,0.0,0.0,0.0,0.0,0.0,0.0,0.0,0.0,6.0,6.0,1.7,1.52,1.0,6.615,22.89,16.275,11.314,5.663600000000001,6.615,0.0,7.853,7.853,4.711799999999999,3.7694400000000003,7.853,0.0,0.0,0.0,0.0,0.0,0.0,194.0,229.0,35.0,200.6,10.559999999999997,194.0,-6.385151793689865,-3.759895246632697,1,0.6419973968598717
Li2TiCrH6,1.0,24.0,23.0,5.8,6.88,1.0,1.0,92.0,91.0,64.6,32.88,92.0,1.00794,51.9961,50.98816,11.979274,15.180910399999998,1.00794,14.01,2180.0,2165.99,511.244,619.7024,14.01,1.0,6.0,5.0,1.8,1.28,1.0,1.0,4.0,3.0,1.8,0.9600000000000002,1.0,31.0,160.0,129.0,74.1,51.720000000000006,31.0,0.98,2.2,1.2200000000000002,1.8359999999999999,0.43680000000000013,2.2,1.0,2.0,1.0,1.1,0.18000000000000008,1.0,0.0,0.0,0.0,0.0,0.0,0.0,0.0,5.0,5.0,0.7,1.1199999999999999,0.0,0.0,0.0,0.0,0.0,0.0,0.0,1.0,6.0,5.0,1.8,1.28,1.0,0.0,1.0,1.0,0.9,0.18,1.0,0.0,0.0,0.0,0.0,0.0,0.0,0.0,8.0,8.0,1.3,2.08,0.0,0.0,0.0,0.0,0.0,0.0,0.0,1.0,8.0,7.0,2.2,1.9200000000000004,1.0,6.615,16.69,10.075000000000001,10.07566666666,4.152799999992,6.615,0.0,7.853,7.853,4.711799999999999,3.7694400000000003,7.853,0.0,2.25333333333e-05,2.25333333333e-05,2.25333333333e-06,4.055999999994e-06,0.0,194.0,229.0,35.0,204.5,14.7,194.0,-10.013352288465756,-1.4274338076978403,1,0.6416268025454162
Li2CrTiH6,1.0,24.0,23.0,5.8,6.88,1.0,1.0,92.0,91.0,64.6,32.88,92.0,1.00794,51.9961,50.98816,11.979274,15.180910399999998,1.00794,14.01,2180.0,2165.99,511.244,619.7024,14.01,1.0,6.0,5.0,1.8,1.28,1.0,1.0,4.0,3.0,1.8,0.9600000000000002,1.0,31.0,160.0,129.0,74.1,51.720000000000006,31.0,0.98,2.2,1.2200000000000002,1.8359999999999999,0.43680000000000013,2.2,1.0,2.0,1.0,1.1,0.18000000000000008,1.0,0.0,0.0,0.0,0.0,0.0,0.0,0.0,5.0,5.0,0.7,1.1199999999999999,0.0,0.0,0.0,0.0,0.0,0.0,0.0,1.0,6.0,5.0,1.8,1.28,1.0,0.0,1.0,1.0,0.9,0.18,1.0,0.0,0.0,0.0,0.0,0.0,0.0,0.0,8.0,8.0,1.3,2.08,0.0,0.0,0.0,0.0,0.0,0.0,0.0,1.0,8.0,7.0,2.2,1.9200000000000004,1.0,6.615,16.69,10.075000000000001,10.07566666666,4.152799999992,6.615,0.0,7.853,7.853,4.711799999999999,3.7694400000000003,7.853,0.0,2.25333333333e-05,2.25333333333e-05,2.25333333333e-06,4.055999999993999e-06,0.0,194.0,229.0,35.0,204.5,14.7,194.0,-10.013352288465756,-1.4274338076978403,1,0.6416268025454162
Mg2VTiH6,1.0,23.0,22.0,7.5,7.8,1.0,43.0,92.0,49.0,77.7,17.16,92.0,1.00794,50.9415,49.93356,15.346613999999999,17.206408800000002,1.00794,14.01,2183.0,2168.99,605.4060000000001,709.6752,14.01,1.0,5.0,4.0,1.9,1.08,1.0,1.0,4.0,3.0,2.0,1.2,1.0,31.0,160.0,129.0,78.1,56.52,31.0,1.31,2.2,0.8900000000000001,1.8990000000000002,0.3612000000000001,2.2,1.0,2.0,1.0,1.4,0.48,1.0,0.0,0.0,0.0,0.0,0.0,0.0,0.0,3.0,3.0,0.5,0.8,0.0,0.0,0.0,0.0,0.0,0.0,0.0,1.0,5.0,4.0,1.9,1.08,1.0,0.0,1.0,1.0,0.6,0.4800000000000001,1.0,0.0,0.0,0.0,0.0,0.0,0.0,0.0,8.0,8.0,1.5,2.4,0.0,0.0,0.0,0.0,0.0,0.0,0.0,0.0,8.0,8.0,2.1,2.16,1.0,6.615,22.89,16.275,11.517,5.8824,6.615,0.0,7.853,7.853,4.711799999999999,3.7694400000000003,7.853,0.0,2.25333333333e-05,2.25333333333e-05,2.25333333333e-06,4.055999999993999e-06,0.0,194.0,229.0,35.0,197.5,6.3,194.0,-9.471383526051119,-1.9032048712852654,1,0.6405016293981235
Mg2TiVH6,1.0,23.0,22.0,7.5,7.8,1.0,43.0,92.0,49.0,77.7,17.16,92.0,1.00794,50.9415,49.93356,15.346613999999999,17.206408800000002,1.00794,14.01,2183.0,2168.99,605.4060000000001,709.6752,14.01,1.0,5.0,4.0,1.9,1.08,1.0,1.0,4.0,3.0,2.0,1.2,1.0,31.0,160.0,129.0,78.1,56.52,31.0,1.31,2.2,0.8900000000000001,1.8990000000000002,0.3612000000000001,2.2,1.0,2.0,1.0,1.4,0.48,1.0,0.0,0.0,0.0,0.0,0.0,0.0,0.0,3.0,3.0,0.5,0.8,0.0,0.0,0.0,0.0,0.0,0.0,0.0,1.0,5.0,4.0,1.9,1.08,1.0,0.0,1.0,1.0,0.6,0.4800000000000001,1.0,0.0,0.0,0.0,0.0,0.0,0.0,0.0,8.0,8.0,1.5,2.4,0.0,0.0,0.0,0.0,0.0,0.0,0.0,0.0,8.0,8.0,2.1,2.16,1.0,6.615,22.89,16.275,11.517,5.8824,6.615,0.0,7.853,7.853,4.711799999999999,3.7694400000000003,7.853,0.0,2.25333333333e-05,2.25333333333e-05,2.25333333333e-06,4.055999999994e-06,0.0,194.0,229.0,35.0,197.5,6.3,194.0,-9.471383526051119,-1.9032048712852654,1,0.6405016293981235
Mg2TiNiH6,1.0,28.0,27.0,8.0,8.4,1.0,43.0,92.0,49.0,79.2,15.36,92.0,1.00794,58.6934,57.68546,16.121804,18.1366368,1.00794,14.01,1941.0,1926.99,559.9060000000001,655.0752,14.01,1.0,10.0,9.0,2.4,1.8399999999999999,1.0,1.0,4.0,3.0,2.0,1.2,1.0,31.0,160.0,129.0,75.2,53.040000000000006,31.0,1.31,2.2,0.8900000000000001,1.9270000000000003,0.32760000000000006,2.2,1.0,2.0,1.0,1.4,0.48,1.0,0.0,0.0,0.0,0.0,0.0,0.0,0.0,8.0,8.0,1.0,1.6,0.0,0.0,0.0,0.0,0.0,0.0,0.0,1.0,10.0,9.0,2.4,1.8399999999999999,1.0,0.0,1.0,1.0,0.6,0.4800000000000001,1.0,0.0,0.0,0.0,0.0,0.0,0.0,0.0,8.0,8.0,1.0,1.6,0.0,0.0,0.0,0.0,0.0,0.0,0.0,0.0,8.0,8.0,1.6,1.36,1.0,6.615,22.89,16.275,11.248,5.7452,6.615,0.0,7.853,7.853,4.711799999999999,3.7694400000000003,7.853,0.0,0.5953947,0.5953947,0.05954172333333334,0.10717059533333335,0.0,194.0,225.0,31.0,197.1,5.579999999999996,194.0,-8.666140485523512,-1.6795732677919846,1,0.6390429975003247
Mg2NiTiH6,1.0,28.0,27.0,8.0,8.4,1.0,43.0,92.0,49.0,79.2,15.36,92.0,1.00794,58.6934,57.68546,16.121804,18.1366368,1.00794,14.01,1941.0,1926.99,559.9060000000001,655.0752,14.01,1.0,10.0,9.0,2.4,1.8399999999999999,1.0,1.0,4.0,3.0,2.0,1.2,1.0,31.0,160.0,129.0,75.2,53.040000000000006,31.0,1.31,2.2,0.8900000000000001,1.9270000000000003,0.32760000000000006,2.2,1.0,2.0,1.0,1.4,0.48,1.0,0.0,0.0,0.0,0.0,0.0,0.0,0.0,8.0,8.0,1.0,1.6,0.0,0.0,0.0,0.0,0.0,0.0,0.0,1.0,10.0,9.0,2.4,1.8399999999999999,1.0,0.0,1.0,1.0,0.6,0.4800000000000001,1.0,0.0,0.0,0.0,0.0,0.0,0.0,0.0,8.0,8.0,1.0,1.6,0.0,0.0,0.0,0.0,0.0,0.0,0.0,0.0,8.0,8.0,1.6,1.36,1.0,6.615,22.89,16.275,11.248000000000001,5.7452000000000005,6.615,0.0,7.853,7.853,4.711799999999999,3.7694400000000003,7.853,0.0,0.5953947,0.5953947,0.05954172333333334,0.10717059533333335,0.0,194.0,225.0,31.0,197.1,5.579999999999996,194.0,-8.666140485523512,-1.6795732677919843,1,0.6390429975003247
Mg2AlVH6,1.0,23.0,22.0,6.6,6.719999999999999,1.0,46.0,92.0,46.0,80.7,13.559999999999999,92.0,1.00794,50.9415,49.93356,13.25806786,14.700153432000002,1.00794,14.01,2183.0,2168.99,504.6530000000001,588.7716,14.01,1.0,13.0,12.0,2.8,2.4799999999999995,1.0,1.0,4.0,3.0,1.9,1.08,1.0,31.0,153.0,122.0,74.2,51.84000000000001,31.0,1.31,2.2,0.8900000000000001,1.9060000000000001,0.35280000000000006,2.2,1.0,2.0,1.0,1.4,0.48,1.0,0.0,1.0,1.0,0.1,0.18000000000000002,0.0,0.0,3.0,3.0,0.3,0.54,0.0,0.0,0.0,0.0,0.0,0.0,0.0,1.0,5.0,4.0,1.8,0.9600000000000002,1.0,0.0,1.0,1.0,0.6,0.4800000000000001,1.0,0.0,5.0,5.0,0.5,0.9,0.0,0.0,7.0,7.0,0.7,1.2599999999999998,0.0,0.0,0.0,0.0,0.0,0.0,0.0,0.0,7.0,7.0,1.8,1.6800000000000002,1.0,6.615,22.89,16.275,11.496,5.857200000000001,6.615,0.0,7.853,7.853,4.711799999999999,3.7694400000000003,7.853,0.0,0.0,0.0,0.0,0.0,0.0,194.0,229.0,35.0,200.6,10.559999999999997,194.0,-6.432412496706171,-3.5883869417980105,1,0.6383679899180844
Mg2VAlH6,1.0,23.0,22.0,6.6,6.719999999999999,1.0,46.0,92.0,46.0,80.7,13.559999999999999,92.0,1.00794,50.9415,49.93356,13.25806786,14.700153432000002,1.00794,14.01,2183.0,2168.99,504.6530000000001,588.7716,14.01,1.0,13.0,12.0,2.8,2.4799999999999995,1.0,1.0,4.0,3.0,1.9,1.08,1.0,31.0,153.0,122.0,74.2,51.84000000000001,31.0,1.31,2.2,0.8900000000000001,1.9060000000000001,0.35280000000000006,2.2,1.0,2.0,1.0,1.4,0.48,1.0,0.0,1.0,1.0,0.1,0.18000000000000002,0.0,0.0,3.0,3.0,0.3,0.54,0.0,0.0,0.0,0.0,0.0,0.0,0.0,1.0,5.0,4.0,1.8,0.9600000000000002,1.0,0.0,1.0,1.0,0.6,0.4800000000000001,1.0,0.0,5.0,5.0,0.5,0.9,0.0,0.0,7.0,7.0,0.7,1.2599999999999998,0.0,0.0,0.0,0.0,0.0,0.0,0.0,0.0,7.0,7.0,1.8,1.6800000000000002,1.0,6.615,22.89,16.275,11.495999999999999,5.857200000000001,6.615,0.0,7.853,7.853,4.711799999999999,3.7694400000000003,7.853,0.0,0.0,0.0,0.0,0.0,0.0,194.0,229.0,35.0,200.6,10.559999999999997,194.0,-6.432412496706171,-3.5883869417980105,1,0.6383679899180844
Mg2CrZnH6,1.0,30.0,29.0,8.4,8.88,1.0,49.0,92.0,43.0,80.6,13.680000000000001,92.0,1.00794,65.38,64.37205999999999,17.203374,19.4345208,1.00794,14.01,2180.0,2165.99,480.27400000000006,559.5168,14.01,1.0,12.0,11.0,2.8,2.4799999999999995,1.0,1.0,4.0,3.0,2.0,1.2,1.0,31.0,141.0,110.0,72.9,50.28,31.0,1.31,2.2,0.8900000000000001,1.9130000000000003,0.3444000000000001,2.2,1.0,2.0,1.0,1.3,0.42000000000000004,1.0,0.0,0.0,0.0,0.0,0.0,0.0,0.0,10.0,10.0,1.5,2.4,0.0,0.0,0.0,0.0,0.0,0.0,0.0,1.0,12.0,11.0,2.8,2.4799999999999995,1.0,0.0,1.0,1.0,0.7,0.42000000000000004,1.0,0.0,0.0,0.0,0.0,0.0,0.0,0.0,5.0,5.0,0.5,0.9,0.0,0.0,0.0,0.0,0.0,0.0,0.0,0.0,6.0,6.0,1.2,0.9599999999999997,1.0,6.615,22.89,16.275,11.062000000000001,5.3364,6.615,0.0,7.853,7.853,4.711799999999999,3.7694400000000003,7.853,0.0,0.0,0.0,0.0,0.0,0.0,194.0,229.0,35.0,197.5,6.3,194.0,-8.020982287964316,-2.035749936610565,1,0.636623312052363
Mg2ZnCrH6,1.0,30.0,29.0,8.4,8.88,1.0,49.0,92.0,43.0,80.6,13.680000000000001,92.0,1.00794,65.38,64.37205999999999,17.203374,19.4345208,1.00794,14.01,2180.0,2165.99,480.27400000000006,559.5168,14.01,1.0,12.0,11.0,2.8,2.4799999999999995,1.0,1.0,4.0,3.0,2.0,1.2,1.0,31.0,141.0,110.0,72.9,50.28,31.0,1.31,2.2,0.8900000000000001,1.9130000000000003,0.3444000000000001,2.2,1.0,2.0,1.0,1.3,0.41999999999999993,1.0,0.0,0.0,0.0,0.0,0.0,0.0,0.0,10.0,10.0,1.5,2.4,0.0,0.0,0.0,0.0,0.0,0.0,0.0,1.0,12.0,11.0,2.8,2.4799999999999995,1.0,0.0,1.0,1.0,0.7,0.41999999999999993,1.0,0.0,0.0,0.0,0.0,0.0,0.0,0.0,5.0,5.0,0.5,0.9,0.0,0.0,0.0,0.0,0.0,0.0,0.0,0.0,6.0,6.0,1.2,0.9599999999999997,1.0,6.615,22.89,16.275,11.062000000000001,5.3364,6.615,0.0,7.853,7.853,4.711799999999999,3.7694400000000003,7.853,0.0,0.0,0.0,0.0,0.0,0.0,194.0,229.0,35.0,197.5,6.3,194.0,-8.020982287964316,-2.035749936610565,1,0.636623312052363
Li2VFeH6,1.0,26.0,25.0,6.1,7.359999999999999,1.0,1.0,92.0,91.0,65.5,31.8,92.0,1.00794,55.845,54.83706,12.671614,16.288654400000002,1.00794,14.01,2183.0,2168.99,498.54400000000004,599.3824000000001,14.01,1.0,8.0,7.0,2.1,1.7600000000000002,1.0,1.0,4.0,3.0,1.8,0.9600000000000002,1.0,31.0,153.0,122.0,72.7,50.04,31.0,0.98,2.2,1.2200000000000002,1.862,0.40560000000000007,2.2,1.0,2.0,1.0,1.2,0.31999999999999995,1.0,0.0,0.0,0.0,0.0,0.0,0.0,0.0,6.0,6.0,0.9,1.44,0.0,0.0,0.0,0.0,0.0,0.0,0.0,1.0,8.0,7.0,2.1,1.7600000000000002,1.0,0.0,1.0,1.0,0.8,0.31999999999999995,1.0,0.0,0.0,0.0,0.0,0.0,0.0,0.0,7.0,7.0,1.1,1.7600000000000002,0.0,0.0,0.0,0.0,0.0,0.0,0.0,1.0,7.0,6.0,1.9,1.44,1.0,6.615,16.5933333333,9.978333333299998,9.66166666666,3.6559999999919994,6.615,0.0,7.853,7.853,4.711799999999999,3.7694400000000003,7.853,0.0,2.1106628,2.1106628,0.21106628,0.37991930399999996,0.0,194.0,229.0,35.0,208.0,16.8,194.0,-9.637679826942337,-1.4796600146148686,1,0.6341669833770651
Li2FeVH6,1.0,26.0,25.0,6.1,7.359999999999999,1.0,1.0,92.0,91.0,65.5,31.8,92.0,1.00794,55.845,54.83706,12.671614,16.288654400000002,1.00794,14.01,2183.0,2168.99,498.54400000000004,599.3824000000001,14.01,1.0,8.0,7.0,2.1,1.7600000000000002,1.0,1.0,4.0,3.0,1.8,0.9600000000000002,1.0,31.0,153.0,122.0,72.7,50.04,31.0,0.98,2.2,1.2200000000000002,1.862,0.40560000000000007,2.2,1.0,2.0,1.0,1.2,0.31999999999999995,1.0,0.0,0.0,0.0,0.0,0.0,0.0,0.0,6.0,6.0,0.9,1.44,0.0,0.0,0.0,0.0,0.0,0.0,0.0,1.0,8.0,7.0,2.1,1.7600000000000002,1.0,0.0,1.0,1.0,0.8,0.31999999999999995,1.0,0.0,0.0,0.0,0.0,0.0,0.0,0.0,7.0,7.0,1.1,1.7600000000000002,0.0,0.0,0.0,0.0,0.0,0.0,0.0,1.0,7.0,6.0,1.9,1.44,1.0,6.615,16.5933333333,9.978333333299998,9.66166666666,3.6559999999919994,6.615,0.0,7.853,7.853,4.711799999999999,3.7694400000000003,7.853,0.0,2.1106628,2.1106628,0.21106628,0.37991930399999996,0.0,194.0,229.0,35.0,208.0,16.8,194.0,-9.637679826942337,-1.4796600146148686,1,0.6341669833770651
Li2AlVH6,1.0,23.0,22.0,4.8,5.279999999999999,1.0,1.0,92.0,91.0,67.3,30.78000000000001,92.0,1.00794,50.9415,49.93356,9.78526786,11.670500576,1.00794,14.01,2183.0,2168.99,410.791,476.1372,14.01,1.0,13.0,12.0,2.6,2.56,1.0,1.0,4.0,3.0,1.7,0.8399999999999999,1.0,31.0,153.0,122.0,71.6,48.72,31.0,0.98,2.2,1.2200000000000002,1.8400000000000003,0.43200000000000005,2.2,1.0,2.0,1.0,1.2,0.31999999999999995,1.0,0.0,1.0,1.0,0.1,0.18000000000000002,0.0,0.0,3.0,3.0,0.3,0.54,0.0,0.0,0.0,0.0,0.0,0.0,0.0,1.0,5.0,4.0,1.6,0.9600000000000002,1.0,0.0,1.0,1.0,0.8,0.31999999999999995,1.0,0.0,5.0,5.0,0.5,0.9,0.0,0.0,7.0,7.0,0.7,1.2599999999999998,0.0,0.0,0.0,0.0,0.0,0.0,0.0,1.0,7.0,6.0,2.0,1.6,1.0,6.615,16.5933333333,9.978333333299998,10.23666666666,4.345999999992,6.615,0.0,7.853,7.853,4.711799999999999,3.7694400000000003,7.853,0.0,0.0,0.0,0.0,0.0,0.0,194.0,229.0,35.0,207.6,16.32,194.0,-6.978734829076111,-3.294032688902828,1,0.6301235357626942
Li2VAlH6,1.0,23.0,22.0,4.8,5.279999999999999,1.0,1.0,92.0,91.0,67.3,30.779999999999994,92.0,1.00794,50.9415,49.93356,9.78526786,11.670500576,1.00794,14.01,2183.0,2168.99,410.79100000000005,476.1372,14.01,1.0,13.0,12.0,2.6,2.56,1.0,1.0,4.0,3.0,1.7,0.8399999999999999,1.0,31.0,153.0,122.0,71.6,48.72,31.0,0.98,2.2,1.2200000000000002,1.8400000000000003,0.43200000000000005,2.2,1.0,2.0,1.0,1.2,0.31999999999999995,1.0,0.0,1.0,1.0,0.1,0.18000000000000002,0.0,0.0,3.0,3.0,0.3,0.54,0.0,0.0,0.0,0.0,0.0,0.0,0.0,1.0,5.0,4.0,1.6,0.9600000000000002,1.0,0.0,1.0,1.0,0.8,0.31999999999999995,1.0,0.0,5.0,5.0,0.5,0.9,0.0,0.0,7.0,7.0,0.7,1.2599999999999998,0.0,0.0,0.0,0.0,0.0,0.0,0.0,1.0,7.0,6.0,2.0,1.6,1.0,6.615,16.5933333333,9.978333333299998,10.23666666666,4.345999999992,6.615,0.0,7.853,7.853,4.711799999999999,3.7694400000000003,7.853,0.0,0.0,0.0,0.0,0.0,0.0,194.0,229.0,35.0,207.6,16.32,194.0,-6.978734829076111,-3.2940326889028286,1,0.6301235357626942
Mg2CrCuH6,1.0,29.0,28.0,8.3,8.76,1.0,49.0,92.0,43.0,80.1,14.280000000000001,92.0,1.00794,63.546,62.53806,17.019973999999998,19.2144408,1.00794,14.01,2180.0,2165.99,546.7830000000001,639.3276000000001,14.01,1.0,11.0,10.0,2.7,2.3200000000000003,1.0,1.0,4.0,3.0,2.0,1.2,1.0,31.0,141.0,110.0,73.9,51.48,31.0,1.31,2.2,0.8900000000000001,1.9380000000000002,0.3144000000000001,2.2,1.0,2.0,1.0,1.2,0.31999999999999995,1.0,0.0,0.0,0.0,0.0,0.0,0.0,0.0,10.0,10.0,1.5,2.4,0.0,0.0,0.0,0.0,0.0,0.0,0.0,1.0,11.0,10.0,2.7,2.3200000000000003,1.0,0.0,1.0,1.0,0.8,0.31999999999999995,1.0,0.0,0.0,0.0,0.0,0.0,0.0,0.0,5.0,5.0,0.5,0.9,0.0,0.0,0.0,0.0,0.0,0.0,0.0,0.0,6.0,6.0,1.3,0.9400000000000001,1.0,6.615,22.89,16.275,10.773,4.9896,6.615,0.0,7.853,7.853,4.711799999999999,3.7694400000000003,7.853,0.0,0.0,0.0,0.0,0.0,0.0,194.0,229.0,35.0,200.6,10.559999999999997,194.0,-8.38681441515333,-1.9974296141141397,1,0.6263479507136912
Mg2CuCrH6,1.0,29.0,28.0,8.3,8.76,1.0,49.0,92.0,43.0,80.1,14.280000000000001,92.0,1.00794,63.546,62.53806,17.019974,19.2144408,1.00794,14.01,2180.0,2165.99,546.7830000000001,639.3276,14.01,1.0,11.0,10.0,2.7,2.3200000000000003,1.0,1.0,4.0,3.0,2.0,1.2,1.0,31.0,141.0,110.0,73.9,51.48,31.0,1.31,2.2,0.8900000000000001,1.9380000000000002,0.3144000000000001,2.2,1.0,2.0,1.0,1.2,0.31999999999999995,1.0,0.0,0.0,0.0,0.0,0.0,0.0,0.0,10.0,10.0,1.5,2.4,0.0,0.0,0.0,0.0,0.0,0.0,0.0,1.0,11.0,10.0,2.7,2.3200000000000003,1.0,0.0,1.0,1.0,0.8,0.31999999999999995,1.0,0.0,0.0,0.0,0.0,0.0,0.0,0.0,5.0,5.0,0.5,0.9,0.0,0.0,0.0,0.0,0.0,0.0,0.0,0.0,6.0,6.0,1.3,0.9400000000000001,1.0,6.615,22.89,16.275,10.773,4.9896,6.615,0.0,7.853,7.853,4.711799999999999,3.7694400000000003,7.853,0.0,0.0,0.0,0.0,0.0,0.0,194.0,229.0,35.0,200.6,10.559999999999997,194.0,-8.38681441515333,-1.9974296141141397,1,0.6263479507136912
Li2TiScH6,1.0,22.0,21.0,5.5,6.4,1.0,1.0,92.0,91.0,60.8,37.44,92.0,1.00794,47.867,46.85906,11.2752552,14.05448032,1.00794,14.01,1941.0,1926.99,474.64400000000006,561.1424000000001,14.01,1.0,4.0,3.0,1.5,0.8,1.0,1.0,4.0,3.0,1.8,0.9600000000000002,1.0,31.0,170.0,139.0,77.2,55.44000000000001,31.0,0.98,2.2,1.2200000000000002,1.8060000000000003,0.4728,2.2,1.0,2.0,1.0,1.2,0.31999999999999995,1.0,0.0,0.0,0.0,0.0,0.0,0.0,0.0,2.0,2.0,0.3,0.48,0.0,0.0,0.0,0.0,0.0,0.0,0.0,1.0,4.0,3.0,1.5,0.8,1.0,0.0,1.0,1.0,0.8,0.31999999999999995,1.0,0.0,0.0,0.0,0.0,0.0,0.0,0.0,9.0,9.0,1.7,2.7199999999999998,0.0,0.0,0.0,0.0,0.0,0.0,0.0,1.0,9.0,8.0,2.5,2.4,1.0,6.615,22.235,15.62,11.18016666666,5.4781999999919995,6.615,0.0,7.853,7.853,4.711799999999999,3.7694400000000003,7.853,0.0,2.25333333333e-05,2.25333333333e-05,2.8883333333300003e-06,4.621333333328001e-06,0.0,194.0,229.0,35.0,201.0,11.2,194.0,-10.455365005189647,-1.3085862470493546,1,0.6255619227458201
Li2ScTiH6,1.0,22.0,21.0,5.5,6.4,1.0,1.0,92.0,91.0,60.8,37.44,92.0,1.00794,47.867,46.85906,11.2752552,14.05448032,1.00794,14.01,1941.0,1926.99,474.64400000000006,561.1424000000001,14.01,1.0,4.0,3.0,1.5,0.8,1.0,1.0,4.0,3.0,1.8,0.9600000000000002,1.0,31.0,170.0,139.0,77.2,55.44000000000001,31.0,0.98,2.2,1.2200000000000002,1.8060000000000003,0.4728,2.2,1.0,2.0,1.0,1.2,0.31999999999999995,1.0,0.0,0.0,0.0,0.0,0.0,0.0,0.0,2.0,2.0,0.3,0.48,0.0,0.0,0.0,0.0,0.0,0.0,0.0,1.0,4.0,3.0,1.5,0.8,1.0,0.0,1.0,1.0,0.8,0.31999999999999995,1.0,0.0,0.0,0.0,0.0,0.0,0.0,0.0,9.0,9.0,1.7,2.7199999999999998,0.0,0.0,0.0,0.0,0.0,0.0,0.0,1.0,9.0,8.0,2.5,2.4,1.0,6.615,22.235,15.62,11.18016666666,5.4781999999919995,6.615,0.0,7.853,7.853,4.711799999999999,3.7694400000000003,7.853,0.0,2.25333333333e-05,2.25333333333e-05,2.8883333333300003e-06,4.621333333328001e-06,0.0,194.0,229.0,35.0,201.0,11.2,194.0,-10.455365005189647,-1.3085862470493546,1,0.6255619227458201
Li2TiAlH6,1.0,22.0,21.0,4.7,5.12,1.0,1.0,92.0,91.0,67.0,31.2,92.0,1.00794,47.867,46.85906,9.477817859999998,11.178580576,1.00794,14.01,1941.0,1926.99,386.591,447.0972,14.01,1.0,13.0,12.0,2.5,2.4,1.0,1.0,4.0,3.0,1.7,0.8399999999999999,1.0,31.0,160.0,129.0,72.3,49.56,31.0,0.98,2.2,1.2200000000000002,1.8310000000000002,0.4428000000000001,2.2,1.0,2.0,1.0,1.2,0.31999999999999995,1.0,0.0,1.0,1.0,0.1,0.18000000000000002,0.0,0.0,2.0,2.0,0.2,0.36000000000000004,0.0,0.0,0.0,0.0,0.0,0.0,0.0,1.0,4.0,3.0,1.5,0.8,1.0,0.0,1.0,1.0,0.8,0.31999999999999995,1.0,0.0,5.0,5.0,0.5,0.9,0.0,0.0,8.0,8.0,0.8,1.4400000000000002,0.0,0.0,0.0,0.0,0.0,0.0,0.0,1.0,8.0,7.0,2.1,1.7600000000000002,1.0,6.615,16.69,10.075000000000001,10.60466666666,4.787599999992,6.615,0.0,7.853,7.853,4.711799999999999,3.7694400000000003,7.853,0.0,2.25333333333e-05,2.25333333333e-05,2.25333333333e-06,4.055999999994e-06,0.0,194.0,229.0,35.0,204.1,14.139999999999997,194.0,-7.117725802401242,-3.1859485769536167,1,0.6223445846362398
Li2AlTiH6,1.0,22.0,21.0,4.7,5.12,1.0,1.0,92.0,91.0,67.0,31.2,92.0,1.00794,47.867,46.85906,9.477817859999998,11.178580575999998,1.00794,14.01,1941.0,1926.99,386.591,447.0972,14.01,1.0,13.0,12.0,2.5,2.4,1.0,1.0,4.0,3.0,1.7,0.8399999999999999,1.0,31.0,160.0,129.0,72.3,49.56,31.0,0.98,2.2,1.2200000000000002,1.8310000000000002,0.4428000000000001,2.2,1.0,2.0,1.0,1.2,0.31999999999999995,1.0,0.0,1.0,1.0,0.1,0.18000000000000002,0.0,0.0,2.0,2.0,0.2,0.36000000000000004,0.0,0.0,0.0,0.0,0.0,0.0,0.0,1.0,4.0,3.0,1.5,0.8,1.0,0.0,1.0,1.0,0.8,0.31999999999999995,1.0,0.0,5.0,5.0,0.5,0.9,0.0,0.0,8.0,8.0,0.8,1.4400000000000002,0.0,0.0,0.0,0.0,0.0,0.0,0.0,1.0,8.0,7.0,2.1,1.7600000000000002,1.0,6.615,16.69,10.075000000000001,10.604666666659998,4.787599999992,6.615,0.0,7.853,7.853,4.711799999999999,3.7694400000000003,7.853,0.0,2.25333333333e-05,2.25333333333e-05,2.25333333333e-06,4.055999999993999e-06,0.0,194.0,229.0,35.0,204.1,14.139999999999997,194.0,-7.117725802401242,-3.1859485769536167,1,0.6223445846362398
Mg2MnTiH6,1.0,25.0,24.0,7.7,8.040000000000001,1.0,43.0,92.0,49.0,78.3,16.44,92.0,1.00794,54.938045,53.930105000000005,15.7462685,17.6859942,1.00794,14.01,1941.0,1926.99,539.0060000000001,629.9952000000001,14.01,1.0,7.0,6.0,2.1,1.36,1.0,1.0,4.0,3.0,2.0,1.2,1.0,31.0,160.0,129.0,76.7,54.84000000000001,31.0,1.31,2.2,0.8900000000000001,1.891,0.37080000000000013,2.2,1.0,2.0,1.0,1.4,0.48,1.0,0.0,0.0,0.0,0.0,0.0,0.0,0.0,5.0,5.0,0.7,1.1199999999999999,0.0,0.0,0.0,0.0,0.0,0.0,0.0,1.0,7.0,6.0,2.1,1.36,1.0,0.0,1.0,1.0,0.6,0.4800000000000001,1.0,0.0,0.0,0.0,0.0,0.0,0.0,0.0,8.0,8.0,1.3,2.08,0.0,0.0,0.0,0.0,0.0,0.0,0.0,0.0,8.0,8.0,1.9,1.8399999999999999,1.0,6.615,22.89,16.275,11.26475862069,5.735144827586,6.615,0.0,7.853,7.853,4.711799999999999,3.7694400000000003,7.853,0.0,0.000310120689655,0.000310120689655,3.326540229883e-05,5.5371057471234e-05,0.0,194.0,217.0,23.0,196.3,4.1400000000000095,194.0,-9.104556708680121,-1.8576029307005606,1,0.6217215016823581
Mg2TiMnH6,1.0,25.0,24.0,7.7,8.040000000000001,1.0,43.0,92.0,49.0,78.3,16.44,92.0,1.00794,54.938045,53.930105000000005,15.746268500000003,17.685994200000003,1.00794,14.01,1941.0,1926.99,539.0060000000001,629.9952000000001,14.01,1.0,7.0,6.0,2.1,1.36,1.0,1.0,4.0,3.0,2.0,1.2,1.0,31.0,160.0,129.0,76.7,54.84000000000001,31.0,1.31,2.2,0.8900000000000001,1.891,0.37080000000000013,2.2,1.0,2.0,1.0,1.4,0.48,1.0,0.0,0.0,0.0,0.0,0.0,0.0,0.0,5.0,5.0,0.7,1.1199999999999999,0.0,0.0,0.0,0.0,0.0,0.0,0.0,1.0,7.0,6.0,2.1,1.36,1.0,0.0,1.0,1.0,0.6,0.4800000000000001,1.0,0.0,0.0,0.0,0.0,0.0,0.0,0.0,8.0,8.0,1.3,2.08,0.0,0.0,0.0,0.0,0.0,0.0,0.0,0.0,8.0,8.0,1.9,1.8399999999999999,1.0,6.615,22.89,16.275,11.26475862069,5.735144827586,6.615,0.0,7.853,7.853,4.711799999999999,3.7694400000000003,7.853,0.0,0.000310120689655,0.000310120689655,3.326540229883e-05,5.5371057471234e-05,0.0,194.0,217.0,23.0,196.3,4.1400000000000095,194.0,-9.104556708680121,-1.8576029307005606,1,0.6217215016823581
Mg2ScAlH6,1.0,21.0,20.0,6.4,6.480000000000001,1.0,11.0,92.0,81.0,77.2,17.759999999999998,92.0,1.00794,44.955912,43.947972,12.65950906,13.981882872,1.00794,14.01,1814.0,1799.99,467.75300000000004,544.4916000000001,14.01,1.0,13.0,12.0,2.6,2.16,1.0,1.0,4.0,3.0,1.9,1.08,1.0,31.0,170.0,139.0,75.9,53.879999999999995,31.0,1.31,2.2,0.8900000000000001,1.8790000000000002,0.38520000000000004,2.2,1.0,2.0,1.0,1.4,0.48,1.0,0.0,1.0,1.0,0.1,0.18000000000000002,0.0,0.0,1.0,1.0,0.1,0.18000000000000002,0.0,0.0,0.0,0.0,0.0,0.0,0.0,1.0,3.0,2.0,1.6,0.72,1.0,0.0,1.0,1.0,0.6,0.4800000000000001,1.0,0.0,5.0,5.0,0.5,0.9,0.0,0.0,9.0,9.0,0.9,1.6200000000000003,0.0,0.0,0.0,0.0,0.0,0.0,0.0,0.0,9.0,9.0,2.0,2.0,1.0,6.615,22.89,16.275,12.4185,6.9642,6.615,0.0,7.853,7.853,4.711799999999999,3.7694400000000003,7.853,0.0,6.35e-06,6.35e-06,6.350000000000001e-07,1.1430000000000001e-06,0.0,194.0,225.0,31.0,197.1,5.579999999999996,194.0,-6.946597798474593,-3.0818673357833286,1,0.6215043126229158
Mg2AlScH6,1.0,21.0,20.0,6.4,6.480000000000001,1.0,11.0,92.0,81.0,77.2,17.759999999999998,92.0,1.00794,44.955912,43.947972,12.659509060000001,13.981882872,1.00794,14.01,1814.0,1799.99,467.75300000000004,544.4916000000001,14.01,1.0,13.0,12.0,2.6,2.16,1.0,1.0,4.0,3.0,1.9,1.08,1.0,31.0,170.0,139.0,75.9,53.879999999999995,31.0,1.31,2.2,0.8900000000000001,1.8790000000000002,0.38520000000000004,2.2,1.0,2.0,1.0,1.4,0.48,1.0,0.0,1.0,1.0,0.1,0.18000000000000002,0.0,0.0,1.0,1.0,0.1,0.18000000000000002,0.0,0.0,0.0,0.0,0.0,0.0,0.0,1.0,3.0,2.0,1.6,0.72,1.0,0.0,1.0,1.0,0.6,0.4800000000000001,1.0,0.0,5.0,5.0,0.5,0.9,0.0,0.0,9.0,9.0,0.9,1.6200000000000003,0.0,0.0,0.0,0.0,0.0,0.0,0.0,0.0,9.0,9.0,2.0,2.0,1.0,6.615,22.89,16.275,12.4185,6.9642,6.615,0.0,7.853,7.853,4.711799999999999,3.7694400000000003,7.853,0.0,6.35e-06,6.35e-06,6.350000000000001e-07,1.1430000000000001e-06,0.0,194.0,225.0,31.0,197.1,5.579999999999996,194.0,-6.946597798474593,-3.0818673357833286,1,0.6215043126229158
Mg2CuVH6,1.0,29.0,28.0,8.2,8.64,1.0,46.0,92.0,46.0,79.8,14.64,92.0,1.00794,63.546,62.53806,16.914514,19.087888799999998,1.00794,14.01,2183.0,2168.99,547.0830000000001,639.6876,14.01,1.0,11.0,10.0,2.6,2.16,1.0,1.0,4.0,3.0,2.0,1.2,1.0,31.0,153.0,122.0,75.3,53.15999999999999,31.0,1.31,2.2,0.8900000000000001,1.935,0.3180000000000001,2.2,1.0,2.0,1.0,1.3,0.42000000000000004,1.0,0.0,0.0,0.0,0.0,0.0,0.0,0.0,10.0,10.0,1.3,2.0799999999999996,0.0,0.0,0.0,0.0,0.0,0.0,0.0,1.0,11.0,10.0,2.6,2.16,1.0,0.0,1.0,1.0,0.7,0.42000000000000004,1.0,0.0,0.0,0.0,0.0,0.0,0.0,0.0,7.0,7.0,0.7,1.2599999999999998,0.0,0.0,0.0,0.0,0.0,0.0,0.0,0.0,7.0,7.0,1.4,1.1199999999999999,1.0,6.615,22.89,16.275,10.955,5.208,6.615,0.0,7.853,7.853,4.711799999999999,3.7694400000000003,7.853,0.0,0.0,0.0,0.0,0.0,0.0,194.0,229.0,35.0,200.6,10.559999999999997,194.0,-8.433178044040705,-1.7902619404442186,1,0.6182257795938455
Mg2VCuH6,1.0,29.0,28.0,8.2,8.64,1.0,46.0,92.0,46.0,79.8,14.64,92.0,1.00794,63.546,62.53806,16.914514,19.087888799999998,1.00794,14.01,2183.0,2168.99,547.0830000000001,639.6876,14.01,1.0,11.0,10.0,2.6,2.16,1.0,1.0,4.0,3.0,2.0,1.2,1.0,31.0,153.0,122.0,75.3,53.15999999999999,31.0,1.31,2.2,0.8900000000000001,1.935,0.3180000000000001,2.2,1.0,2.0,1.0,1.3,0.41999999999999993,1.0,0.0,0.0,0.0,0.0,0.0,0.0,0.0,10.0,10.0,1.3,2.08,0.0,0.0,0.0,0.0,0.0,0.0,0.0,1.0,11.0,10.0,2.6,2.16,1.0,0.0,1.0,1.0,0.7,0.41999999999999993,1.0,0.0,0.0,0.0,0.0,0.0,0.0,0.0,7.0,7.0,0.7,1.2599999999999998,0.0,0.0,0.0,0.0,0.0,0.0,0.0,0.0,7.0,7.0,1.4,1.1199999999999999,1.0,6.615,22.89,16.275,10.955,5.208,6.615,0.0,7.853,7.853,4.711799999999999,3.7694400000000003,7.853,0.0,0.0,0.0,0.0,0.0,0.0,194.0,229.0,35.0,200.6,10.559999999999997,194.0,-8.433178044040705,-1.7902619404442186,1,0.6182257795938455
Mg2ScVH6,1.0,23.0,22.0,7.4,7.6800000000000015,1.0,11.0,92.0,81.0,74.5,21.0,92.0,1.00794,50.9415,49.93356,15.055505199999999,16.85707824,1.00794,14.01,2183.0,2168.99,592.706,694.4352,14.01,1.0,5.0,4.0,1.8,0.9600000000000002,1.0,1.0,4.0,3.0,2.0,1.2,1.0,31.0,170.0,139.0,79.1,57.720000000000006,31.0,1.31,2.2,0.8900000000000001,1.8810000000000002,0.38280000000000003,2.2,1.0,2.0,1.0,1.4,0.48,1.0,0.0,0.0,0.0,0.0,0.0,0.0,0.0,3.0,3.0,0.4,0.64,0.0,0.0,0.0,0.0,0.0,0.0,0.0,1.0,5.0,4.0,1.8,0.9600000000000002,1.0,0.0,1.0,1.0,0.6,0.4800000000000001,1.0,0.0,0.0,0.0,0.0,0.0,0.0,0.0,9.0,9.0,1.6,2.56,0.0,0.0,0.0,0.0,0.0,0.0,0.0,0.0,9.0,9.0,2.2,2.3200000000000003,1.0,6.615,22.89,16.275,12.0715,6.5478000000000005,6.615,0.0,7.853,7.853,4.711799999999999,3.7694400000000003,7.853,0.0,6.35e-06,6.35e-06,6.350000000000001e-07,1.1430000000000001e-06,0.0,194.0,229.0,35.0,197.5,6.3,194.0,-9.827283175992404,-1.4319465308395252,1,0.6180920947405707
Mg2VScH6,1.0,23.0,22.0,7.4,7.6800000000000015,1.0,11.0,92.0,81.0,74.5,21.0,92.0,1.00794,50.9415,49.93356,15.055505199999999,16.85707824,1.00794,14.01,2183.0,2168.99,592.706,694.4352,14.01,1.0,5.0,4.0,1.8,0.9600000000000002,1.0,1.0,4.0,3.0,2.0,1.2,1.0,31.0,170.0,139.0,79.1,57.720000000000006,31.0,1.31,2.2,0.8900000000000001,1.8810000000000002,0.38280000000000003,2.2,1.0,2.0,1.0,1.4,0.48,1.0,0.0,0.0,0.0,0.0,0.0,0.0,0.0,3.0,3.0,0.4,0.64,0.0,0.0,0.0,0.0,0.0,0.0,0.0,1.0,5.0,4.0,1.8,0.9600000000000002,1.0,0.0,1.0,1.0,0.6,0.4800000000000001,1.0,0.0,0.0,0.0,0.0,0.0,0.0,0.0,9.0,9.0,1.6,2.56,0.0,0.0,0.0,0.0,0.0,0.0,0.0,0.0,9.0,9.0,2.2,2.3200000000000003,1.0,6.615,22.89,16.275,12.0715,6.5478000000000005,6.615,0.0,7.853,7.853,4.711799999999999,3.7694400000000003,7.853,0.0,6.35e-06,6.35e-06,6.350000000000001e-07,1.1430000000000001e-06,0.0,194.0,229.0,35.0,197.5,6.3,194.0,-9.827283175992404,-1.4319465308395252,1,0.6180920947405707
Li2AlCrH6,1.0,24.0,23.0,4.9,5.44,1.0,1.0,92.0,91.0,67.6,30.360000000000003,92.0,1.00794,51.9961,50.98816,9.89072786,11.839236576000001,1.00794,14.01,2180.0,2165.99,410.491,475.7772,14.01,1.0,13.0,12.0,2.7,2.72,1.0,1.0,4.0,3.0,1.7,0.8399999999999999,1.0,31.0,139.0,108.0,70.2,47.04,31.0,0.98,2.2,1.2200000000000002,1.843,0.42840000000000006,2.2,1.0,2.0,1.0,1.1,0.18000000000000008,1.0,0.0,1.0,1.0,0.1,0.18000000000000002,0.0,0.0,5.0,5.0,0.5,0.9,0.0,0.0,0.0,0.0,0.0,0.0,0.0,1.0,6.0,5.0,1.7,1.1199999999999999,1.0,0.0,1.0,1.0,0.9,0.18,1.0,0.0,5.0,5.0,0.5,0.9,0.0,0.0,5.0,5.0,0.5,0.9,0.0,0.0,0.0,0.0,0.0,0.0,0.0,1.0,6.0,5.0,1.9,1.44,1.0,6.615,16.5933333333,9.978333333299998,10.05466666666,4.1275999999919994,6.615,0.0,7.853,7.853,4.711799999999999,3.7694400000000003,7.853,0.0,0.0,0.0,0.0,0.0,0.0,194.0,229.0,35.0,207.6,16.32,194.0,-6.975431756762727,-3.3200597092765936,1,0.6146079111727967
Li2CrAlH6,1.0,24.0,23.0,4.9,5.44,1.0,1.0,92.0,91.0,67.6,30.360000000000003,92.0,1.00794,51.9961,50.98816,9.890727860000002,11.839236576000001,1.00794,14.01,2180.0,2165.99,410.4910000000001,475.7772,14.01,1.0,13.0,12.0,2.7,2.72,1.0,1.0,4.0,3.0,1.7,0.8399999999999999,1.0,31.0,139.0,108.0,70.2,47.04,31.0,0.98,2.2,1.2200000000000002,1.843,0.42840000000000006,2.2,1.0,2.0,1.0,1.1,0.18000000000000008,1.0,0.0,1.0,1.0,0.1,0.18000000000000002,0.0,0.0,5.0,5.0,0.5,0.9,0.0,0.0,0.0,0.0,0.0,0.0,0.0,1.0,6.0,5.0,1.7,1.1199999999999999,1.0,0.0,1.0,1.0,0.9,0.18,1.0,0.0,5.0,5.0,0.5,0.9,0.0,0.0,5.0,5.0,0.5,0.9,0.0,0.0,0.0,0.0,0.0,0.0,0.0,1.0,6.0,5.0,1.9,1.44,1.0,6.615,16.5933333333,9.978333333299998,10.05466666666,4.1275999999919994,6.615,0.0,7.853,7.853,4.711799999999999,3.7694400000000003,7.853,0.0,0.0,0.0,0.0,0.0,0.0,194.0,229.0,35.0,207.6,16.32,194.0,-6.975431756762727,-3.3200597092765936,1,0.6146079111727967
Mg2CuScH6,1.0,29.0,28.0,8.0,8.4,1.0,11.0,92.0,81.0,76.3,18.84,92.0,1.00794,63.546,62.53806,16.3159552,18.36961824,1.00794,14.01,1814.0,1799.99,510.1830000000001,595.4076,14.01,1.0,11.0,10.0,2.4,1.8399999999999999,1.0,1.0,4.0,3.0,2.0,1.2,1.0,31.0,170.0,139.0,77.0,55.2,31.0,1.31,2.2,0.8900000000000001,1.9080000000000001,0.35040000000000004,2.2,1.0,2.0,1.0,1.3,0.42000000000000004,1.0,0.0,0.0,0.0,0.0,0.0,0.0,0.0,10.0,10.0,1.1,1.78,0.0,0.0,0.0,0.0,0.0,0.0,0.0,1.0,11.0,10.0,2.4,1.8399999999999999,1.0,0.0,1.0,1.0,0.7,0.42000000000000004,1.0,0.0,0.0,0.0,0.0,0.0,0.0,0.0,9.0,9.0,0.9,1.6200000000000003,0.0,0.0,0.0,0.0,0.0,0.0,0.0,0.0,9.0,9.0,1.6,1.48,1.0,6.615,22.89,16.275,11.877500000000001,6.4765,6.615,0.0,7.853,7.853,4.711799999999999,3.7694400000000003,7.853,0.0,6.35e-06,6.35e-06,6.350000000000001e-07,1.1430000000000001e-06,0.0,194.0,225.0,31.0,197.1,5.579999999999996,194.0,-8.976927164883744,-1.104133896245961,1,0.5866364495783164
Mg2ScCuH6,1.0,29.0,28.0,8.0,8.4,1.0,11.0,92.0,81.0,76.3,18.84,92.0,1.00794,63.546,62.53806,16.315955199999998,18.36961824,1.00794,14.01,1814.0,1799.99,510.1830000000001,595.4076000000001,14.01,1.0,11.0,10.0,2.4,1.8399999999999999,1.0,1.0,4.0,3.0,2.0,1.2,1.0,31.0,170.0,139.0,77.0,55.2,31.0,1.31,2.2,0.8900000000000001,1.9080000000000001,0.35040000000000004,2.2,1.0,2.0,1.0,1.3,0.41999999999999993,1.0,0.0,0.0,0.0,0.0,0.0,0.0,0.0,10.0,10.0,1.1,1.78,0.0,0.0,0.0,0.0,0.0,0.0,0.0,1.0,11.0,10.0,2.4,1.8399999999999999,1.0,0.0,1.0,1.0,0.7,0.41999999999999993,1.0,0.0,0.0,0.0,0.0,0.0,0.0,0.0,9.0,9.0,0.9,1.6200000000000003,0.0,0.0,0.0,0.0,0.0,0.0,0.0,0.0,9.0,9.0,1.6,1.48,1.0,6.615,22.89,16.275,11.877500000000001,6.4765,6.615,0.0,7.853,7.853,4.711799999999999,3.7694400000000003,7.853,0.0,6.35e-06,6.35e-06,6.350000000000001e-07,1.1430000000000001e-06,0.0,194.0,225.0,31.0,197.1,5.579999999999996,194.0,-8.976927164883744,-1.1041338962459608,1,0.5866364495783164
Mg2VZnH6,1.0,30.0,29.0,8.3,8.76,1.0,46.0,92.0,46.0,80.3,14.040000000000001,92.0,1.00794,65.38,64.37205999999999,17.097914,19.307968799999998,1.00794,14.01,2183.0,2168.99,480.57400000000007,559.8768,14.01,1.0,12.0,11.0,2.7,2.3200000000000003,1.0,1.0,4.0,3.0,2.0,1.2,1.0,31.0,153.0,122.0,74.3,51.959999999999994,31.0,1.31,2.2,0.8900000000000001,1.9100000000000001,0.3480000000000001,2.2,1.0,2.0,1.0,1.4,0.48,1.0,0.0,0.0,0.0,0.0,0.0,0.0,0.0,10.0,10.0,1.3,2.08,0.0,0.0,0.0,0.0,0.0,0.0,0.0,1.0,12.0,11.0,2.7,2.3200000000000003,1.0,0.0,1.0,1.0,0.6,0.4800000000000001,1.0,0.0,0.0,0.0,0.0,0.0,0.0,0.0,7.0,7.0,0.7,1.2599999999999998,0.0,0.0,0.0,0.0,0.0,0.0,0.0,0.0,7.0,7.0,1.3,1.1400000000000001,1.0,6.615,22.89,16.275,11.244,5.5548,6.615,0.0,7.853,7.853,4.711799999999999,3.7694400000000003,7.853,0.0,0.0,0.0,0.0,0.0,0.0,194.0,229.0,35.0,197.5,6.3,194.0,-8.08764333658392,-1.7595143634762473,1,0.5760799240141408
Mg2ZnVH6,1.0,30.0,29.0,8.3,8.76,1.0,46.0,92.0,46.0,80.3,14.040000000000001,92.0,1.00794,65.38,64.37205999999999,17.097914,19.307968799999998,1.00794,14.01,2183.0,2168.99,480.57400000000007,559.8768,14.01,1.0,12.0,11.0,2.7,2.3200000000000003,1.0,1.0,4.0,3.0,2.0,1.2,1.0,31.0,153.0,122.0,74.3,51.959999999999994,31.0,1.31,2.2,0.8900000000000001,1.9100000000000001,0.3480000000000001,2.2,1.0,2.0,1.0,1.4,0.48,1.0,0.0,0.0,0.0,0.0,0.0,0.0,0.0,10.0,10.0,1.3,2.0799999999999996,0.0,0.0,0.0,0.0,0.0,0.0,0.0,1.0,12.0,11.0,2.7,2.3200000000000003,1.0,0.0,1.0,1.0,0.6,0.4800000000000001,1.0,0.0,0.0,0.0,0.0,0.0,0.0,0.0,7.0,7.0,0.7,1.2599999999999998,0.0,0.0,0.0,0.0,0.0,0.0,0.0,0.0,7.0,7.0,1.3,1.1400000000000001,1.0,6.615,22.89,16.275,11.244,5.5548,6.615,0.0,7.853,7.853,4.711799999999999,3.7694400000000003,7.853,0.0,0.0,0.0,0.0,0.0,0.0,194.0,229.0,35.0,197.5,6.3,194.0,-8.08764333658392,-1.7595143634762473,1,0.5760799240141408
Mg2TiCrH6,1.0,24.0,23.0,7.6,7.919999999999999,1.0,43.0,92.0,49.0,78.0,16.8,92.0,1.00794,51.9961,50.98816,15.452074,17.332960800000002,1.00794,14.01,2180.0,2165.99,605.106,709.3152,14.01,1.0,6.0,5.0,2.0,1.2,1.0,1.0,4.0,3.0,2.0,1.2,1.0,31.0,160.0,129.0,76.7,54.84000000000001,31.0,1.31,2.2,0.8900000000000001,1.9020000000000004,0.35760000000000003,2.2,1.0,2.0,1.0,1.3,0.41999999999999993,1.0,0.0,0.0,0.0,0.0,0.0,0.0,0.0,5.0,5.0,0.7,1.1199999999999999,0.0,0.0,0.0,0.0,0.0,0.0,0.0,1.0,6.0,5.0,2.0,1.2,1.0,0.0,1.0,1.0,0.7,0.41999999999999993,1.0,0.0,0.0,0.0,0.0,0.0,0.0,0.0,8.0,8.0,1.3,2.08,0.0,0.0,0.0,0.0,0.0,0.0,0.0,0.0,8.0,8.0,2.0,2.0,1.0,6.615,22.89,16.275,11.334999999999999,5.693,6.615,0.0,7.853,7.853,4.711799999999999,3.7694400000000003,7.853,0.0,2.25333333333e-05,2.25333333333e-05,2.25333333333e-06,4.055999999994e-06,0.0,194.0,229.0,35.0,197.5,6.3,194.0,-9.449215323474258,-1.8593248379678065,1,0.5680634637030562
Mg2CrTiH6,1.0,24.0,23.0,7.6,7.919999999999999,1.0,43.0,92.0,49.0,78.0,16.8,92.0,1.00794,51.9961,50.98816,15.452074,17.332960800000002,1.00794,14.01,2180.0,2165.99,605.106,709.3152,14.01,1.0,6.0,5.0,2.0,1.2,1.0,1.0,4.0,3.0,2.0,1.2,1.0,31.0,160.0,129.0,76.7,54.84000000000001,31.0,1.31,2.2,0.8900000000000001,1.9020000000000004,0.35760000000000003,2.2,1.0,2.0,1.0,1.3,0.42000000000000004,1.0,0.0,0.0,0.0,0.0,0.0,0.0,0.0,5.0,5.0,0.7,1.1199999999999999,0.0,0.0,0.0,0.0,0.0,0.0,0.0,1.0,6.0,5.0,2.0,1.2,1.0,0.0,1.0,1.0,0.7,0.42000000000000004,1.0,0.0,0.0,0.0,0.0,0.0,0.0,0.0,8.0,8.0,1.3,2.08,0.0,0.0,0.0,0.0,0.0,0.0,0.0,0.0,8.0,8.0,2.0,2.0,1.0,6.615,22.89,16.275,11.334999999999999,5.693,6.615,0.0,7.853,7.853,4.711799999999999,3.7694400000000003,7.853,0.0,2.25333333333e-05,2.25333333333e-05,2.25333333333e-06,4.055999999993999e-06,0.0,194.0,229.0,35.0,197.5,6.3,194.0,-9.449215323474258,-1.8593248379678065,1,0.5680634637030562
Mg2CuAlH6,1.0,29.0,28.0,7.2,7.44,1.0,64.0,92.0,28.0,82.5,11.4,92.0,1.00794,63.546,62.53806,14.51851786,16.212693432000002,1.00794,14.01,1357.77,1343.76,422.13,489.744,14.01,1.0,13.0,12.0,3.4,3.44,1.0,1.0,4.0,3.0,1.9,1.08,1.0,31.0,141.0,110.0,72.1,49.32,31.0,1.31,2.2,0.8900000000000001,1.9330000000000003,0.3204000000000001,2.2,1.0,2.0,1.0,1.3,0.42000000000000004,1.0,0.0,1.0,1.0,0.1,0.18000000000000002,0.0,0.0,10.0,10.0,1.0,1.8,0.0,0.0,0.0,0.0,0.0,0.0,0.0,1.0,11.0,10.0,2.4,1.8399999999999999,1.0,0.0,1.0,1.0,0.7,0.42000000000000004,1.0,0.0,5.0,5.0,0.5,0.9,0.0,0.0,0.0,0.0,0.0,0.0,0.0,0.0,0.0,0.0,0.0,0.0,0.0,0.0,5.0,5.0,1.2,0.76,1.0,6.615,22.89,16.275,11.302,5.6708,6.615,0.0,7.853,7.853,4.711799999999999,3.7694400000000003,7.853,0.0,0.0,0.0,0.0,0.0,0.0,194.0,225.0,31.0,200.2,9.919999999999993,194.0,-5.8483325781636974,-3.7370086175719344,1,0.5572870566944007
Mg2AlCuH6,1.0,29.0,28.0,7.2,7.44,1.0,64.0,92.0,28.0,82.5,11.4,92.0,1.00794,63.546,62.53806,14.51851786,16.212693432000002,1.00794,14.01,1357.77,1343.76,422.13,489.744,14.01,1.0,13.0,12.0,3.4,3.44,1.0,1.0,4.0,3.0,1.9,1.08,1.0,31.0,141.0,110.0,72.1,49.32,31.0,1.31,2.2,0.8900000000000001,1.9330000000000003,0.3204000000000001,2.2,1.0,2.0,1.0,1.3,0.41999999999999993,1.0,0.0,1.0,1.0,0.1,0.18000000000000002,0.0,0.0,10.0,10.0,1.0,1.8,0.0,0.0,0.0,0.0,0.0,0.0,0.0,1.0,11.0,10.0,2.4,1.8399999999999999,1.0,0.0,1.0,1.0,0.7,0.41999999999999993,1.0,0.0,5.0,5.0,0.5,0.9,0.0,0.0,0.0,0.0,0.0,0.0,0.0,0.0,0.0,0.0,0.0,0.0,0.0,0.0,5.0,5.0,1.2,0.76,1.0,6.615,22.89,16.275,11.302000000000001,5.670800000000001,6.615,0.0,7.853,7.853,4.711799999999999,3.7694400000000003,7.853,0.0,0.0,0.0,0.0,0.0,0.0,194.0,225.0,31.0,200.2,9.919999999999993,194.0,-5.8483325781636974,-3.7370086175719344,1,0.5572870566944007
Mg2TiCuH6,1.0,29.0,28.0,8.1,8.52,1.0,43.0,92.0,49.0,79.5,15.0,92.0,1.00794,63.546,62.53806,16.607064,18.7189488,1.00794,14.01,1941.0,1926.99,522.883,610.6476,14.01,1.0,11.0,10.0,2.5,2.0,1.0,1.0,4.0,3.0,2.0,1.2,1.0,31.0,160.0,129.0,76.0,54.0,31.0,1.31,2.2,0.8900000000000001,1.9260000000000002,0.3288000000000001,2.2,1.0,2.0,1.0,1.3,0.41999999999999993,1.0,0.0,0.0,0.0,0.0,0.0,0.0,0.0,10.0,10.0,1.2,1.92,0.0,0.0,0.0,0.0,0.0,0.0,0.0,1.0,11.0,10.0,2.5,2.0,1.0,0.0,1.0,1.0,0.7,0.41999999999999993,1.0,0.0,0.0,0.0,0.0,0.0,0.0,0.0,8.0,8.0,0.8,1.4400000000000002,0.0,0.0,0.0,0.0,0.0,0.0,0.0,0.0,8.0,8.0,1.5,1.3,1.0,6.615,22.89,16.275,11.322999999999999,5.7002,6.615,0.0,7.853,7.853,4.711799999999999,3.7694400000000003,7.853,0.0,2.25333333333e-05,2.25333333333e-05,2.25333333333e-06,4.055999999994e-06,0.0,194.0,225.0,31.0,197.1,5.579999999999996,194.0,-8.613140715068914,-1.5892376673883348,1,0.5563621311336755
Mg2CuTiH6,1.0,29.0,28.0,8.1,8.52,1.0,43.0,92.0,49.0,79.5,15.0,92.0,1.00794,63.546,62.53806,16.607064,18.7189488,1.00794,14.01,1941.0,1926.99,522.883,610.6476,14.01,1.0,11.0,10.0,2.5,2.0,1.0,1.0,4.0,3.0,2.0,1.2,1.0,31.0,160.0,129.0,76.0,54.0,31.0,1.31,2.2,0.8900000000000001,1.9260000000000002,0.3288000000000001,2.2,1.0,2.0,1.0,1.3,0.42000000000000004,1.0,0.0,0.0,0.0,0.0,0.0,0.0,0.0,10.0,10.0,1.2,1.9200000000000004,0.0,0.0,0.0,0.0,0.0,0.0,0.0,1.0,11.0,10.0,2.5,2.0,1.0,0.0,1.0,1.0,0.7,0.42000000000000004,1.0,0.0,0.0,0.0,0.0,0.0,0.0,0.0,8.0,8.0,0.8,1.4400000000000002,0.0,0.0,0.0,0.0,0.0,0.0,0.0,0.0,8.0,8.0,1.5,1.3,1.0,6.615,22.89,16.275,11.323,5.700200000000001,6.615,0.0,7.853,7.853,4.711799999999999,3.7694400000000003,7.853,0.0,2.25333333333e-05,2.25333333333e-05,2.25333333333e-06,4.055999999993999e-06,0.0,194.0,225.0,31.0,197.1,5.579999999999996,194.0,-8.613140715068914,-1.5892376673883346,1,0.5563621311336755
Mg2ScTiH6,1.0,22.0,21.0,7.3,7.56,1.0,11.0,92.0,81.0,74.2,21.36,92.0,1.00794,47.867,46.85906,14.7480552,16.48813824,1.00794,14.01,1941.0,1926.99,568.5060000000001,665.3952,14.01,1.0,4.0,3.0,1.7,0.8399999999999999,1.0,1.0,4.0,3.0,2.0,1.2,1.0,31.0,170.0,139.0,79.8,58.55999999999999,31.0,1.31,2.2,0.8900000000000001,1.8720000000000003,0.3936,2.2,1.0,2.0,1.0,1.4,0.48,1.0,0.0,0.0,0.0,0.0,0.0,0.0,0.0,2.0,2.0,0.3,0.48,0.0,0.0,0.0,0.0,0.0,0.0,0.0,1.0,4.0,3.0,1.7,0.8399999999999999,1.0,0.0,1.0,1.0,0.6,0.4800000000000001,1.0,0.0,0.0,0.0,0.0,0.0,0.0,0.0,9.0,9.0,1.7,2.7199999999999998,0.0,0.0,0.0,0.0,0.0,0.0,0.0,0.0,9.0,9.0,2.3,2.4799999999999995,1.0,6.615,22.89,16.275,12.439499999999999,6.989399999999999,6.615,0.0,7.853,7.853,4.711799999999999,3.7694400000000003,7.853,0.0,2.25333333333e-05,2.25333333333e-05,2.8883333333300003e-06,4.621333333328001e-06,0.0,194.0,194.0,0.0,194.0,0.0,194.0,-10.043632200703795,-1.5712609301273672,1,0.5550975375931917
Mg2TiScH6,1.0,22.0,21.0,7.3,7.56,1.0,11.0,92.0,81.0,74.2,21.36,92.0,1.00794,47.867,46.85906,14.7480552,16.48813824,1.00794,14.01,1941.0,1926.99,568.5060000000001,665.3952,14.01,1.0,4.0,3.0,1.7,0.8399999999999999,1.0,1.0,4.0,3.0,2.0,1.2,1.0,31.0,170.0,139.0,79.8,58.55999999999999,31.0,1.31,2.2,0.8900000000000001,1.8720000000000003,0.3936,2.2,1.0,2.0,1.0,1.4,0.48,1.0,0.0,0.0,0.0,0.0,0.0,0.0,0.0,2.0,2.0,0.3,0.48,0.0,0.0,0.0,0.0,0.0,0.0,0.0,1.0,4.0,3.0,1.7,0.8399999999999999,1.0,0.0,1.0,1.0,0.6,0.4800000000000001,1.0,0.0,0.0,0.0,0.0,0.0,0.0,0.0,9.0,9.0,1.7,2.7199999999999998,0.0,0.0,0.0,0.0,0.0,0.0,0.0,0.0,9.0,9.0,2.3,2.4799999999999995,1.0,6.615,22.89,16.275,12.439499999999999,6.989399999999999,6.615,0.0,7.853,7.853,4.711799999999999,3.7694400000000003,7.853,0.0,2.25333333333e-05,2.25333333333e-05,2.8883333333300003e-06,4.621333333328001e-06,0.0,194.0,194.0,0.0,194.0,0.0,194.0,-10.043632200703795,-1.5712609301273672,1,0.5550975375931917
Mg2AlTiH6,1.0,22.0,21.0,6.5,6.6,1.0,43.0,92.0,49.0,80.4,13.919999999999998,92.0,1.00794,47.867,46.85906,12.95061786,14.331213431999998,1.00794,14.01,1941.0,1926.99,480.4530000000001,559.7316000000001,14.01,1.0,13.0,12.0,2.7,2.3200000000000003,1.0,1.0,4.0,3.0,1.9,1.08,1.0,31.0,160.0,129.0,74.9,52.67999999999999,31.0,1.31,2.2,0.8900000000000001,1.8970000000000002,0.36360000000000003,2.2,1.0,2.0,1.0,1.4,0.48,1.0,0.0,1.0,1.0,0.1,0.18000000000000002,0.0,0.0,2.0,2.0,0.2,0.36000000000000004,0.0,0.0,0.0,0.0,0.0,0.0,0.0,1.0,4.0,3.0,1.7,0.8399999999999999,1.0,0.0,1.0,1.0,0.6,0.4800000000000001,1.0,0.0,5.0,5.0,0.5,0.9,0.0,0.0,8.0,8.0,0.8,1.4400000000000002,0.0,0.0,0.0,0.0,0.0,0.0,0.0,0.0,8.0,8.0,1.9,1.8399999999999999,1.0,6.615,22.89,16.275,11.864,6.2988,6.615,0.0,7.853,7.853,4.711799999999999,3.7694400000000003,7.853,0.0,2.25333333333e-05,2.25333333333e-05,2.25333333333e-06,4.055999999993999e-06,0.0,194.0,225.0,31.0,197.1,5.579999999999996,194.0,-6.598206090914326,-3.4764619174366094,1,0.5483679899180844
Mg2TiAlH6,1.0,22.0,21.0,6.5,6.6,1.0,43.0,92.0,49.0,80.4,13.919999999999998,92.0,1.00794,47.867,46.85906,12.95061786,14.331213431999998,1.00794,14.01,1941.0,1926.99,480.4530000000001,559.7316,14.01,1.0,13.0,12.0,2.7,2.3200000000000003,1.0,1.0,4.0,3.0,1.9,1.08,1.0,31.0,160.0,129.0,74.9,52.67999999999999,31.0,1.31,2.2,0.8900000000000001,1.8970000000000002,0.36360000000000003,2.2,1.0,2.0,1.0,1.4,0.48,1.0,0.0,1.0,1.0,0.1,0.18000000000000002,0.0,0.0,2.0,2.0,0.2,0.36000000000000004,0.0,0.0,0.0,0.0,0.0,0.0,0.0,1.0,4.0,3.0,1.7,0.8399999999999999,1.0,0.0,1.0,1.0,0.6,0.4800000000000001,1.0,0.0,5.0,5.0,0.5,0.9,0.0,0.0,8.0,8.0,0.8,1.4400000000000002,0.0,0.0,0.0,0.0,0.0,0.0,0.0,0.0,8.0,8.0,1.9,1.8399999999999999,1.0,6.615,22.89,16.275,11.864,6.2988,6.615,0.0,7.853,7.853,4.711799999999999,3.7694400000000003,7.853,0.0,2.25333333333e-05,2.25333333333e-05,2.25333333333e-06,4.055999999994e-06,0.0,194.0,225.0,31.0,197.1,5.579999999999996,194.0,-6.598206090914326,-3.4764619174366094,1,0.5483679899180844
Mg2AlZnH6,1.0,30.0,29.0,7.3,7.56,1.0,68.0,92.0,24.0,83.0,10.8,92.0,1.00794,65.38,64.37205999999999,14.70191786,16.432773431999998,1.00794,14.01,933.47,919.46,355.621,409.93320000000006,14.01,1.0,13.0,12.0,3.5,3.6,1.0,1.0,4.0,3.0,1.9,1.08,1.0,31.0,141.0,110.0,71.1,48.12,31.0,1.31,2.2,0.8900000000000001,1.9080000000000001,0.35040000000000004,2.2,1.0,2.0,1.0,1.4,0.48,1.0,0.0,1.0,1.0,0.1,0.18000000000000002,0.0,0.0,10.0,10.0,1.0,1.8,0.0,0.0,0.0,0.0,0.0,0.0,0.0,1.0,12.0,11.0,2.5,2.0,1.0,0.0,1.0,1.0,0.6,0.4800000000000001,1.0,0.0,5.0,5.0,0.5,0.9,0.0,0.0,0.0,0.0,0.0,0.0,0.0,0.0,0.0,0.0,0.0,0.0,0.0,0.0,5.0,5.0,1.1,0.78,1.0,6.615,22.89,16.275,11.591,5.9712,6.615,0.0,7.853,7.853,4.711799999999999,3.7694400000000003,7.853,0.0,0.0,0.0,0.0,0.0,0.0,194.0,225.0,31.0,197.1,5.579999999999996,194.0,-5.600028976696932,-3.6839544495647734,1,0.5320086589021567
Mg2ZnAlH6,1.0,30.0,29.0,7.3,7.56,1.0,68.0,92.0,24.0,83.0,10.8,92.0,1.00794,65.38,64.37205999999999,14.70191786,16.432773431999998,1.00794,14.01,933.47,919.46,355.621,409.93320000000006,14.01,1.0,13.0,12.0,3.5,3.6,1.0,1.0,4.0,3.0,1.9,1.08,1.0,31.0,141.0,110.0,71.1,48.12,31.0,1.31,2.2,0.8900000000000001,1.9080000000000001,0.35040000000000004,2.2,1.0,2.0,1.0,1.4,0.48,1.0,0.0,1.0,1.0,0.1,0.18000000000000002,0.0,0.0,10.0,10.0,1.0,1.8,0.0,0.0,0.0,0.0,0.0,0.0,0.0,1.0,12.0,11.0,2.5,2.0,1.0,0.0,1.0,1.0,0.6,0.4800000000000001,1.0,0.0,5.0,5.0,0.5,0.9,0.0,0.0,0.0,0.0,0.0,0.0,0.0,0.0,0.0,0.0,0.0,0.0,0.0,0.0,5.0,5.0,1.1,0.78,1.0,6.615,22.89,16.275,11.591,5.9712000000000005,6.615,0.0,7.853,7.853,4.711799999999999,3.7694400000000003,7.853,0.0,0.0,0.0,0.0,0.0,0.0,194.0,225.0,31.0,197.1,5.579999999999996,194.0,-5.600028976696932,-3.6839544495647734,1,0.5320086589021567
Mg2ZnScH6,1.0,30.0,29.0,8.1,8.52,1.0,11.0,92.0,81.0,76.8,18.240000000000002,92.0,1.00794,65.38,64.37205999999999,16.4993552,18.58969824,1.00794,14.01,1814.0,1799.99,443.6740000000001,515.5968,14.01,1.0,12.0,11.0,2.5,2.0,1.0,1.0,4.0,3.0,2.0,1.2,1.0,31.0,170.0,139.0,76.0,54.0,31.0,1.31,2.2,0.8900000000000001,1.8830000000000002,0.3804,2.2,1.0,2.0,1.0,1.4,0.48,1.0,0.0,0.0,0.0,0.0,0.0,0.0,0.0,10.0,10.0,1.1,1.78,0.0,0.0,0.0,0.0,0.0,0.0,0.0,1.0,12.0,11.0,2.5,2.0,1.0,0.0,1.0,1.0,0.6,0.4800000000000001,1.0,0.0,0.0,0.0,0.0,0.0,0.0,0.0,9.0,9.0,0.9,1.6200000000000003,0.0,0.0,0.0,0.0,0.0,0.0,0.0,0.0,9.0,9.0,1.5,1.5,1.0,6.615,22.89,16.275,12.1665,6.6617999999999995,6.615,0.0,7.853,7.853,4.711799999999999,3.7694400000000003,7.853,0.0,6.35e-06,6.35e-06,6.350000000000001e-07,1.1430000000000001e-06,0.0,194.0,194.0,0.0,194.0,0.0,194.0,-8.654095568657114,-1.1897366629261295,1,0.5253979614245982
Mg2ScZnH6,1.0,30.0,29.0,8.1,8.52,1.0,11.0,92.0,81.0,76.8,18.240000000000002,92.0,1.00794,65.38,64.37205999999999,16.4993552,18.58969824,1.00794,14.01,1814.0,1799.99,443.6740000000001,515.5968,14.01,1.0,12.0,11.0,2.5,2.0,1.0,1.0,4.0,3.0,2.0,1.2,1.0,31.0,170.0,139.0,76.0,54.0,31.0,1.31,2.2,0.8900000000000001,1.8830000000000002,0.3804,2.2,1.0,2.0,1.0,1.4,0.48,1.0,0.0,0.0,0.0,0.0,0.0,0.0,0.0,10.0,10.0,1.1,1.78,0.0,0.0,0.0,0.0,0.0,0.0,0.0,1.0,12.0,11.0,2.5,2.0,1.0,0.0,1.0,1.0,0.6,0.4800000000000001,1.0,0.0,0.0,0.0,0.0,0.0,0.0,0.0,9.0,9.0,0.9,1.6200000000000003,0.0,0.0,0.0,0.0,0.0,0.0,0.0,0.0,9.0,9.0,1.5,1.5,1.0,6.615,22.89,16.275,12.1665,6.6617999999999995,6.615,0.0,7.853,7.853,4.711799999999999,3.7694400000000003,7.853,0.0,6.35e-06,6.35e-06,6.350000000000001e-07,1.1430000000000001e-06,0.0,194.0,194.0,0.0,194.0,0.0,194.0,-8.654095568657114,-1.1897366629261295,1,0.5253979614245982
Mg2TiZnH6,1.0,30.0,29.0,8.2,8.64,1.0,43.0,92.0,49.0,80.0,14.4,92.0,1.00794,65.38,64.37205999999999,16.790464,18.9390288,1.00794,14.01,1941.0,1926.99,456.3740000000001,530.8368,14.01,1.0,12.0,11.0,2.6,2.16,1.0,1.0,4.0,3.0,2.0,1.2,1.0,31.0,160.0,129.0,75.0,52.8,31.0,1.31,2.2,0.8900000000000001,1.9010000000000002,0.35880000000000006,2.2,1.0,2.0,1.0,1.4,0.48,1.0,0.0,0.0,0.0,0.0,0.0,0.0,0.0,10.0,10.0,1.2,1.92,0.0,0.0,0.0,0.0,0.0,0.0,0.0,1.0,12.0,11.0,2.6,2.16,1.0,0.0,1.0,1.0,0.6,0.4800000000000001,1.0,0.0,0.0,0.0,0.0,0.0,0.0,0.0,8.0,8.0,0.8,1.4400000000000002,0.0,0.0,0.0,0.0,0.0,0.0,0.0,0.0,8.0,8.0,1.4,1.3199999999999998,1.0,6.615,22.89,16.275,11.612,5.9963999999999995,6.615,0.0,7.853,7.853,4.711799999999999,3.7694400000000003,7.853,0.0,2.25333333333e-05,2.25333333333e-05,2.25333333333e-06,4.055999999994e-06,0.0,194.0,194.0,0.0,194.0,0.0,194.0,-8.291826945923333,-1.6734113787541396,1,0.5165166286306235
Mg2ZnTiH6,1.0,30.0,29.0,8.2,8.64,1.0,43.0,92.0,49.0,80.0,14.4,92.0,1.00794,65.38,64.37205999999999,16.790464,18.9390288,1.00794,14.01,1941.0,1926.99,456.3740000000001,530.8368,14.01,1.0,12.0,11.0,2.6,2.16,1.0,1.0,4.0,3.0,2.0,1.2,1.0,31.0,160.0,129.0,75.0,52.8,31.0,1.31,2.2,0.8900000000000001,1.9010000000000002,0.35880000000000006,2.2,1.0,2.0,1.0,1.4,0.48,1.0,0.0,0.0,0.0,0.0,0.0,0.0,0.0,10.0,10.0,1.2,1.9200000000000004,0.0,0.0,0.0,0.0,0.0,0.0,0.0,1.0,12.0,11.0,2.6,2.16,1.0,0.0,1.0,1.0,0.6,0.4800000000000001,1.0,0.0,0.0,0.0,0.0,0.0,0.0,0.0,8.0,8.0,0.8,1.4400000000000002,0.0,0.0,0.0,0.0,0.0,0.0,0.0,0.0,8.0,8.0,1.4,1.3199999999999998,1.0,6.615,22.89,16.275,11.612,5.9964,6.615,0.0,7.853,7.853,4.711799999999999,3.7694400000000003,7.853,0.0,2.25333333333e-05,2.25333333333e-05,2.25333333333e-06,4.055999999993999e-06,0.0,194.0,194.0,0.0,194.0,0.0,194.0,-8.291826945923333,-1.6734113787541396,1,0.5165166286306235
Mg2ZnCuH6,1.0,30.0,29.0,8.9,9.48,1.0,64.0,92.0,28.0,82.1,11.88,92.0,1.00794,65.38,64.37205999999999,18.358364,20.8205088,1.00794,14.01,1357.77,1343.76,398.051,460.8492,14.01,1.0,12.0,11.0,3.3,3.28,1.0,1.0,4.0,3.0,2.0,1.2,1.0,31.0,141.0,110.0,72.2,49.44,31.0,1.31,2.2,0.8900000000000001,1.937,0.3156000000000001,2.2,1.0,2.0,1.0,1.3,0.41999999999999993,1.0,0.0,0.0,0.0,0.0,0.0,0.0,0.0,10.0,10.0,2.0,3.2,0.0,0.0,0.0,0.0,0.0,0.0,0.0,1.0,12.0,11.0,3.3,3.28,1.0,0.0,1.0,1.0,0.7,0.41999999999999993,1.0,0.0,0.0,0.0,0.0,0.0,0.0,0.0,0.0,0.0,0.0,0.0,0.0,0.0,0.0,0.0,0.0,0.0,0.0,0.0,1.0,1.0,0.7,0.41999999999999993,1.0,6.615,22.89,16.275,11.05,5.322,6.615,0.0,7.853,7.853,4.711799999999999,3.7694400000000003,7.853,0.0,0.0,0.0,0.0,0.0,0.0,194.0,225.0,31.0,197.1,5.579999999999996,194.0,-7.374507499151988,-2.596882138360221,0,0.4858887613399473
Mg2CuZnH6,1.0,30.0,29.0,8.9,9.48,1.0,64.0,92.0,28.0,82.1,11.88,92.0,1.00794,65.38,64.37205999999999,18.358364,20.8205088,1.00794,14.01,1357.77,1343.76,398.051,460.8492,14.01,1.0,12.0,11.0,3.3,3.28,1.0,1.0,4.0,3.0,2.0,1.2,1.0,31.0,141.0,110.0,72.2,49.44,31.0,1.31,2.2,0.8900000000000001,1.937,0.3156000000000001,2.2,1.0,2.0,1.0,1.3,0.42000000000000004,1.0,0.0,0.0,0.0,0.0,0.0,0.0,0.0,10.0,10.0,2.0,3.2,0.0,0.0,0.0,0.0,0.0,0.0,0.0,1.0,12.0,11.0,3.3,3.28,1.0,0.0,1.0,1.0,0.7,0.42000000000000004,1.0,0.0,0.0,0.0,0.0,0.0,0.0,0.0,0.0,0.0,0.0,0.0,0.0,0.0,0.0,0.0,0.0,0.0,0.0,0.0,1.0,1.0,0.7,0.42000000000000004,1.0,6.615,22.89,16.275,11.05,5.322,6.615,0.0,7.853,7.853,4.711799999999999,3.7694400000000003,7.853,0.0,0.0,0.0,0.0,0.0,0.0,194.0,225.0,31.0,197.1,5.579999999999996,194.0,-7.374507499151988,-2.596882138360221,0,0.4858887613399473
